udi,machine_failure,proba_LogReg (balanced),proba_RandomForest (balanced),proba_HistGradientBoosting
1,0,0.04537,0.005,7e-05
2,0,0.04254,0.0,2e-05
3,0,0.20809,0.0175,7e-05
4,0,0.01198,0.0075,3e-05
5,0,0.00996,0.0,3e-05
6,0,0.01468,0.0,3e-05
7,0,0.07831,0.0,1e-05
8,0,0.03718,0.0,5e-05
9,0,0.00728,0.0,0.0001
10,0,0.01184,0.0025,9e-05
11,0,0.00617,0.005,1e-05
12,0,0.02154,0.0175,0.00031
13,0,0.06439,0.0,8e-05
14,0,0.01961,0.0,4e-05
15,0,0.04504,0.0,9e-05
16,0,0.28162,0.0075,0.00012
17,0,0.01775,0.0,0.00012
18,0,0.0512,0.0025,0.00011
19,0,0.12531,0.01,4e-05
20,0,0.02244,0.0,3e-05
21,0,0.02121,0.005,0.00027
22,0,0.10539,0.0,0.00021
23,0,0.01033,0.0,3e-05
24,0,0.02537,0.005,0.0001
25,0,0.04483,0.0,4e-05
26,0,0.03383,0.0025,0.00623
27,0,0.06363,0.0,0.00017
28,0,0.02689,0.0,1e-05
29,0,0.11433,0.0125,0.0004
30,0,0.04428,0.0,0.00021
31,0,0.0875,0.01,0.00037
32,0,0.04322,0.0025,0.00023
33,0,0.25041,0.0025,0.00065
34,0,0.06711,0.0,0.00012
35,0,0.0365,0.0,2e-05
36,0,0.27923,0.0,0.00029
37,0,0.07633,0.0,0.00011
38,0,0.05495,0.0025,0.00037
39,0,0.22197,0.005,7e-05
40,0,0.40075,0.005,0.00021
41,0,0.11422,0.0025,0.00047
42,0,0.35199,0.0,0.00012
43,0,0.22005,0.0,0.00012
44,0,0.17185,0.0025,0.00016
45,0,0.31345,0.0,0.00011
46,0,0.58177,0.0,6e-05
47,0,0.10068,0.0,5e-05
48,0,0.27179,0.0,0.00022
49,0,0.55271,0.0025,0.00042
50,0,0.14737,0.005,0.00016
51,1,0.9581,0.91,0.79564
52,0,0.74201,0.03,9e-05
53,0,0.28553,0.0,6e-05
54,0,0.12609,0.0,8e-05
55,0,0.1223,0.0075,0.00016
56,0,0.27596,0.0,0.0001
57,0,0.29712,0.0,0.00012
58,0,0.24091,0.0,7e-05
59,0,0.07541,0.0075,0.00038
60,0,0.74249,0.0125,0.00026
61,0,0.69263,0.0025,0.00013
62,0,0.28732,0.0025,5e-05
63,0,0.12212,0.0075,0.00028
64,0,0.16722,0.0125,0.0003
65,0,0.26159,0.0,5e-05
66,0,0.3468,0.0025,0.0005
67,0,0.11214,0.0,0.00025
68,0,0.3195,0.0,0.00025
69,0,0.08474,0.0,9e-05
70,1,0.99068,0.79,0.99924
71,0,0.25147,0.015,0.00013
72,0,0.53572,0.0,0.00062
73,0,0.30951,0.0925,0.00672
74,0,0.28489,0.0225,0.00028
75,0,0.18685,0.02,0.00019
76,0,0.49347,0.13,0.02608
77,0,0.73842,0.06,0.004
78,1,0.34762,0.0125,0.00172
79,0,0.16205,0.0025,2e-05
80,0,0.00846,0.0275,0.00213
81,0,0.11222,0.0,2e-05
82,0,0.12107,0.0025,7e-05
83,0,0.03124,0.0025,9e-05
84,0,0.03321,0.0,3e-05
85,0,0.11869,0.0025,0.00013
86,0,0.02334,0.0,8e-05
87,0,0.04239,0.0075,0.00043
88,0,0.01013,0.0,2e-05
89,0,0.0589,0.02,0.00014
90,0,0.02911,0.0,6e-05
91,0,0.01897,0.005,5e-05
92,0,0.03696,0.0,3e-05
93,0,0.01632,0.0,5e-05
94,0,0.08178,0.0,7e-05
95,0,0.0292,0.0,3e-05
96,0,0.19071,0.0025,6e-05
97,0,0.02654,0.0,4e-05
98,0,0.04714,0.005,3e-05
99,0,0.01776,0.0,4e-05
100,0,0.20701,0.0,0.00013
101,0,0.05114,0.01,5e-05
102,0,0.08546,0.0025,0.0001
103,0,0.13441,0.0,0.0001
104,0,0.03997,0.0025,0.00017
105,0,0.12141,0.0,8e-05
106,0,0.03084,0.0,4e-05
107,0,0.31237,0.025,0.00057
108,0,0.26844,0.0,7e-05
109,0,0.03916,0.0,1e-05
110,0,0.0658,0.0,4e-05
111,0,0.06367,0.0175,0.00015
112,0,0.16066,0.0,3e-05
113,0,0.08298,0.0,4e-05
114,0,0.11091,0.0,0.00012
115,0,0.06757,0.0,8e-05
116,0,0.27016,0.0,0.00018
117,0,0.0799,0.0,4e-05
118,0,0.07623,0.0,9e-05
119,0,0.05289,0.0,0.00015
120,0,0.14375,0.0,0.00012
121,0,0.23921,0.0025,0.00069
122,0,0.32483,0.0,0.00017
123,0,0.32871,0.0025,0.00014
124,0,0.4361,0.0,8e-05
125,0,0.13051,0.0,0.0001
126,0,0.06219,0.0,0.00016
127,0,0.88431,0.04,0.00729
128,0,0.37497,0.0,0.00022
129,0,0.32669,0.0,9e-05
130,0,0.13376,0.0,6e-05
131,0,0.24235,0.0025,0.00022
132,0,0.13781,0.0025,0.00019
133,0,0.21767,0.0,0.00034
134,0,0.54837,0.005,0.00046
135,0,0.70164,0.005,0.0003
136,0,0.10857,0.0025,0.00025
137,0,0.23783,0.0,0.00028
138,0,0.64004,0.0125,0.00017
139,0,0.52943,0.005,0.00032
140,0,0.64519,0.025,0.00015
141,0,0.14774,0.005,0.00024
142,0,0.16843,0.0,7e-05
143,0,0.21004,0.0,0.00012
144,0,0.59134,0.0,7e-05
145,0,0.18135,0.015,0.00027
146,0,0.09438,0.0025,0.00016
147,0,0.26019,0.01,0.0001
148,0,0.35691,0.0025,0.00044
149,0,0.4345,0.01,0.00051
150,0,0.288,0.0,0.00114
151,0,0.33991,0.005,0.00028
152,0,0.15557,0.0375,0.00049
153,0,0.50621,0.0,0.00023
154,0,0.46186,0.035,0.00142
155,0,0.26122,0.0025,0.00059
156,0,0.24011,0.0825,0.01185
157,0,0.71598,0.155,0.00601
158,0,0.47881,0.06,0.00067
159,0,0.39092,0.06,0.01177
160,0,0.77532,0.095,0.01933
161,1,0.94473,0.9175,0.99728
162,1,0.88933,0.6925,0.8686
163,0,0.02771,0.0025,2e-05
164,0,0.05066,0.0025,7e-05
165,0,0.0335,0.0,8e-05
166,0,0.01218,0.0,4e-05
167,0,0.01499,0.0,2e-05
168,0,0.04119,0.01,0.00011
169,1,0.86482,0.48,0.73798
170,0,0.48511,0.0275,0.00099
171,0,0.03724,0.0025,3e-05
172,0,0.34006,0.0,8e-05
173,0,0.02417,0.0,0.00014
174,0,0.01884,0.0,7e-05
175,0,0.42157,0.0075,0.00021
176,0,0.04567,0.0,6e-05
177,0,0.04964,0.0025,3e-05
178,0,0.07247,0.0,8e-05
179,0,0.2911,0.0,0.00019
180,0,0.08193,0.0075,5e-05
181,0,0.35716,0.0025,0.0002
182,0,0.02041,0.0,1e-05
183,0,0.07531,0.015,8e-05
184,0,0.06809,0.0,4e-05
185,0,0.03925,0.0,6e-05
186,0,0.03127,0.0025,0.00015
187,0,0.33439,0.01,0.0002
188,0,0.04304,0.0025,0.00016
189,0,0.04358,0.0,7e-05
190,0,0.16289,0.0,9e-05
191,0,0.42443,0.0025,0.00021
192,0,0.10123,0.0,3e-05
193,0,0.21544,0.0025,0.00043
194,0,0.06441,0.0025,0.00011
195,1,0.821,0.67,0.65752
196,0,0.11179,0.0,0.00012
197,0,0.20105,0.0025,0.00032
198,0,0.1226,0.0,0.0001
199,0,0.06816,0.0,0.00017
200,0,0.25619,0.005,0.00049
201,0,0.10036,0.0,5e-05
202,0,0.25557,0.0,7e-05
203,0,0.12234,0.0,6e-05
204,0,0.07407,0.0,0.00036
205,0,0.22268,0.0,7e-05
206,0,0.39669,0.0125,0.00061
207,0,0.12174,0.0,0.00016
208,1,0.86941,0.39,0.22405
209,0,0.14915,0.0,0.00013
210,0,0.26286,0.0,0.00011
211,0,0.07642,0.0,0.00011
212,0,0.08255,0.0,9e-05
213,0,0.32347,0.0075,0.00045
214,0,0.17464,0.005,0.00073
215,0,0.11247,0.0,9e-05
216,0,0.27293,0.0,7e-05
217,0,0.11563,0.0,0.00012
218,0,0.14238,0.0,8e-05
219,0,0.0728,0.0,0.00023
220,0,0.29695,0.0025,0.00029
221,0,0.7211,0.015,0.00029
222,0,0.07251,0.0,7e-05
223,0,0.12119,0.0225,0.00052
224,0,0.14451,0.0,0.00011
225,0,0.04142,0.005,0.00059
226,0,0.68924,0.04,0.00055
227,0,0.36282,0.005,0.00012
228,0,0.14655,0.0,8e-05
229,0,0.24561,0.0,0.00015
230,0,0.08396,0.0,0.00022
231,0,0.14959,0.0,8e-05
232,0,0.25981,0.005,0.0003
233,0,0.53217,0.0,0.00035
234,0,0.11821,0.0025,7e-05
235,0,0.4267,0.0,0.00015
236,0,0.27547,0.0,5e-05
237,0,0.22496,0.0,0.00016
238,0,0.212,0.01,0.00018
239,0,0.66314,0.0775,0.00033
240,0,0.14558,0.0,0.00084
241,0,0.58546,0.045,0.00045
242,0,0.17567,0.005,0.00016
243,1,0.91958,0.84,0.91399
244,0,0.48969,0.1175,0.02424
245,0,0.57711,0.1175,0.00837
246,0,0.15833,0.07,0.00562
247,0,0.22337,0.2325,0.04779
248,0,0.63876,0.2225,0.01915
249,1,0.90277,0.975,0.99464
250,1,0.92603,0.9075,0.98412
251,0,0.02126,0.0,5e-05
252,0,0.02981,0.0,2e-05
253,0,0.03457,0.0,5e-05
254,0,0.05413,0.0025,0.00014
255,0,0.01967,0.0,2e-05
256,0,0.03387,0.0,2e-05
257,0,0.63222,0.425,0.1462
258,0,0.00998,0.0,0.0001
259,0,0.01795,0.0,6e-05
260,1,0.83936,0.68,0.91893
261,0,0.22895,0.0025,0.00038
262,0,0.02589,0.0,2e-05
263,0,0.01333,0.0,0.0001
264,0,0.01284,0.0,2e-05
265,0,0.09536,0.0025,0.00014
266,0,0.01478,0.0,7e-05
267,0,0.03744,0.0,5e-05
268,0,0.04367,0.0,0.00062
269,0,0.01713,0.0,1e-05
270,0,0.03866,0.0,6e-05
271,0,0.03659,0.0,5e-05
272,0,0.04283,0.0,9e-05
273,0,0.0654,0.0,4e-05
274,0,0.14853,0.0025,0.00011
275,0,0.02293,0.0,0.00014
276,0,0.53422,0.0125,0.00046
277,0,0.02919,0.0,4e-05
278,0,0.34605,0.0,7e-05
279,0,0.01803,0.0,4e-05
280,0,0.03965,0.0,0.00012
281,0,0.11332,0.0,5e-05
282,0,0.14366,0.0,0.0001
283,0,0.23134,0.0125,0.00018
284,0,0.15821,0.0,5e-05
285,0,0.13109,0.0,0.00029
286,0,0.07692,0.0,9e-05
287,0,0.05848,0.0,5e-05
288,0,0.23818,0.0,4e-05
289,0,0.0417,0.01,7e-05
290,0,0.23001,0.0,0.0002
291,0,0.19395,0.0075,0.0004
292,0,0.15306,0.0,6e-05
293,0,0.03092,0.015,0.00041
294,0,0.07799,0.0,0.00017
295,0,0.29191,0.0025,0.00029
296,0,0.05657,0.0,0.0001
297,0,0.16491,0.0025,0.00013
298,0,0.03283,0.0,0.00031
299,0,0.16446,0.0,1e-05
300,0,0.06665,0.0,3e-05
301,0,0.24474,0.0,4e-05
302,0,0.05664,0.0025,0.00022
303,0,0.02735,0.0025,5e-05
304,0,0.18275,0.015,0.00012
305,0,0.07508,0.0,0.00014
306,0,0.32057,0.015,0.0008
307,0,0.24497,0.0025,9e-05
308,0,0.08549,0.0,0.00013
309,0,0.14744,0.015,0.00018
310,0,0.09517,0.0,0.00012
311,0,0.17048,0.0,4e-05
312,0,0.17172,0.0025,0.00013
313,0,0.05008,0.0,3e-05
314,0,0.33865,0.0175,0.0002
315,0,0.37399,0.01,6e-05
316,0,0.56122,0.0,5e-05
317,0,0.28663,0.0075,0.0001
318,0,0.08522,0.0475,0.0011
319,0,0.23772,0.0025,0.00013
320,0,0.10311,0.0,7e-05
321,0,0.16259,0.005,0.00017
322,0,0.06017,0.005,0.00026
323,0,0.13882,0.0025,0.00036
324,0,0.70904,0.0025,0.00028
325,0,0.24208,0.0075,9e-05
326,0,0.09634,0.0175,0.0019
327,0,0.31241,0.0575,0.00188
328,1,0.849,0.8775,0.99024
329,0,0.16764,0.0625,0.00315
330,0,0.12321,0.0375,0.00405
331,0,0.14176,0.265,0.08467
332,0,0.64951,0.1725,0.36966
333,0,0.01611,0.0025,7e-05
334,0,0.00919,0.0,1e-05
335,0,0.03744,0.0,1e-05
336,0,0.00738,0.0,2e-05
337,0,0.01596,0.0025,3e-05
338,0,0.01108,0.0,1e-05
339,0,0.02609,0.0,3e-05
340,0,0.01861,0.0,8e-05
341,0,0.01626,0.005,0.00011
342,0,0.00368,0.0,5e-05
343,0,0.08013,0.0,7e-05
344,0,0.06527,0.0025,0.00015
345,0,0.23799,0.145,0.47967
346,0,0.01169,0.0,2e-05
347,0,0.03629,0.0025,8e-05
348,0,0.04471,0.0,3e-05
349,0,0.01175,0.0,3e-05
350,0,0.02068,0.0,3e-05
351,0,0.02289,0.005,0.00022
352,0,0.0083,0.0,2e-05
353,0,0.10844,0.0,7e-05
354,0,0.00814,0.0,5e-05
355,0,0.04597,0.0,3e-05
356,0,0.05794,0.0,6e-05
357,0,0.09193,0.0025,0.00012
358,0,0.01288,0.0,4e-05
359,0,0.00867,0.0,3e-05
360,0,0.01453,0.0,4e-05
361,0,0.02821,0.0,7e-05
362,0,0.05404,0.0,3e-05
363,0,0.01636,0.0,1e-05
364,0,0.19059,0.025,0.00079
365,0,0.48556,0.0175,0.0003
366,0,0.5036,0.01,0.00029
367,0,0.06267,0.0,8e-05
368,0,0.05622,0.0,3e-05
369,0,0.04433,0.0,4e-05
370,0,0.02671,0.0075,7e-05
371,0,0.08256,0.0,3e-05
372,0,0.10648,0.0,5e-05
373,0,0.25492,0.0025,8e-05
374,0,0.05196,0.0,8e-05
375,0,0.07907,0.0025,0.00014
376,0,0.05773,0.0,7e-05
377,0,0.25953,0.0075,7e-05
378,0,0.47759,0.0325,0.00086
379,0,0.07535,0.0,5e-05
380,0,0.04308,0.0,7e-05
381,1,0.79302,0.8525,0.79
382,0,0.13028,0.0,4e-05
383,0,0.10922,0.0,5e-05
384,0,0.06901,0.0,3e-05
385,0,0.02879,0.0,0.0002
386,0,0.1056,0.0025,0.0001
387,0,0.18386,0.0,0.0001
388,0,0.57654,0.03,0.00025
389,0,0.34752,0.0025,0.00018
390,0,0.53017,0.02,0.00024
391,0,0.26644,0.0,0.00024
392,0,0.06469,0.0,0.00013
393,0,0.18295,0.0,5e-05
394,0,0.32503,0.0025,5e-05
395,0,0.15772,0.0,6e-05
396,0,0.14398,0.0,9e-05
397,0,0.23736,0.0,7e-05
398,0,0.10348,0.0,5e-05
399,0,0.19021,0.0,5e-05
400,0,0.37678,0.0125,0.00021
401,0,0.15551,0.0075,0.00082
402,0,0.14833,0.0025,0.00024
403,0,0.12536,0.0,4e-05
404,0,0.67724,0.26,0.01473
405,0,0.07886,0.0425,0.00024
406,0,0.74755,0.2925,0.0237
407,0,0.65396,0.0175,0.00112
408,0,0.38633,0.0025,8e-05
409,0,0.17523,0.005,0.00021
410,0,0.14992,0.0175,0.00065
411,0,0.23534,0.0025,6e-05
412,0,0.22078,0.0525,0.00145
413,0,0.40405,0.2325,0.00785
414,0,0.13218,0.0925,0.00932
415,0,0.10073,0.1375,0.01231
416,0,0.38843,0.0175,0.002
417,0,0.13868,0.395,0.27416
418,0,0.58508,0.4325,0.48408
419,0,0.02825,0.0275,9e-05
420,0,0.00537,0.0,2e-05
421,0,0.00143,0.0225,9e-05
422,0,0.00599,0.0,1e-05
423,0,0.11619,0.0025,6e-05
424,0,0.03107,0.005,3e-05
425,0,0.0304,0.0025,0.00027
426,0,0.00315,0.0,0.00021
427,0,0.05419,0.0025,0.00013
428,0,0.02293,0.0,5e-05
429,0,0.0164,0.0,1e-05
430,0,0.2042,0.1625,0.00328
431,0,0.02457,0.0,3e-05
432,0,0.02209,0.0,6e-05
433,0,0.01197,0.0,4e-05
434,0,0.00862,0.0,3e-05
435,0,0.04757,0.0025,6e-05
436,0,0.03046,0.0075,4e-05
437,0,0.01063,0.0,3e-05
438,0,0.02884,0.0,5e-05
439,0,0.10891,0.01,0.00018
440,0,0.0067,0.0,3e-05
441,0,0.00732,0.01,0.00028
442,0,0.02956,0.005,0.00013
443,1,0.69367,0.2525,0.28881
444,0,0.04246,0.0,7e-05
445,0,0.03612,0.0,8e-05
446,0,0.02347,0.0,7e-05
447,0,0.01591,0.0,8e-05
448,0,0.52092,0.16,0.00062
449,0,0.17764,0.0,0.00021
450,0,0.07012,0.0,5e-05
451,0,0.02171,0.0125,9e-05
452,0,0.04811,0.015,8e-05
453,0,0.01445,0.0,2e-05
454,0,0.01589,0.0,0.00015
455,0,0.1272,0.0,0.00015
456,0,0.56774,0.045,0.01125
457,0,0.10214,0.005,2e-05
458,0,0.12761,0.0025,9e-05
459,0,0.08075,0.0,5e-05
460,0,0.07373,0.0,3e-05
461,0,0.02632,0.0,6e-05
462,0,0.02076,0.005,6e-05
463,0,0.06039,0.0,0.00018
464,1,0.84362,0.9475,0.53194
465,0,0.02681,0.0,8e-05
466,0,0.05991,0.0,4e-05
467,0,0.14163,0.0,5e-05
468,0,0.14561,0.005,0.00011
469,0,0.02326,0.0,4e-05
470,0,0.01806,0.0,2e-05
471,0,0.10264,0.0,3e-05
472,0,0.02602,0.0,4e-05
473,0,0.07258,0.0,2e-05
474,0,0.0302,0.0,0.0001
475,0,0.37753,0.025,0.0001
476,0,0.02979,0.005,0.00014
477,0,0.07754,0.0,0.0001
478,0,0.04731,0.0,7e-05
479,0,0.027,0.0125,0.00034
480,0,0.46826,0.04,0.00012
481,0,0.02671,0.0,6e-05
482,0,0.06878,0.0,3e-05
483,0,0.06611,0.0,0.00015
484,0,0.53931,0.0775,0.00023
485,0,0.03938,0.0,0.00018
486,0,0.04889,0.04,0.00038
487,0,0.04474,0.01,4e-05
488,0,0.01779,0.0,3e-05
489,0,0.29368,0.0,6e-05
490,0,0.48688,0.0425,0.00042
491,0,0.04685,0.0,0.00027
492,0,0.18903,0.0,0.00043
493,0,0.09281,0.0225,0.00018
494,0,0.07435,0.0,0.00014
495,0,0.22305,0.0975,0.00225
496,0,0.37658,0.02,4e-05
497,0,0.10033,0.02,0.00122
498,0,0.12323,0.1425,0.0039
499,0,0.04964,0.1,0.00279
500,0,0.07176,0.0775,0.00785
501,0,0.093,0.04,0.0011
502,0,0.31062,0.0725,0.011
503,0,0.15763,0.2,0.02099
504,0,0.02421,0.0025,4e-05
505,0,0.01069,0.0,1e-05
506,0,0.00759,0.0,1e-05
507,0,0.00348,0.0,2e-05
508,0,0.01848,0.01,7e-05
509,0,0.00946,0.015,0.00021
510,0,0.00384,0.0075,3e-05
511,0,0.00804,0.0,6e-05
512,0,0.00617,0.0,5e-05
513,0,0.01553,0.0,4e-05
514,0,0.00375,0.0025,5e-05
515,0,0.00656,0.0,5e-05
516,0,0.00442,0.0,3e-05
517,0,0.00817,0.0,2e-05
518,0,0.16204,0.1,0.00286
519,0,0.00628,0.01,0.00036
520,0,0.00972,0.02,0.0003
521,0,0.01524,0.0,3e-05
522,0,0.00379,0.0,4e-05
523,0,0.01166,0.0,5e-05
524,0,0.01917,0.0025,9e-05
525,0,0.01096,0.0025,3e-05
526,0,0.02887,0.0,5e-05
527,0,0.04824,0.0125,0.00021
528,0,0.00715,0.0025,8e-05
529,0,0.02823,0.0,3e-05
530,0,0.01316,0.0,7e-05
531,0,0.01276,0.005,5e-05
532,0,0.00702,0.0,4e-05
533,0,0.03716,0.0,0.00016
534,0,0.00912,0.0,6e-05
535,0,0.01204,0.0,1e-05
536,0,0.05605,0.0,5e-05
537,0,0.00556,0.0,6e-05
538,0,0.03356,0.0,0.00011
539,0,0.00777,0.0,5e-05
540,0,0.00847,0.0,0.00012
541,0,0.06385,0.0,8e-05
542,0,0.05573,0.01,0.00022
543,0,0.01225,0.0075,0.00268
544,0,0.01201,0.0,3e-05
545,0,0.01975,0.0,1e-05
546,0,0.03168,0.005,0.00097
547,0,0.01391,0.0,0.00085
548,0,0.01544,0.0,4e-05
549,0,0.13111,0.015,0.00032
550,0,0.02139,0.0,7e-05
551,0,0.02119,0.0,0.00013
552,0,0.1363,0.0075,6e-05
553,0,0.02808,0.0,2e-05
554,0,0.01574,0.0,6e-05
555,0,0.02609,0.015,7e-05
556,0,0.05626,0.0,7e-05
557,0,0.11771,0.0025,5e-05
558,0,0.099,0.0,5e-05
559,0,0.0499,0.0,4e-05
560,0,0.05682,0.0,4e-05
561,0,0.41274,0.02,0.00036
562,0,0.04414,0.0,5e-05
563,0,0.01101,0.0,0.0002
564,0,0.02311,0.005,7e-05
565,0,0.02689,0.01,3e-05
566,0,0.02701,0.0075,6e-05
567,0,0.01473,0.0,0.00023
568,0,0.02299,0.005,0.00031
569,0,0.06493,0.1,0.00676
570,0,0.04004,0.0025,6e-05
571,0,0.09739,0.005,0.00047
572,0,0.01907,0.0325,0.00131
573,0,0.12139,0.075,0.00069
574,0,0.19117,0.0,9e-05
575,0,0.04512,0.015,0.0007
576,0,0.52765,0.08,0.00037
577,0,0.33909,0.0175,0.00013
578,0,0.13714,0.0,0.00014
579,0,0.07216,0.0075,0.00054
580,0,0.07294,0.0325,0.00168
581,0,0.04565,0.0625,0.0039
582,0,0.08092,0.1,0.00384
583,0,0.22486,0.4725,0.1609
584,0,0.07334,0.05,0.00267
585,0,0.234,0.2175,0.0133
586,0,0.14212,0.1675,0.01677
587,1,0.60012,0.4125,0.03376
588,0,0.05981,0.17,0.00465
589,0,0.10459,0.1475,0.01828
590,0,0.15526,0.225,0.01403
591,0,0.0868,0.1525,0.00952
592,0,0.22132,0.0825,0.00717
593,0,0.0294,0.1375,0.05666
594,0,0.0107,0.0125,9e-05
595,0,0.00393,0.01,3e-05
596,0,0.02009,0.0,4e-05
597,0,0.0029,0.0025,0.00011
598,0,0.00989,0.0,4e-05
599,0,0.04526,0.015,0.00058
600,0,0.00127,0.0,0.00025
601,0,0.00815,0.0,0.0002
602,0,0.02763,0.0825,0.00216
603,0,0.01491,0.025,0.00019
604,1,0.81733,0.5775,0.98375
605,0,0.0035,0.0,3e-05
606,0,0.00409,0.0075,8e-05
607,0,0.08461,0.0225,0.00023
608,0,0.00364,0.0,5e-05
609,0,0.03207,0.0,6e-05
610,0,0.00812,0.0,0.00011
611,0,0.00438,0.0,0.00014
612,0,0.02447,0.0,6e-05
613,0,0.00536,0.0,0.00012
614,0,0.00554,0.0025,0.00012
615,0,0.01952,0.055,0.00039
616,0,0.0056,0.0025,0.00016
617,0,0.00494,0.0525,0.00034
618,0,0.00842,0.0125,0.00012
619,0,0.01886,0.0825,0.00038
620,0,0.06481,0.0,7e-05
621,0,0.04971,0.005,0.00016
622,0,0.02869,0.03,0.00051
623,0,0.01937,0.0,0.00019
624,0,0.03176,0.035,0.00071
625,0,0.0087,0.0,3e-05
626,0,0.01831,0.0,0.00018
627,0,0.01298,0.0,0.00056
628,0,0.02978,0.0025,0.00049
629,0,0.27305,0.02,0.00142
630,0,0.12394,0.0025,0.00013
631,0,0.11589,0.0025,0.00029
632,0,0.0334,0.0,0.0012
633,0,0.05923,0.09,0.00019
634,0,0.05502,0.0,0.00029
635,0,0.06581,0.0,0.00025
636,0,0.02737,0.0275,0.00171
637,0,0.08297,0.0,0.00026
638,0,0.06409,0.0025,0.00041
639,0,0.03075,0.0,0.0001
640,0,0.24157,0.0025,0.0001
641,0,0.02911,0.0,0.0001
642,0,0.10232,0.01,0.00046
643,0,0.17223,0.0575,5e-05
644,0,0.01549,0.0,4e-05
645,0,0.00834,0.0,2e-05
646,0,0.05083,0.0,6e-05
647,0,0.06524,0.0,6e-05
648,0,0.06072,0.0075,0.00011
649,0,0.13099,0.005,7e-05
650,0,0.03718,0.03,0.00146
651,0,0.04739,0.0,6e-05
652,0,0.06095,0.0,6e-05
653,0,0.08256,0.0,6e-05
654,0,0.10724,0.0075,0.00046
655,0,0.05785,0.0325,0.00018
656,0,0.04871,0.0,0.0001
657,0,0.03224,0.0025,0.00023
658,0,0.7269,0.0875,0.00132
659,0,0.09711,0.0025,4e-05
660,0,0.38058,0.0075,0.00011
661,0,0.02923,0.1275,0.0068
662,0,0.166,0.0125,0.0001
663,0,0.05088,0.025,0.00058
664,0,0.21028,0.0,5e-05
665,0,0.22385,0.005,0.00011
666,0,0.06894,0.0175,0.00029
667,0,0.22222,0.0025,8e-05
668,0,0.48288,0.005,0.00019
669,0,0.03555,0.045,0.00065
670,0,0.04255,0.0,0.00015
671,0,0.10401,0.295,0.01149
672,0,0.07484,0.0375,0.00147
673,0,0.15028,0.0575,0.00222
674,0,0.45038,0.295,0.17007
675,0,0.00893,0.005,5e-05
676,0,0.01471,0.0025,3e-05
677,0,0.00449,0.0,1e-05
678,0,0.01013,0.0,1e-05
679,0,0.17378,0.14,0.00085
680,0,0.02134,0.0025,0.00011
681,0,0.00955,0.0025,0.00043
682,0,0.00879,0.0,6e-05
683,0,0.03568,0.005,5e-05
684,0,0.01191,0.03,0.00018
685,0,0.05138,0.0,3e-05
686,0,0.00371,0.0,2e-05
687,0,0.01466,0.0,1e-05
688,0,0.0334,0.0,2e-05
689,0,0.00298,0.0025,0.00014
690,0,0.11922,0.005,9e-05
691,0,0.00604,0.0,8e-05
692,0,0.03502,0.0,2e-05
693,0,0.03267,0.0,6e-05
694,0,0.01108,0.0,2e-05
695,0,0.08644,0.005,0.0001
696,0,0.07831,0.0,4e-05
697,0,0.01094,0.0,2e-05
698,0,0.01379,0.0,5e-05
699,0,0.05219,0.0,2e-05
700,0,0.00781,0.0,0.0001
701,0,0.02011,0.0,3e-05
702,0,0.0496,0.0,3e-05
703,0,0.21501,0.0075,0.00017
704,0,0.02318,0.0,3e-05
705,0,0.01074,0.0,4e-05
706,0,0.02591,0.0,0.00011
707,0,0.03117,0.0,0.00011
708,0,0.0529,0.015,0.00302
709,0,0.06398,0.015,0.00024
710,0,0.09139,0.0,5e-05
711,0,0.01434,0.0,6e-05
712,0,0.13936,0.0,7e-05
713,0,0.01937,0.0025,7e-05
714,0,0.12706,0.005,0.00053
715,0,0.06298,0.0,6e-05
716,0,0.54427,0.015,0.00115
717,0,0.07374,0.0,0.00014
718,0,0.0423,0.0,5e-05
719,0,0.04328,0.0,7e-05
720,0,0.76111,0.155,0.02631
721,0,0.02065,0.0125,0.00043
722,0,0.04634,0.0,3e-05
723,0,0.09082,0.0,0.00024
724,0,0.17305,0.0,6e-05
725,0,0.06807,0.0,9e-05
726,0,0.07566,0.0,6e-05
727,0,0.1003,0.0,2e-05
728,0,0.02383,0.0,8e-05
729,0,0.24478,0.0075,8e-05
730,0,0.12177,0.0,6e-05
731,0,0.37611,0.0,0.00014
732,0,0.42689,0.0025,0.0001
733,0,0.07377,0.0125,0.00086
734,0,0.06392,0.0225,0.00012
735,0,0.27937,0.0275,6e-05
736,0,0.03092,0.0,3e-05
737,0,0.12309,0.0,9e-05
738,0,0.03818,0.0,6e-05
739,0,0.33593,0.0,5e-05
740,0,0.07477,0.005,0.00023
741,0,0.18977,0.0,5e-05
742,0,0.10634,0.0025,8e-05
743,0,0.13672,0.0,4e-05
744,0,0.547,0.2775,0.18487
745,0,0.10237,0.01,0.00029
746,0,0.59288,0.06,0.00119
747,1,0.84147,0.6425,0.91021
748,0,0.29179,0.14,0.00201
749,0,0.42252,0.13,0.00674
750,0,0.20368,0.2025,0.05663
751,0,0.14316,0.145,0.00922
752,0,0.06758,0.0525,0.00167
753,0,0.47567,0.5,0.05391
754,0,0.27891,0.1,0.00662
755,0,0.32118,0.065,0.00309
756,0,0.2605,0.0925,0.00095
757,0,0.41669,0.2075,0.09067
758,0,0.09599,0.13,0.04828
759,0,0.31469,0.1325,0.02134
760,0,0.09631,0.12,0.03449
761,0,0.25027,0.16,0.03773
762,0,0.29537,0.12,0.03569
763,0,0.1181,0.1575,0.00214
764,0,0.02896,0.01,0.00025
765,0,0.13281,0.0125,0.00045
766,0,0.07402,0.0025,0.00011
767,0,0.01621,0.0,1e-05
768,0,0.00274,0.0,6e-05
769,0,0.00872,0.0,2e-05
770,0,0.01104,0.0,0.00047
771,0,0.14528,0.0075,0.00038
772,0,0.12817,0.07,0.00055
773,0,0.09096,0.005,0.00022
774,0,0.01668,0.0,4e-05
775,0,0.09105,0.0025,0.00011
776,0,0.05141,0.0,0.0001
777,0,0.01263,0.0,5e-05
778,0,0.03516,0.005,5e-05
779,0,0.00565,0.0,2e-05
780,0,0.00819,0.0,5e-05
781,0,0.08108,0.0125,0.00018
782,0,0.00953,0.0,2e-05
783,0,0.01937,0.0,9e-05
784,0,0.00556,0.0,8e-05
785,0,0.01349,0.0,3e-05
786,0,0.05816,0.0,8e-05
787,0,0.0162,0.0,0.0001
788,0,0.05515,0.0,0.00017
789,0,0.04076,0.0,8e-05
790,0,0.01828,0.0,3e-05
791,0,0.0496,0.0,7e-05
792,0,0.02932,0.01,3e-05
793,0,0.02219,0.0025,0.00018
794,0,0.02158,0.0,2e-05
795,0,0.00617,0.015,0.00021
796,0,0.06334,0.0025,0.00028
797,0,0.02794,0.0125,0.0002
798,0,0.09236,0.0,3e-05
799,0,0.02263,0.0,0.00018
800,0,0.02395,0.0,0.00024
801,0,0.03528,0.0,0.00016
802,0,0.14022,0.035,0.00013
803,0,0.03445,0.0,7e-05
804,0,0.03746,0.0475,0.00046
805,0,0.04433,0.0025,0.00028
806,0,0.12266,0.0,0.00016
807,0,0.32947,0.0075,0.00064
808,0,0.04652,0.0,0.00027
809,0,0.08336,0.0,0.0001
810,0,0.20718,0.0,0.00029
811,0,0.12033,0.0,6e-05
812,0,0.10812,0.0025,0.0001
813,0,0.05497,0.0075,0.0001
814,0,0.10038,0.0,5e-05
815,0,0.2212,0.0,7e-05
816,0,0.04684,0.0,3e-05
817,0,0.31913,0.0025,8e-05
818,0,0.36634,0.0125,0.00028
819,0,0.12154,0.0175,0.00029
820,0,0.18168,0.0,0.00025
821,0,0.08056,0.0,0.00026
822,0,0.12109,0.0,7e-05
823,0,0.04179,0.0,0.00014
824,0,0.07267,0.0,8e-05
825,0,0.13264,0.0,0.0001
826,0,0.11544,0.0,0.00015
827,0,0.08234,0.0,8e-05
828,0,0.23949,0.0,0.00024
829,0,0.13791,0.0,4e-05
830,0,0.08621,0.0,0.00011
831,0,0.15386,0.0,0.00015
832,0,0.27102,0.0,5e-05
833,0,0.13958,0.0025,0.00021
834,0,0.03071,0.0025,0.00055
835,0,0.21107,0.04,0.00014
836,0,0.04199,0.0,9e-05
837,0,0.16166,0.01,0.00021
838,0,0.52963,0.0025,0.0001
839,0,0.09442,0.0075,0.00076
840,0,0.36058,0.0,5e-05
841,0,0.24523,0.005,0.0001
842,0,0.345,0.0175,0.00045
843,0,0.09895,0.045,0.00181
844,0,0.31014,0.0475,0.00035
845,0,0.1169,0.185,0.04853
846,0,0.17131,0.295,0.11467
847,0,0.50323,0.195,0.00958
848,1,0.96116,0.38,0.02079
849,0,0.51034,0.1925,0.02576
850,0,0.00653,0.0125,0.00045
851,0,0.00316,0.0,4e-05
852,0,0.02553,0.0075,3e-05
853,0,0.03064,0.0075,2e-05
854,0,0.06633,0.0025,5e-05
855,0,0.01319,0.0,5e-05
856,0,0.00477,0.0075,5e-05
857,0,0.0122,0.0,0.00251
858,0,0.07809,0.02,0.00011
859,0,0.01061,0.0,7e-05
860,0,0.02731,0.0,4e-05
861,0,0.0029,0.0,9e-05
862,0,0.0257,0.0025,0.0002
863,0,0.00658,0.0025,4e-05
864,0,0.03554,0.0,0.00011
865,0,0.05897,0.0,7e-05
866,0,0.16048,0.0,0.00017
867,0,0.008,0.0,0.0003
868,0,0.01312,0.0,7e-05
869,0,0.01896,0.0,4e-05
870,0,0.09694,0.0,0.00016
871,0,0.31366,0.05,0.00033
872,0,0.18272,0.0025,0.00021
873,0,0.11125,0.0375,6e-05
874,0,0.02941,0.0,0.00096
875,0,0.00635,0.0,0.00028
876,0,0.08727,0.0025,0.00035
877,0,0.04638,0.0,0.00033
878,0,0.02076,0.0,0.0007
879,0,0.06826,0.0,0.00014
880,0,0.3112,0.0125,0.00057
881,1,0.96962,0.54,0.5327
882,0,0.18979,0.0,4e-05
883,0,0.01751,0.02,0.00655
884,0,0.01414,0.0,7e-05
885,0,0.12922,0.005,0.00017
886,0,0.34638,0.0175,0.00059
887,0,0.06366,0.0025,6e-05
888,0,0.11188,0.075,0.03906
889,0,0.0177,0.0,0.00255
890,0,0.14037,0.0,0.00017
891,0,0.36511,0.0275,0.00075
892,0,0.25819,0.0,0.00011
893,0,0.46034,0.0025,0.00031
894,0,0.06569,0.01,0.00045
895,0,0.27426,0.0,0.0003
896,0,0.4484,0.0025,0.00017
897,0,0.06853,0.0025,0.00023
898,0,0.04077,0.0025,0.00025
899,0,0.46778,0.0,0.00046
900,0,0.34481,0.05,0.00015
901,0,0.07114,0.0175,0.00157
902,0,0.67755,0.19,0.00303
903,0,0.30502,0.015,5e-05
904,1,0.36825,0.1875,0.00104
905,0,0.39813,0.0175,5e-05
906,0,0.14223,0.0075,0.00032
907,0,0.47208,0.0025,0.00056
908,0,0.05397,0.005,0.0015
909,0,0.06606,0.005,2e-05
910,0,0.10791,0.0025,0.0003
911,0,0.11772,0.0025,0.00059
912,0,0.22855,0.0,0.00033
913,0,0.3542,0.005,0.0004
914,0,0.07187,0.0,0.00156
915,0,0.14784,0.0025,0.00027
916,0,0.161,0.005,0.00025
917,0,0.16156,0.0,5e-05
918,0,0.7745,0.0225,0.00156
919,0,0.12086,0.0,0.0003
920,0,0.6482,0.0175,0.00017
921,0,0.36123,0.0,0.00024
922,0,0.20338,0.0025,0.00073
923,0,0.55414,0.145,0.03225
924,0,0.3256,0.07,0.00258
925,0,0.29571,0.1525,0.01046
926,0,0.07157,0.1675,0.01802
927,1,0.84781,0.4825,0.854
928,0,0.08992,0.04,0.00059
929,0,0.02287,0.0075,0.00103
930,0,0.1412,0.0025,7e-05
931,0,0.0592,0.0025,0.00016
932,0,0.01324,0.0,0.00019
933,0,0.07952,0.0025,3e-05
934,0,0.03028,0.0,8e-05
935,0,0.03316,0.0525,0.00023
936,0,0.02951,0.0025,0.00018
937,0,0.03939,0.0,8e-05
938,0,0.33424,0.1825,0.02753
939,0,0.02037,0.0,0.00201
940,0,0.02563,0.0,0.00011
941,0,0.1241,0.005,0.0001
942,0,0.0065,0.0,0.00052
943,0,0.04178,0.0,0.00017
944,0,0.05509,0.0025,0.00048
945,0,0.01183,0.0,0.00034
946,0,0.06804,0.01,7e-05
947,0,0.15344,0.0325,0.00044
948,0,0.04793,0.0,0.0005
949,0,0.04582,0.0,0.00057
950,0,0.02096,0.0,5e-05
951,0,0.03147,0.0,0.00032
952,0,0.00897,0.005,0.00086
953,0,0.19026,0.0,0.00032
954,0,0.03072,0.0,0.00015
955,0,0.02054,0.005,0.00016
956,0,0.02724,0.0,0.00048
957,0,0.01536,0.0,7e-05
958,0,0.01262,0.0225,7e-05
959,0,0.13327,0.0,6e-05
960,0,0.0218,0.0,0.0002
961,0,0.04858,0.0,4e-05
962,0,0.06252,0.0025,3e-05
963,0,0.06686,0.005,8e-05
964,0,0.02865,0.0,0.0001
965,0,0.019,0.0075,0.00055
966,0,0.23696,0.0,0.00011
967,0,0.03049,0.0,3e-05
968,0,0.0516,0.0,3e-05
969,0,0.12459,0.0,3e-05
970,0,0.03936,0.0025,7e-05
971,0,0.05362,0.0025,7e-05
972,0,0.15052,0.0,7e-05
973,0,0.10249,0.0025,0.00012
974,0,0.04457,0.0,0.00041
975,0,0.04058,0.0,0.00012
976,0,0.1103,0.0,3e-05
977,0,0.30254,0.0,6e-05
978,0,0.05194,0.0025,0.00405
979,0,0.17431,0.0,2e-05
980,0,0.5358,0.0025,0.00016
981,0,0.09684,0.0,6e-05
982,0,0.06502,0.0,2e-05
983,0,0.09953,0.0,6e-05
984,0,0.04018,0.0,0.0001
985,0,0.31404,0.0025,8e-05
986,0,0.03672,0.0,0.00071
987,0,0.0584,0.0,0.00103
988,0,0.03307,0.0,0.00022
989,0,0.04585,0.0,0.00228
990,0,0.18642,0.0125,0.0005
991,0,0.37284,0.0,0.00026
992,0,0.1396,0.0,6e-05
993,0,0.18467,0.0,5e-05
994,0,0.03443,0.0,9e-05
995,0,0.49245,0.595,0.06904
996,0,0.09119,0.0,0.00037
997,0,0.20049,0.0575,0.0001
998,0,0.26835,0.0,0.00018
999,0,0.21988,0.0,0.00052
1000,0,0.07129,0.0,5e-05
1001,0,0.09258,0.0025,0.00051
1002,0,0.17672,0.0,4e-05
1003,0,0.20146,0.0025,0.00013
1004,0,0.44386,0.0025,0.0003
1005,0,0.09614,0.005,0.00012
1006,0,0.55679,0.2425,0.00847
1007,0,0.76668,0.48,0.26153
1008,0,0.00408,0.0,2e-05
1009,0,0.01097,0.0,2e-05
1010,0,0.00882,0.005,0.00017
1011,0,0.00505,0.0,6e-05
1012,0,0.01227,0.0,8e-05
1013,0,0.00313,0.0,7e-05
1014,0,0.00263,0.0025,5e-05
1015,0,0.01585,0.0,0.00014
1016,0,0.00981,0.0025,0.0002
1017,1,0.67414,0.63,0.99252
1018,0,0.01045,0.0,3e-05
1019,0,0.21159,0.035,0.00063
1020,0,0.14121,0.015,0.00027
1021,0,0.30793,0.015,0.0006
1022,0,0.0199,0.0,0.00023
1023,0,0.01141,0.0,3e-05
1024,0,0.02004,0.0,0.00043
1025,0,0.01393,0.0125,5e-05
1026,0,0.00887,0.0025,3e-05
1027,0,0.01171,0.0,0.00013
1028,0,0.04629,0.0275,7e-05
1029,0,0.01731,0.0,6e-05
1030,0,0.0048,0.0,7e-05
1031,0,0.02001,0.0,5e-05
1032,0,0.0154,0.0,6e-05
1033,0,0.02709,0.0,3e-05
1034,0,0.01691,0.01,0.0001
1035,0,0.00954,0.0025,0.00066
1036,0,0.08922,0.0025,0.00025
1037,0,0.01696,0.0,4e-05
1038,0,0.01299,0.01,0.00037
1039,0,0.04692,0.0,7e-05
1040,0,0.02424,0.0,2e-05
1041,0,0.09694,0.0,5e-05
1042,0,0.02701,0.0,0.00011
1043,0,0.03447,0.0025,0.00014
1044,0,0.07085,0.005,0.0002
1045,0,0.10605,0.0,7e-05
1046,0,0.20781,0.04,0.00063
1047,0,0.06111,0.0,0.00014
1048,0,0.40516,0.0175,0.00143
1049,0,0.02842,0.0,0.00012
1050,0,0.06669,0.0,7e-05
1051,0,0.01992,0.0025,0.00068
1052,0,0.05769,0.005,6e-05
1053,0,0.07632,0.0,0.00072
1054,0,0.01982,0.0025,4e-05
1055,0,0.01572,0.01,0.00089
1056,0,0.04953,0.0,8e-05
1057,0,0.12148,0.0025,5e-05
1058,0,0.06814,0.0,6e-05
1059,0,0.02992,0.0,8e-05
1060,0,0.02035,0.0025,6e-05
1061,0,0.40319,0.01,0.00012
1062,0,0.29654,0.0075,5e-05
1063,0,0.19099,0.0125,0.00019
1064,0,0.06368,0.0,2e-05
1065,0,0.07761,0.0025,7e-05
1066,0,0.0277,0.0,0.00051
1067,0,0.13878,0.0,0.00019
1068,0,0.26733,0.0,0.00014
1069,0,0.24922,0.0,0.00015
1070,0,0.06177,0.0,6e-05
1071,0,0.04491,0.0025,0.00012
1072,0,0.38977,0.0025,0.00018
1073,0,0.1945,0.0,0.0002
1074,0,0.31989,0.0025,0.00012
1075,0,0.05195,0.0,5e-05
1076,0,0.47171,0.0175,0.00023
1077,0,0.24815,0.0,0.00018
1078,0,0.12181,0.0,0.00021
1079,0,0.05182,0.0025,8e-05
1080,0,0.12655,0.0,0.00018
1081,0,0.15469,0.0025,0.0002
1082,0,0.27272,0.0,0.00023
1083,0,0.06226,0.0,5e-05
1084,0,0.19544,0.005,0.00012
1085,0,0.55859,0.05,0.00033
1086,1,0.84203,0.77,0.73984
1087,0,0.61577,0.0975,0.00733
1088,1,0.07993,0.0475,0.00215
1089,0,0.00753,0.0075,0.00018
1090,0,0.00677,0.0025,9e-05
1091,0,0.01739,0.0,7e-05
1092,0,0.05438,0.0,4e-05
1093,0,0.01218,0.01,4e-05
1094,0,0.0076,0.0,2e-05
1095,0,0.01582,0.015,0.00027
1096,1,0.62722,0.775,0.34713
1097,0,0.05123,0.0,0.00014
1098,0,0.03739,0.0125,0.00103
1099,0,0.01654,0.0025,0.00014
1100,0,0.03157,0.0,5e-05
1101,0,0.01041,0.0,8e-05
1102,0,0.01087,0.0075,0.0001
1103,0,0.2161,0.005,0.00026
1104,0,0.0269,0.0,2e-05
1105,0,0.02052,0.0,4e-05
1106,0,0.00904,0.0,0.00011
1107,0,0.03183,0.0,2e-05
1108,0,0.04993,0.0,2e-05
1109,0,0.12236,0.0,4e-05
1110,0,0.01849,0.0,0.00013
1111,0,0.08451,0.0275,0.00032
1112,0,0.08645,0.005,0.00017
1113,0,0.24361,0.0225,0.00013
1114,0,0.01732,0.0,7e-05
1115,0,0.01574,0.0075,0.00027
1116,0,0.05076,0.0,0.00046
1117,0,0.02057,0.0,0.0001
1118,0,0.06951,0.0025,4e-05
1119,0,0.03959,0.0,4e-05
1120,0,0.51286,0.0325,0.00054
1121,0,0.01086,0.035,8e-05
1122,0,0.04138,0.0,6e-05
1123,0,0.05092,0.0,4e-05
1124,1,0.69758,0.2125,0.38925
1125,1,0.80684,0.7525,0.96814
1126,0,0.17509,0.0325,0.00014
1127,0,0.04434,0.0,2e-05
1128,0,0.03546,0.0,5e-05
1129,0,0.03552,0.0,9e-05
1130,0,0.03208,0.0,3e-05
1131,0,0.13348,0.0,6e-05
1132,0,0.01397,0.0,4e-05
1133,0,0.57488,0.215,0.00051
1134,0,0.15348,0.0025,8e-05
1135,0,0.32741,0.0,0.00055
1136,0,0.09996,0.0,5e-05
1137,0,0.10521,0.0,0.00029
1138,0,0.03516,0.0,9e-05
1139,0,0.08424,0.0,0.00013
1140,0,0.02281,0.0,2e-05
1141,0,0.07544,0.0075,4e-05
1142,0,0.05396,0.0,5e-05
1143,0,0.11858,0.0,5e-05
1144,0,0.09349,0.0,0.00017
1145,1,0.95305,0.74,0.97703
1146,0,0.04298,0.0,6e-05
1147,0,0.2347,0.0,3e-05
1148,0,0.02152,0.0025,0.00021
1149,0,0.72903,0.0825,0.00059
1150,0,0.07305,0.0025,0.00031
1151,0,0.55634,0.0025,0.0001
1152,0,0.21119,0.01,0.00011
1153,0,0.10849,0.0,2e-05
1154,0,0.17446,0.0,4e-05
1155,0,0.04391,0.0025,7e-05
1156,0,0.1395,0.01,4e-05
1157,0,0.0526,0.0125,8e-05
1158,0,0.2142,0.0,0.00013
1159,0,0.44065,0.0025,0.00016
1160,0,0.21239,0.005,0.00244
1161,0,0.07455,0.015,0.00073
1162,1,0.89884,0.7475,0.95028
1163,1,0.86966,0.6725,0.79131
1164,0,0.27956,0.1925,0.00278
1165,0,0.21783,0.0825,0.00754
1166,0,0.07537,0.3025,0.32607
1167,0,0.11891,0.1475,0.18451
1168,1,0.58897,0.6425,0.45137
1169,0,0.2501,0.3325,0.02902
1170,0,0.15748,0.425,0.33479
1171,0,0.11365,0.125,0.01335
1172,0,0.22323,0.2,0.07291
1173,0,0.08039,0.3175,0.39755
1174,0,0.2318,0.26,0.13139
1175,0,0.00624,0.005,6e-05
1176,0,0.01134,0.0,3e-05
1177,0,0.00736,0.0025,4e-05
1178,0,0.02009,0.0,2e-05
1179,0,0.38276,0.2675,0.0446
1180,0,0.0196,0.0,2e-05
1181,0,0.00474,0.0,4e-05
1182,0,0.09197,0.01,0.00015
1183,0,0.05468,0.0025,5e-05
1184,0,0.02339,0.0025,3e-05
1185,0,0.0965,0.0,4e-05
1186,0,0.07976,0.0,3e-05
1187,0,0.05498,0.0025,0.00014
1188,0,0.00829,0.0,4e-05
1189,0,0.07986,0.005,0.00011
1190,0,0.01198,0.0,2e-05
1191,0,0.0228,0.0,3e-05
1192,0,0.01225,0.0,2e-05
1193,0,0.02035,0.0025,8e-05
1194,0,0.07577,0.0075,0.00015
1195,0,0.03831,0.0,1e-05
1196,0,0.05305,0.0075,4e-05
1197,0,0.00639,0.0025,3e-05
1198,0,0.07229,0.0025,9e-05
1199,0,0.0161,0.0325,3e-05
1200,0,0.0214,0.0,2e-05
1201,0,0.35465,0.0225,0.00018
1202,0,0.17591,0.0,5e-05
1203,0,0.07679,0.005,0.00043
1204,0,0.06402,0.0025,0.00011
1205,0,0.01401,0.0,0.00011
1206,0,0.2725,0.025,0.00046
1207,0,0.11685,0.015,0.00031
1208,0,0.02015,0.0,3e-05
1209,0,0.11659,0.0,7e-05
1210,0,0.5548,0.5425,0.80422
1211,0,0.05381,0.0,4e-05
1212,0,0.06077,0.0075,4e-05
1213,0,0.49115,0.05,0.00033
1214,0,0.05632,0.0,7e-05
1215,0,0.05614,0.0,5e-05
1216,0,0.03106,0.0025,8e-05
1217,0,0.103,0.0,7e-05
1218,0,0.09632,0.0025,0.0002
1219,0,0.02779,0.0025,2e-05
1220,0,0.0192,0.0075,6e-05
1221,0,0.01103,0.0,8e-05
1222,0,0.06494,0.0,4e-05
1223,0,0.73843,0.25,0.04678
1224,0,0.34933,0.0,9e-05
1225,0,0.03786,0.0,6e-05
1226,0,0.06836,0.0,4e-05
1227,0,0.11882,0.0,5e-05
1228,0,0.06162,0.0025,0.00019
1229,0,0.09309,0.0,6e-05
1230,0,0.29787,0.0575,0.00017
1231,0,0.05086,0.0,0.00056
1232,0,0.20488,0.0025,7e-05
1233,0,0.0444,0.0,7e-05
1234,0,0.42862,0.015,0.00042
1235,0,0.58306,0.12,0.00087
1236,0,0.0409,0.0,4e-05
1237,0,0.08854,0.0125,0.00017
1238,0,0.03925,0.0,5e-05
1239,0,0.05641,0.0025,4e-05
1240,0,0.0603,0.0,0.00014
1241,0,0.0614,0.0,6e-05
1242,0,0.0604,0.0,9e-05
1243,0,0.30748,0.005,0.00026
1244,0,0.65011,0.06,0.01203
1245,0,0.09979,0.035,0.00395
1246,0,0.07024,0.145,0.0035
1247,0,0.10118,0.0925,0.00413
1248,0,0.32793,0.055,0.00074
1249,0,0.16369,0.225,0.00518
1250,0,0.07507,0.35,0.04276
1251,0,0.13332,0.3725,0.0205
1252,0,0.27669,0.27,0.13628
1253,0,0.34208,0.265,0.04057
1254,0,0.08771,0.035,5e-05
1255,0,0.02427,0.005,8e-05
1256,0,0.04456,0.005,8e-05
1257,0,0.00666,0.0,1e-05
1258,0,0.01869,0.0,5e-05
1259,0,0.06258,0.005,0.00016
1260,0,0.00873,0.005,0.00022
1261,0,0.00365,0.0,1e-05
1262,0,0.00866,0.0025,4e-05
1263,0,0.00646,0.0,1e-05
1264,0,0.26681,0.065,0.00031
1265,0,0.03561,0.0125,0.00334
1266,0,0.00871,0.0,2e-05
1267,0,0.01419,0.0075,5e-05
1268,0,0.01229,0.0,8e-05
1269,0,0.06241,0.01,0.00013
1270,0,0.02069,0.0,6e-05
1271,0,0.49171,0.4525,0.01967
1272,0,0.01031,0.0,4e-05
1273,0,0.01484,0.0,3e-05
1274,0,0.06204,0.005,0.0001
1275,0,0.02207,0.0,4e-05
1276,0,0.03493,0.005,0.00012
1277,0,0.03432,0.0,8e-05
1278,0,0.05295,0.0,0.00011
1279,0,0.23703,0.01,0.00014
1280,0,0.03428,0.0,9e-05
1281,0,0.01662,0.0,2e-05
1282,0,0.31105,0.0025,0.00016
1283,0,0.03209,0.0,5e-05
1284,0,0.04338,0.0075,0.00023
1285,1,0.07311,0.045,0.00056
1286,0,0.0531,0.0,6e-05
1287,0,0.11469,0.0,0.00014
1288,0,0.03539,0.0025,0.00098
1289,0,0.13517,0.0025,0.00024
1290,0,0.02786,0.0,3e-05
1291,0,0.13023,0.0025,0.00041
1292,0,0.01707,0.0025,0.00027
1293,0,0.03815,0.01,0.00103
1294,0,0.0194,0.0,3e-05
1295,0,0.07343,0.0,0.00012
1296,0,0.50349,0.015,0.0002
1297,0,0.06254,0.0,0.00011
1298,0,0.08067,0.0,0.00015
1299,0,0.28224,0.02,0.00032
1300,0,0.03511,0.0,7e-05
1301,0,0.54188,0.0225,0.00081
1302,0,0.01338,0.0,0.00015
1303,0,0.29836,0.0,0.00023
1304,0,0.32561,0.0,0.0001
1305,0,0.18612,0.0125,0.00083
1306,0,0.04713,0.01,0.00141
1307,0,0.116,0.0,0.0001
1308,0,0.07962,0.0,0.0001
1309,0,0.02973,0.0025,0.0001
1310,0,0.06153,0.0,0.0001
1311,0,0.58185,0.0125,0.00027
1312,0,0.03198,0.0025,8e-05
1313,0,0.16276,0.0,0.00012
1314,0,0.67044,0.0775,0.00142
1315,0,0.07057,0.0,5e-05
1316,0,0.37243,0.0,0.00013
1317,0,0.07252,0.0,0.00014
1318,0,0.2289,0.0,0.00029
1319,0,0.04509,0.0,0.0001
1320,0,0.16433,0.0025,0.0001
1321,0,0.10033,0.0,8e-05
1322,0,0.50987,0.045,0.00086
1323,0,0.46693,0.0125,0.00017
1324,0,0.48941,0.185,0.00342
1325,1,0.98075,0.6025,0.96327
1326,0,0.09264,0.0025,5e-05
1327,0,0.29638,0.0125,0.00121
1328,0,0.15411,0.04,0.00493
1329,0,0.08943,0.0475,0.0033
1330,0,0.04947,0.0575,0.00552
1331,0,0.1451,0.2075,0.00611
1332,0,0.07776,0.0475,0.00404
1333,0,0.17206,0.3325,0.03103
1334,0,0.08653,0.07,0.01427
1335,1,0.43602,0.7775,0.51657
1336,1,0.69399,0.955,0.99247
1337,0,0.09475,0.175,0.03495
1338,0,0.00489,0.0175,2e-05
1339,0,0.00346,0.0,3e-05
1340,0,0.00434,0.0,2e-05
1341,0,0.00862,0.0,3e-05
1342,0,0.01933,0.0225,7e-05
1343,0,0.00389,0.0,6e-05
1344,0,0.01014,0.0025,0.0003
1345,0,0.01332,0.0,0.00031
1346,0,0.00881,0.01,0.00051
1347,0,0.00369,0.0,4e-05
1348,0,0.00561,0.02,0.00014
1349,0,0.01293,0.0125,0.00041
1350,0,0.02491,0.005,0.00013
1351,0,0.04442,0.005,0.00022
1352,0,0.04091,0.0,5e-05
1353,0,0.00553,0.0,2e-05
1354,0,0.04401,0.0275,0.00011
1355,0,0.02299,0.0225,8e-05
1356,0,0.02827,0.0,2e-05
1357,0,0.02609,0.0,0.00011
1358,0,0.05272,0.015,0.00027
1359,0,0.0134,0.0,3e-05
1360,0,0.09584,0.0075,0.00012
1361,0,0.00574,0.0,0.00024
1362,0,0.01881,0.0025,5e-05
1363,0,0.04194,0.0,0.0003
1364,0,0.31642,0.02,0.0002
1365,0,0.01002,0.0,9e-05
1366,0,0.02846,0.0,4e-05
1367,0,0.24106,0.0325,0.00025
1368,0,0.02462,0.0,0.00035
1369,0,0.00555,0.0,0.00015
1370,0,0.02321,0.0,0.00012
1371,0,0.02061,0.0,0.00039
1372,0,0.01469,0.0,0.00018
1373,0,0.06615,0.0,8e-05
1374,0,0.44051,0.0225,0.00093
1375,0,0.03193,0.0,0.00011
1376,0,0.01724,0.0,5e-05
1377,0,0.00566,0.0,6e-05
1378,0,0.13173,0.0025,0.00035
1379,0,0.05955,0.03,0.00027
1380,0,0.04193,0.0,7e-05
1381,0,0.03719,0.0,0.0001
1382,0,0.02991,0.0,8e-05
1383,0,0.02649,0.0,0.00012
1384,0,0.07299,0.03,0.0003
1385,0,0.12413,0.0,0.0001
1386,0,0.04826,0.0,4e-05
1387,0,0.03704,0.005,8e-05
1388,0,0.05446,0.0,0.00012
1389,0,0.15592,0.025,0.00022
1390,0,0.19695,0.0025,0.00014
1391,0,0.57764,0.0025,0.00061
1392,1,0.87132,0.8975,0.7888
1393,0,0.23064,0.0,5e-05
1394,0,0.04592,0.0,9e-05
1395,0,0.23518,0.0,6e-05
1396,0,0.06168,0.0,8e-05
1397,0,0.07417,0.0,5e-05
1398,0,0.12722,0.0,5e-05
1399,0,0.3307,0.0,0.00018
1400,0,0.26703,0.0,4e-05
1401,0,0.82594,0.425,0.11884
1402,0,0.054,0.0,9e-05
1403,0,0.46029,0.0475,0.00017
1404,0,0.2199,0.0325,0.00069
1405,0,0.19766,0.0,5e-05
1406,0,0.09219,0.005,0.00012
1407,0,0.42052,0.01,0.00037
1408,0,0.08462,0.0,5e-05
1409,0,0.53259,0.02,0.00071
1410,0,0.21045,0.0025,0.00034
1411,0,0.68163,0.02,0.00141
1412,0,0.21568,0.0175,0.00162
1413,0,0.62888,0.0475,0.00039
1414,0,0.09569,0.0,0.00014
1415,0,0.36933,0.0225,0.00034
1416,0,0.11426,0.02,0.00412
1417,0,0.17354,0.385,0.21808
1418,0,0.21869,0.1275,0.04082
1419,0,0.22044,0.365,0.20122
1420,1,0.63602,0.7875,0.90082
1421,0,0.06716,0.0225,0.00422
1422,0,0.09053,0.1225,0.00256
1423,0,0.00647,0.0,0.00012
1424,0,0.00372,0.0,1e-05
1425,0,0.05347,0.0,5e-05
1426,0,0.08616,0.03,6e-05
1427,0,0.00995,0.0,1e-05
1428,0,0.00624,0.0025,0.00017
1429,0,0.00602,0.0,9e-05
1430,0,0.0182,0.0,9e-05
1431,0,0.04657,0.0325,0.00131
1432,0,0.00783,0.0375,0.00083
1433,0,0.02271,0.0,9e-05
1434,0,0.01308,0.015,0.00085
1435,0,0.04379,0.015,0.00038
1436,0,0.02746,0.1,0.00037
1437,0,0.03963,0.0025,3e-05
1438,1,0.0258,0.015,0.00024
1439,0,0.01831,0.0,7e-05
1440,0,0.01358,0.0,2e-05
1441,0,0.0111,0.0,2e-05
1442,0,0.0308,0.0,0.00019
1443,0,0.01298,0.0,3e-05
1444,0,0.04392,0.0,3e-05
1445,0,0.0156,0.0025,0.00021
1446,0,0.0085,0.0025,0.00031
1447,0,0.02966,0.0,4e-05
1448,0,0.02341,0.0,3e-05
1449,0,0.01107,0.0,7e-05
1450,0,0.01057,0.0,2e-05
1451,0,0.01629,0.0025,0.00014
1452,0,0.0232,0.0,0.00012
1453,0,0.01929,0.0,2e-05
1454,0,0.02631,0.0,0.0001
1455,0,0.08952,0.0,0.00019
1456,0,0.20868,0.035,0.00017
1457,0,0.07553,0.0,0.00013
1458,0,0.06272,0.0,0.00018
1459,0,0.23119,0.025,0.00075
1460,0,0.01557,0.0,0.0001
1461,0,0.13687,0.0275,0.01372
1462,0,0.12467,0.0,0.00024
1463,0,0.01591,0.0,0.00044
1464,0,0.10572,0.0,4e-05
1465,0,0.09579,0.0,0.00028
1466,0,0.11585,0.0,9e-05
1467,0,0.17672,0.0075,0.0006
1468,0,0.00783,0.0075,0.00068
1469,0,0.07111,0.0175,0.00017
1470,0,0.08154,0.0,0.00013
1471,0,0.06084,0.0,0.00087
1472,0,0.50696,0.0025,0.0013
1473,0,0.09302,0.0,0.00054
1474,0,0.08588,0.0075,0.00039
1475,0,0.79832,0.4125,0.31526
1476,0,0.0276,0.0,9e-05
1477,0,0.03662,0.055,0.11037
1478,0,0.06563,0.0,6e-05
1479,0,0.0733,0.0,8e-05
1480,0,0.06844,0.0025,0.00025
1481,0,0.08361,0.0075,0.00043
1482,0,0.70436,0.055,0.00024
1483,0,0.53728,0.0025,0.00065
1484,0,0.10576,0.0,7e-05
1485,0,0.10289,0.005,0.00011
1486,0,0.06926,0.0,0.00029
1487,0,0.03819,0.0,2e-05
1488,0,0.38713,0.0,0.00015
1489,0,0.11559,0.0,9e-05
1490,0,0.03513,0.01,0.00047
1491,0,0.09589,0.0,0.00025
1492,0,0.13917,0.005,0.0002
1493,1,0.9258,0.0925,0.00069
1494,0,0.40675,0.0,0.00026
1495,0,0.3176,0.0,0.00013
1496,0,0.13675,0.005,0.00034
1497,1,0.97416,0.875,0.99801
1498,0,0.19989,0.0,0.00014
1499,0,0.17551,0.02,0.00024
1500,0,0.39717,0.055,0.00125
1501,0,0.24613,0.0475,0.00116
1502,0,0.42387,0.045,0.00103
1503,0,0.63581,0.015,0.00202
1504,0,0.1479,0.0475,0.00313
1505,0,0.69026,0.14,0.01331
1506,0,0.36558,0.1,0.00516
1507,0,0.19458,0.0775,0.00211
1508,0,0.81065,0.3125,0.87754
1509,0,0.16883,0.05,0.01097
1510,1,0.12401,0.255,0.02401
1511,0,0.01787,0.0,2e-05
1512,0,0.007,0.0,2e-05
1513,0,0.00548,0.0,3e-05
1514,0,0.00824,0.0,1e-05
1515,0,0.02809,0.005,2e-05
1516,0,0.01603,0.0,7e-05
1517,0,0.07724,0.005,0.00034
1518,0,0.00586,0.0375,0.00023
1519,0,0.14209,0.0125,4e-05
1520,0,0.01274,0.0,6e-05
1521,0,0.01965,0.0,3e-05
1522,0,0.01005,0.0,4e-05
1523,0,0.01917,0.0,2e-05
1524,0,0.01795,0.0,2e-05
1525,0,0.02673,0.0,3e-05
1526,0,0.40064,0.2225,0.03936
1527,0,0.02535,0.0,3e-05
1528,0,0.02279,0.0,4e-05
1529,0,0.01539,0.0,3e-05
1530,0,0.02265,0.0,4e-05
1531,0,0.03835,0.0,5e-05
1532,0,0.01352,0.005,0.00012
1533,0,0.01233,0.015,0.0002
1534,0,0.09566,0.0,4e-05
1535,0,0.03965,0.0,3e-05
1536,0,0.04104,0.0,2e-05
1537,0,0.16592,0.0,0.00011
1538,0,0.02692,0.0,5e-05
1539,0,0.07639,0.0025,3e-05
1540,0,0.09723,0.0,9e-05
1541,0,0.05077,0.0025,5e-05
1542,0,0.27902,0.495,0.02644
1543,0,0.43451,0.0,0.00036
1544,0,0.07423,0.0,0.00012
1545,0,0.55794,0.0125,0.00184
1546,0,0.06434,0.0,8e-05
1547,0,0.19164,0.0,0.00069
1548,0,0.47234,0.01,0.00031
1549,0,0.24806,0.005,0.00019
1550,0,0.05643,0.0025,0.00012
1551,0,0.06006,0.0,7e-05
1552,0,0.07354,0.0,0.00013
1553,0,0.09712,0.005,0.00011
1554,0,0.74138,0.01,0.00073
1555,0,0.03194,0.0025,7e-05
1556,0,0.19347,0.0,0.0001
1557,0,0.19564,0.01,8e-05
1558,0,0.04211,0.0,0.0001
1559,0,0.17269,0.0025,0.00016
1560,0,0.16944,0.0,0.0001
1561,0,0.13652,0.0,9e-05
1562,0,0.65676,0.005,0.00013
1563,0,0.45097,0.035,0.00118
1564,0,0.56346,0.0,0.0001
1565,0,0.22508,0.0,0.0002
1566,0,0.21229,0.0,6e-05
1567,0,0.151,0.005,0.00018
1568,0,0.21795,0.0,9e-05
1569,0,0.41547,0.0,0.00017
1570,0,0.23499,0.0025,6e-05
1571,0,0.28766,0.0,0.0001
1572,0,0.17341,0.0,0.00015
1573,0,0.72281,0.0575,0.00012
1574,0,0.32441,0.0025,5e-05
1575,0,0.77782,0.005,0.00015
1576,0,0.26571,0.0025,0.00011
1577,0,0.33157,0.0,0.00013
1578,0,0.40964,0.0,7e-05
1579,0,0.31039,0.0,6e-05
1580,0,0.41863,0.0,0.00034
1581,0,0.52499,0.0225,0.00057
1582,0,0.06907,0.0,0.0001
1583,0,0.31596,0.0,7e-05
1584,1,0.91689,0.8325,0.91263
1585,0,0.22062,0.005,0.00011
1586,0,0.62354,0.0175,0.00035
1587,0,0.4138,0.0,0.00025
1588,0,0.36231,0.06,0.00119
1589,0,0.3701,0.0325,0.00069
1590,0,0.27746,0.1325,0.01024
1591,0,0.24945,0.465,0.3279
1592,0,0.61645,0.485,0.10502
1593,0,0.46546,0.1925,0.04497
1594,0,0.22298,0.25,0.11913
1595,0,0.67544,0.205,0.04619
1596,1,0.80471,0.8425,0.94772
1597,0,0.02308,0.0,3e-05
1598,0,0.04527,0.0,2e-05
1599,0,0.01424,0.0,2e-05
1600,0,0.10942,0.0,2e-05
1601,0,0.09102,0.005,3e-05
1602,0,0.06291,0.0025,2e-05
1603,0,0.01314,0.005,1e-05
1604,0,0.01173,0.0,3e-05
1605,0,0.02694,0.0025,7e-05
1606,0,0.031,0.0025,9e-05
1607,0,0.04828,0.0,4e-05
1608,0,0.1348,0.0,8e-05
1609,0,0.01364,0.01,0.00057
1610,0,0.03267,0.0,5e-05
1611,0,0.06059,0.0,7e-05
1612,0,0.01563,0.0,8e-05
1613,0,0.05378,0.0,2e-05
1614,0,0.66053,0.42,0.0316
1615,0,0.02409,0.0,0.0001
1616,0,0.20822,0.0025,0.0001
1617,0,0.02105,0.0025,7e-05
1618,0,0.03238,0.0,5e-05
1619,0,0.53149,0.025,0.00056
1620,0,0.06037,0.0,4e-05
1621,0,0.17336,0.0,6e-05
1622,0,0.02955,0.0,0.00034
1623,0,0.05442,0.005,3e-05
1624,0,0.07756,0.0,0.00011
1625,0,0.4414,0.0125,0.00012
1626,0,0.12536,0.0025,0.00038
1627,0,0.551,0.0575,0.00032
1628,0,0.06404,0.0,0.00013
1629,0,0.0415,0.0,3e-05
1630,0,0.33724,0.015,6e-05
1631,0,0.13807,0.0,0.0002
1632,0,0.05498,0.0025,0.00021
1633,0,0.1258,0.0,7e-05
1634,0,0.25278,0.0,9e-05
1635,0,0.69441,0.1875,0.0043
1636,0,0.69546,0.04,0.00091
1637,0,0.07911,0.0,4e-05
1638,0,0.14645,0.0,7e-05
1639,0,0.18486,0.0,0.0001
1640,0,0.11818,0.0,5e-05
1641,0,0.14705,0.0,3e-05
1642,0,0.07087,0.0,0.00012
1643,0,0.07884,0.0025,0.00013
1644,0,0.07522,0.0,0.00013
1645,0,0.1293,0.0,5e-05
1646,0,0.19534,0.0,4e-05
1647,0,0.31243,0.0,4e-05
1648,0,0.14799,0.0025,0.00129
1649,0,0.45518,0.0075,0.00011
1650,0,0.07931,0.0,3e-05
1651,0,0.49002,0.0,0.0001
1652,0,0.70436,0.01,0.00011
1653,0,0.14453,0.0025,2e-05
1654,0,0.88328,0.0425,0.00026
1655,0,0.95533,0.4425,0.35553
1656,0,0.17322,0.0,0.00013
1657,0,0.45753,0.0,7e-05
1658,0,0.39227,0.01,0.00013
1659,0,0.10793,0.0025,4e-05
1660,0,0.22851,0.0125,6e-05
1661,0,0.52802,0.0,8e-05
1662,0,0.37549,0.0,0.00013
1663,0,0.42348,0.0,0.00011
1664,0,0.1777,0.0175,0.0005
1665,0,0.29791,0.0,0.00012
1666,0,0.23493,0.0,5e-05
1667,0,0.31897,0.0,0.00037
1668,0,0.27213,0.0025,0.00097
1669,0,0.20962,0.0,0.00019
1670,0,0.10541,0.0,8e-05
1671,0,0.11075,0.0,0.00218
1672,0,0.42584,0.0,0.00013
1673,0,0.81058,0.1025,0.00555
1674,0,0.32808,0.17,0.00464
1675,0,0.38987,0.13,0.17033
1676,0,0.50839,0.1925,0.02494
1677,0,0.36824,0.2725,0.03001
1678,0,0.18887,0.0525,0.0037
1679,0,0.48807,0.275,0.04552
1680,0,0.49301,0.3025,0.02459
1681,0,0.4255,0.1925,0.05201
1682,0,0.38331,0.25,0.21003
1683,1,0.43144,0.195,0.02377
1684,0,0.27563,0.0075,7e-05
1685,0,0.08424,0.005,0.0005
1686,0,0.04774,0.0,0.0001
1687,0,0.01005,0.0,3e-05
1688,0,0.03137,0.0,2e-05
1689,0,0.0518,0.01,5e-05
1690,0,0.06138,0.005,7e-05
1691,0,0.04822,0.0075,6e-05
1692,0,0.09959,0.0075,9e-05
1693,0,0.03623,0.0,5e-05
1694,0,0.01439,0.0025,6e-05
1695,0,0.06888,0.0,2e-05
1696,0,0.1073,0.0,5e-05
1697,0,0.08885,0.0,5e-05
1698,0,0.11969,0.0,8e-05
1699,0,0.03575,0.0,9e-05
1700,0,0.08538,0.0225,0.00016
1701,0,0.03724,0.0,7e-05
1702,0,0.1209,0.0,0.00011
1703,0,0.20498,0.005,0.00014
1704,0,0.08163,0.0,7e-05
1705,0,0.17917,0.0,4e-05
1706,0,0.03351,0.0,7e-05
1707,0,0.21727,0.0,0.00021
1708,0,0.08356,0.0025,9e-05
1709,0,0.04789,0.0,5e-05
1710,0,0.04334,0.0,5e-05
1711,0,0.05656,0.0,0.00025
1712,0,0.33205,0.0025,0.00028
1713,0,0.04766,0.0025,0.00027
1714,0,0.45707,0.0,6e-05
1715,0,0.27995,0.0025,0.00113
1716,0,0.08518,0.0,6e-05
1717,0,0.09785,0.0,5e-05
1718,0,0.63256,0.0125,0.00024
1719,0,0.07683,0.0025,0.00014
1720,0,0.11136,0.0025,0.00016
1721,0,0.26743,0.0,0.00021
1722,0,0.15503,0.0,0.00013
1723,0,0.12554,0.0025,0.00036
1724,0,0.19869,0.0025,0.00087
1725,0,0.67824,0.005,0.0002
1726,0,0.40956,0.005,0.00018
1727,0,0.13269,0.0,0.00151
1728,0,0.07272,0.0,6e-05
1729,0,0.65245,0.0025,0.00023
1730,0,0.22519,0.0,0.00042
1731,0,0.55309,0.0175,0.00022
1732,0,0.22385,0.0,0.00013
1733,0,0.05799,0.0,0.00011
1734,0,0.3915,0.0025,0.00014
1735,0,0.15929,0.0025,0.00033
1736,0,0.39257,0.005,0.00061
1737,0,0.16935,0.0,0.00025
1738,0,0.16616,0.0325,0.00016
1739,0,0.17599,0.0,5e-05
1740,0,0.42188,0.025,0.00044
1741,0,0.20836,0.0025,0.00021
1742,0,0.38075,0.0,0.00053
1743,0,0.60223,0.005,0.00043
1744,0,0.08683,0.015,0.00539
1745,0,0.81247,0.0125,0.00039
1746,0,0.12012,0.0,0.0001
1747,0,0.48457,0.0,0.00057
1748,0,0.84258,0.3875,0.21875
1749,0,0.13894,0.0,0.00022
1750,0,0.24109,0.0,0.00018
1751,0,0.1797,0.025,0.0004
1752,0,0.33623,0.0075,0.00045
1753,0,0.26361,0.005,0.00089
1754,0,0.9043,0.0,0.00052
1755,0,0.58547,0.0075,0.00013
1756,0,0.68584,0.0025,0.00019
1757,0,0.9466,0.2225,0.52103
1758,0,0.88464,0.0725,0.00447
1759,0,0.40022,0.0,0.00017
1760,0,0.3679,0.0375,0.00033
1761,0,0.53049,0.0425,0.00825
1762,0,0.38397,0.2275,0.05562
1763,0,0.78283,0.095,0.0054
1764,1,0.1107,0.0725,0.00949
1765,0,0.21199,0.01,0.00013
1766,0,0.22434,0.0025,0.00014
1767,0,0.01569,0.0,3e-05
1768,0,0.07465,0.0,6e-05
1769,0,0.05878,0.0,4e-05
1770,0,0.10637,0.01,0.00139
1771,0,0.0135,0.0025,2e-05
1772,0,0.13527,0.0025,0.0003
1773,0,0.31966,0.0,0.00012
1774,0,0.73207,0.0775,0.03185
1775,0,0.03816,0.005,0.0001
1776,0,0.18914,0.01,0.00065
1777,0,0.01693,0.0,5e-05
1778,0,0.04234,0.0,1e-05
1779,0,0.33124,0.0425,0.00192
1780,0,0.13426,0.0,5e-05
1781,0,0.0327,0.0,3e-05
1782,0,0.03153,0.0,0.00011
1783,0,0.10143,0.01,0.00024
1784,0,0.11341,0.0075,3e-05
1785,1,0.90391,0.79,0.42474
1786,0,0.07676,0.0,4e-05
1787,0,0.05367,0.0,4e-05
1788,0,0.10322,0.0025,0.00028
1789,0,0.27267,0.0025,0.00045
1790,1,0.92976,0.695,0.63036
1791,0,0.06087,0.0,0.0002
1792,0,0.15326,0.0,7e-05
1793,0,0.28726,0.0,0.00015
1794,0,0.09254,0.0,4e-05
1795,0,0.17094,0.0,0.00013
1796,0,0.07283,0.0,3e-05
1797,0,0.08298,0.0,5e-05
1798,0,0.17092,0.0025,5e-05
1799,0,0.56731,0.0075,0.00029
1800,0,0.20303,0.005,0.00014
1801,0,0.07602,0.0,5e-05
1802,0,0.16253,0.0,8e-05
1803,0,0.30087,0.0025,0.00013
1804,0,0.0704,0.0025,0.0002
1805,0,0.61204,0.0,6e-05
1806,0,0.66083,0.05,0.00026
1807,0,0.04956,0.0,7e-05
1808,0,0.07677,0.0025,0.0014
1809,1,0.91643,0.8575,0.83271
1810,0,0.14619,0.005,0.00021
1811,0,0.70799,0.0175,0.00065
1812,0,0.04967,0.0025,4e-05
1813,0,0.09892,0.0025,6e-05
1814,0,0.50452,0.0,0.00015
1815,0,0.2516,0.0,5e-05
1816,0,0.19065,0.0,4e-05
1817,0,0.57205,0.0,0.00014
1818,0,0.08685,0.0,7e-05
1819,0,0.16834,0.0,0.00041
1820,0,0.35364,0.0,0.00036
1821,0,0.54037,0.0,5e-05
1822,0,0.21048,0.0,0.00019
1823,0,0.28108,0.0,4e-05
1824,0,0.64043,0.0025,0.00015
1825,0,0.93764,0.0675,0.00078
1826,0,0.25615,0.0075,0.00027
1827,0,0.28673,0.005,0.00023
1828,0,0.51868,0.0125,8e-05
1829,0,0.89294,0.175,0.00011
1830,0,0.31585,0.025,0.00039
1831,0,0.31298,0.0225,0.00217
1832,0,0.73699,0.02,0.00052
1833,0,0.63657,0.0225,0.00053
1834,1,0.95857,0.3975,0.2509
1835,0,0.34578,0.0025,0.0003
1836,0,0.2095,0.0225,0.00037
1837,0,0.30561,0.0025,0.00171
1838,0,0.39769,0.0325,0.00019
1839,0,0.31668,0.105,0.00072
1840,0,0.04192,0.0025,9e-05
1841,0,0.04053,0.0075,4e-05
1842,0,0.14133,0.0,8e-05
1843,0,0.01749,0.0025,2e-05
1844,0,0.04356,0.0,5e-05
1845,0,0.09897,0.0,3e-05
1846,0,0.03623,0.0,0.00013
1847,0,0.03214,0.0075,7e-05
1848,0,0.31322,0.0,0.00015
1849,0,0.05026,0.0025,5e-05
1850,0,0.06299,0.0,7e-05
1851,0,0.26439,0.015,0.00018
1852,0,0.12299,0.015,4e-05
1853,0,0.06198,0.0,5e-05
1854,0,0.08408,0.0025,5e-05
1855,0,0.08105,0.0,9e-05
1856,0,0.60637,0.2875,0.01346
1857,0,0.02997,0.0,0.00015
1858,0,0.14623,0.0,5e-05
1859,0,0.026,0.0,7e-05
1860,0,0.10602,0.0025,0.00015
1861,0,0.02564,0.0,0.00011
1862,0,0.01611,0.0,4e-05
1863,0,0.25207,0.0,9e-05
1864,0,0.08155,0.0,3e-05
1865,0,0.08568,0.0,0.00014
1866,0,0.05807,0.0,9e-05
1867,0,0.02834,0.005,0.00018
1868,0,0.15852,0.0,5e-05
1869,0,0.69122,0.035,0.00107
1870,0,0.04356,0.0,6e-05
1871,0,0.20191,0.0,0.00019
1872,0,0.04019,0.0,0.00011
1873,0,0.70789,0.065,0.00059
1874,0,0.76753,0.0225,0.00168
1875,0,0.06832,0.0,0.00027
1876,0,0.36217,0.005,0.00031
1877,0,0.76046,0.2125,0.00382
1878,0,0.04463,0.0,7e-05
1879,0,0.31774,0.005,0.00015
1880,0,0.07746,0.0,5e-05
1881,0,0.11788,0.0,0.00027
1882,0,0.5992,0.0,5e-05
1883,0,0.46566,0.0,3e-05
1884,0,0.41641,0.0,4e-05
1885,0,0.10421,0.0,0.00013
1886,0,0.23869,0.0,8e-05
1887,0,0.22779,0.0025,6e-05
1888,0,0.11981,0.0,4e-05
1889,0,0.20562,0.005,0.00235
1890,0,0.1006,0.005,0.00012
1891,0,0.31686,0.0,5e-05
1892,0,0.22059,0.0,0.00024
1893,0,0.26171,0.0,0.0002
1894,0,0.11059,0.0,7e-05
1895,0,0.12356,0.0025,0.00043
1896,0,0.7429,0.0075,0.00018
1897,0,0.22495,0.0,0.00026
1898,0,0.21398,0.0,0.0001
1899,0,0.78489,0.01,0.00011
1900,0,0.12788,0.0,0.00016
1901,0,0.0769,0.005,0.00044
1902,0,0.28582,0.0,7e-05
1903,0,0.22743,0.005,0.00253
1904,0,0.31414,0.0,0.00018
1905,0,0.1701,0.0,0.00023
1906,0,0.21879,0.005,0.00509
1907,0,0.85241,0.005,0.00016
1908,0,0.52249,0.0,0.00012
1909,0,0.3215,0.0025,0.00122
1910,0,0.56982,0.0,0.00027
1911,0,0.20137,0.01,0.0001
1912,0,0.84361,0.1025,0.01606
1913,0,0.2637,0.0025,8e-05
1914,0,0.33498,0.0175,0.00017
1915,0,0.33054,0.04,0.00539
1916,0,0.32568,0.045,0.00167
1917,0,0.79384,0.235,0.0335
1918,0,0.7136,0.0975,0.00265
1919,0,0.02745,0.0,1e-05
1920,0,0.01682,0.0,7e-05
1921,0,0.09729,0.005,3e-05
1922,0,0.0314,0.0,1e-05
1923,0,0.01398,0.0,3e-05
1924,0,0.0147,0.0,5e-05
1925,0,0.13842,0.0025,3e-05
1926,0,0.03808,0.0,0.0001
1927,0,0.01583,0.0,4e-05
1928,0,0.02727,0.0125,0.00016
1929,0,0.01749,0.0,3e-05
1930,0,0.33023,0.01,6e-05
1931,0,0.03877,0.0,3e-05
1932,0,0.05227,0.0025,0.0002
1933,0,0.02079,0.0,4e-05
1934,0,0.06873,0.0,6e-05
1935,0,0.08993,0.0,3e-05
1936,0,0.38522,0.0025,0.00018
1937,0,0.09364,0.0025,0.00019
1938,0,0.05887,0.0,0.00016
1939,0,0.10535,0.0,5e-05
1940,0,0.20676,0.01,3e-05
1941,0,0.06232,0.0,3e-05
1942,0,0.77188,0.075,0.01005
1943,0,0.09881,0.0025,8e-05
1944,0,0.06656,0.0,5e-05
1945,0,0.06488,0.0075,4e-05
1946,0,0.04871,0.0,3e-05
1947,0,0.08531,0.0,3e-05
1948,0,0.43018,0.005,0.00015
1949,0,0.14152,0.0,0.0001
1950,0,0.15671,0.005,5e-05
1951,0,0.29168,0.0,4e-05
1952,0,0.04551,0.0,7e-05
1953,0,0.66304,0.0625,0.00022
1954,0,0.08784,0.0,4e-05
1955,0,0.31837,0.0,7e-05
1956,0,0.47794,0.025,9e-05
1957,0,0.13729,0.0,0.0001
1958,0,0.10428,0.01,5e-05
1959,0,0.11702,0.0,3e-05
1960,0,0.18081,0.0,0.00017
1961,0,0.61882,0.005,0.00026
1962,0,0.65778,0.0,0.0001
1963,0,0.36823,0.0,0.00039
1964,0,0.12115,0.0,0.0001
1965,0,0.2546,0.0,0.00011
1966,0,0.08734,0.0,0.00014
1967,0,0.23762,0.0,4e-05
1968,0,0.27298,0.0,5e-05
1969,0,0.29385,0.0,0.00012
1970,0,0.0705,0.0025,0.00029
1971,0,0.86021,0.615,0.11521
1972,0,0.45337,0.01,0.00021
1973,0,0.07812,0.0025,4e-05
1974,0,0.08621,0.0,0.00017
1975,0,0.6552,0.0,0.00013
1976,0,0.4015,0.0,0.0001
1977,0,0.35739,0.0025,0.0001
1978,0,0.1015,0.005,0.00013
1979,0,0.33806,0.0,5e-05
1980,0,0.35243,0.0,0.00032
1981,0,0.80164,0.0775,0.00013
1982,0,0.34635,0.005,0.00019
1983,0,0.28683,0.0,0.0001
1984,0,0.41947,0.0,5e-05
1985,0,0.36466,0.0,0.00012
1986,0,0.49478,0.0025,5e-05
1987,0,0.54939,0.0,5e-05
1988,0,0.12373,0.0025,0.00012
1989,0,0.14508,0.0125,0.00045
1990,0,0.14639,0.0,0.00036
1991,0,0.70291,0.0,0.00034
1992,0,0.3355,0.0,0.00027
1993,0,0.55187,0.045,0.00068
1994,0,0.40457,0.015,0.00029
1995,0,0.33682,0.0025,0.00026
1996,0,0.72511,0.0025,0.00108
1997,1,0.11031,0.0,0.00021
1998,0,0.20915,0.0,2e-05
1999,0,0.01199,0.0025,2e-05
2000,0,0.04373,0.0025,8e-05
2001,0,0.12417,0.025,0.00019
2002,0,0.03728,0.005,1e-05
2003,0,0.01041,0.0025,6e-05
2004,0,0.03767,0.0025,0.0004
2005,0,0.16943,0.01,0.00023
2006,0,0.03397,0.005,0.00018
2007,0,0.11863,0.0,0.00019
2008,0,0.025,0.0,7e-05
2009,0,0.03098,0.0,4e-05
2010,0,0.02483,0.0,0.0001
2011,0,0.54065,0.06,0.00049
2012,0,0.01913,0.0,6e-05
2013,0,0.11292,0.005,0.00036
2014,0,0.11314,0.0,5e-05
2015,0,0.56094,0.01,0.0019
2016,1,0.87059,0.695,0.56866
2017,0,0.1124,0.0025,0.00011
2018,0,0.11123,0.0,6e-05
2019,0,0.11078,0.0,0.00062
2020,0,0.00968,0.0025,0.00011
2021,0,0.01675,0.0,0.00011
2022,0,0.1252,0.0,0.00016
2023,0,0.13653,0.005,0.00021
2024,0,0.63221,0.015,0.00031
2025,0,0.01418,0.0,6e-05
2026,0,0.06946,0.0,0.00018
2027,0,0.32602,0.0025,0.0001
2028,0,0.04329,0.0,8e-05
2029,0,0.10671,0.0025,0.00033
2030,0,0.17397,0.0,0.0001
2031,0,0.36109,0.0025,0.00021
2032,0,0.8756,0.455,0.1986
2033,0,0.1311,0.0,0.00016
2034,0,0.14544,0.0,0.00033
2035,0,0.25307,0.0025,0.00083
2036,0,0.02299,0.0,7e-05
2037,0,0.10955,0.0,0.00028
2038,0,0.06235,0.0025,0.00014
2039,0,0.75408,0.02,0.00021
2040,0,0.06878,0.0,7e-05
2041,0,0.09743,0.0,5e-05
2042,0,0.05142,0.01,0.00018
2043,0,0.55272,0.005,0.00046
2044,0,0.03806,0.0,9e-05
2045,0,0.20108,0.0,0.00013
2046,0,0.1089,0.005,0.00011
2047,0,0.23919,0.0,0.00014
2048,0,0.07019,0.0,0.00037
2049,0,0.19717,0.0,8e-05
2050,0,0.20488,0.0,7e-05
2051,0,0.07663,0.0,8e-05
2052,0,0.32915,0.0,0.00011
2053,0,0.21569,0.0,8e-05
2054,0,0.94335,0.29,0.1623
2055,0,0.05296,0.0,0.00012
2056,0,0.2169,0.015,0.00017
2057,0,0.68955,0.0025,0.00041
2058,0,0.43333,0.0,7e-05
2059,0,0.22086,0.0025,0.00075
2060,0,0.15589,0.03,0.00033
2061,0,0.27097,0.0025,0.00022
2062,0,0.58042,0.0025,0.00069
2063,0,0.32043,0.0,0.00013
2064,0,0.67333,0.0075,0.00033
2065,0,0.28609,0.0025,0.00011
2066,0,0.4469,0.0025,0.00066
2067,0,0.17031,0.0,0.00016
2068,0,0.27533,0.0,0.00021
2069,0,0.29014,0.0,5e-05
2070,0,0.37336,0.015,0.0001
2071,0,0.61118,0.01,0.00042
2072,0,0.87882,0.135,0.21602
2073,0,0.28946,0.0,0.00015
2074,0,0.29795,0.0,0.00049
2075,0,0.17203,0.0,0.00011
2076,1,0.95686,0.505,0.43509
2077,0,0.29068,0.0075,0.00018
2078,0,0.37334,0.01,0.00019
2079,0,0.17464,0.1575,0.08034
2080,0,0.28299,0.275,0.031
2081,0,0.78384,0.4525,0.03869
2082,0,0.7499,0.0475,0.00113
2083,0,0.18401,0.0975,0.0029
2084,0,0.01633,0.0,1e-05
2085,0,0.10585,0.0,5e-05
2086,0,0.14281,0.0,2e-05
2087,0,0.11094,0.055,0.00045
2088,0,0.04804,0.0,2e-05
2089,0,0.04714,0.005,0.00029
2090,0,0.0544,0.0025,0.00015
2091,0,0.11808,0.0125,0.00059
2092,0,0.04521,0.0025,7e-05
2093,0,0.20355,0.0,0.00014
2094,0,0.08554,0.0,4e-05
2095,0,0.04389,0.0025,9e-05
2096,0,0.10021,0.0,7e-05
2097,0,0.42569,0.0325,0.00026
2098,0,0.04587,0.0075,0.00021
2099,0,0.70981,0.175,0.00969
2100,0,0.0257,0.0,5e-05
2101,0,0.13588,0.0,4e-05
2102,0,0.05111,0.0,0.00014
2103,0,0.73736,0.23,0.00227
2104,0,0.0724,0.0025,0.00011
2105,0,0.05069,0.0,3e-05
2106,0,0.19639,0.0,6e-05
2107,0,0.02521,0.0,8e-05
2108,0,0.17516,0.0025,0.00012
2109,0,0.32956,0.0,7e-05
2110,0,0.1561,0.0,5e-05
2111,0,0.02029,0.0,0.00014
2112,0,0.36152,0.0,0.00022
2113,0,0.06197,0.0,0.0002
2114,0,0.07115,0.0,0.00019
2115,0,0.05686,0.005,0.00049
2116,0,0.29139,0.0,0.0001
2117,0,0.12116,0.005,0.00027
2118,0,0.11555,0.0,2e-05
2119,0,0.12335,0.0,5e-05
2120,0,0.11115,0.0,0.0001
2121,0,0.06235,0.0,4e-05
2122,0,0.09089,0.0,4e-05
2123,0,0.14976,0.0,9e-05
2124,0,0.12839,0.0,5e-05
2125,0,0.10432,0.0025,0.00039
2126,1,0.97332,0.77,0.81055
2127,0,0.44267,0.0,0.00041
2128,0,0.07392,0.0,0.0002
2129,0,0.1144,0.0,0.00016
2130,0,0.11577,0.0,3e-05
2131,0,0.91374,0.095,0.00127
2132,0,0.39761,0.0025,0.00022
2133,0,0.09634,0.0,0.00058
2134,0,0.15672,0.0,2e-05
2135,0,0.57801,0.0,0.00016
2136,0,0.74116,0.01,0.00014
2137,0,0.59077,0.0025,7e-05
2138,0,0.15036,0.0,7e-05
2139,0,0.31677,0.0025,0.0004
2140,0,0.54928,0.0,0.00014
2141,0,0.51239,0.0,0.0002
2142,0,0.19241,0.0025,8e-05
2143,0,0.95845,0.065,0.00086
2144,0,0.63353,0.0025,0.00028
2145,0,0.29287,0.0,0.0001
2146,0,0.8169,0.0025,0.00019
2147,0,0.33211,0.0,6e-05
2148,0,0.18364,0.0,0.00013
2149,0,0.27718,0.0025,0.0003
2150,0,0.22107,0.0,0.00015
2151,0,0.38019,0.0,5e-05
2152,0,0.57677,0.0125,0.00023
2153,0,0.13271,0.0025,0.00015
2154,0,0.39454,0.0225,0.00127
2155,0,0.17941,0.025,0.00033
2156,0,0.60755,0.1325,0.00503
2157,0,0.41699,0.0225,0.00396
2158,0,0.27249,0.57,0.16744
2159,0,0.76053,0.1,0.01214
2160,0,0.16926,0.0575,0.00109
2161,0,0.60708,0.175,0.00656
2162,0,0.4356,0.005,0.00139
2163,0,0.27529,0.2475,0.02466
2164,0,0.34048,0.1425,0.01026
2165,0,0.43617,0.1325,0.03888
2166,0,0.86672,0.33,0.0922
2167,1,0.31849,0.1825,0.03717
2168,0,0.09773,0.0,5e-05
2169,0,0.15513,0.03,3e-05
2170,0,0.17721,0.0,5e-05
2171,0,0.08049,0.0,1e-05
2172,0,0.16374,0.0,1e-05
2173,0,0.0196,0.0,0.00018
2174,0,0.06039,0.0,8e-05
2175,0,0.02523,0.0,5e-05
2176,0,0.04123,0.0,2e-05
2177,0,0.10642,0.005,0.00021
2178,0,0.10708,0.0125,0.00017
2179,0,0.10055,0.0,3e-05
2180,0,0.04246,0.0,3e-05
2181,0,0.05347,0.0025,1e-05
2182,0,0.16833,0.0175,0.00014
2183,0,0.70229,0.0925,0.00146
2184,0,0.12167,0.0,0.0001
2185,0,0.1672,0.0,6e-05
2186,0,0.05998,0.0,3e-05
2187,0,0.11606,0.0,0.0001
2188,0,0.22013,0.0125,0.00045
2189,0,0.13941,0.0,0.00014
2190,0,0.1876,0.0,2e-05
2191,0,0.17854,0.0025,8e-05
2192,0,0.13126,0.0,4e-05
2193,0,0.51526,0.0125,0.00024
2194,0,0.13635,0.0,0.00016
2195,0,0.08681,0.0,1e-05
2196,0,0.06189,0.0,0.00018
2197,0,0.0845,0.0,6e-05
2198,0,0.46755,0.0025,0.00081
2199,0,0.16358,0.0,0.00033
2200,0,0.54884,0.0125,0.0002
2201,0,0.11984,0.0,4e-05
2202,0,0.18831,0.0,3e-05
2203,0,0.10275,0.0,0.00013
2204,0,0.08925,0.0,3e-05
2205,0,0.13763,0.005,0.00025
2206,0,0.21671,0.0,3e-05
2207,0,0.76368,0.01,8e-05
2208,0,0.2826,0.0,6e-05
2209,0,0.13761,0.0,6e-05
2210,0,0.5075,0.0025,0.00023
2211,0,0.78215,0.0,0.00033
2212,0,0.85472,0.415,0.00232
2213,0,0.21656,0.0,7e-05
2214,0,0.19812,0.0,0.00019
2215,0,0.14955,0.005,0.00025
2216,0,0.60158,0.0,0.00012
2217,0,0.14793,0.0,6e-05
2218,0,0.80821,0.0025,0.00025
2219,0,0.42956,0.0,4e-05
2220,0,0.57152,0.0025,0.00018
2221,0,0.0877,0.0175,0.00145
2222,0,0.95463,0.0325,0.00051
2223,0,0.25186,0.0,9e-05
2224,0,0.6684,0.0175,0.00029
2225,0,0.21571,0.0,9e-05
2226,0,0.75138,0.0,0.00014
2227,0,0.10534,0.125,0.01126
2228,0,0.35077,0.005,0.00041
2229,0,0.53873,0.005,9e-05
2230,0,0.32145,0.0125,8e-05
2231,0,0.66419,0.025,0.00032
2232,0,0.95444,0.1175,0.00236
2233,0,0.34937,0.0025,0.00125
2234,1,0.97587,0.775,0.84401
2235,0,0.50628,0.0125,0.00013
2236,0,0.49077,0.015,0.00025
2237,0,0.36023,0.02,0.00051
2238,0,0.83059,0.0375,0.00042
2239,0,0.8972,0.0275,0.00038
2240,0,0.77832,0.0575,0.0041
2241,0,0.67777,0.0,0.00038
2242,0,0.37296,0.04,0.00692
2243,0,0.31469,0.0225,0.11168
2244,0,0.19567,0.0425,0.00175
2245,1,0.47784,0.015,0.00078
2246,0,0.04905,0.01,0.00141
2247,0,0.16086,0.0,3e-05
2248,0,0.12816,0.0025,0.00011
2249,0,0.52757,0.025,0.00048
2250,0,0.18164,0.0025,3e-05
2251,0,0.13317,0.0,0.00015
2252,0,0.04872,0.0,0.00011
2253,0,0.05808,0.0,0.00011
2254,0,0.5066,0.01,0.00029
2255,0,0.09177,0.01,0.00036
2256,0,0.03826,0.0,8e-05
2257,0,0.05702,0.0,0.00016
2258,0,0.12768,0.0075,0.00014
2259,0,0.77389,0.075,0.00214
2260,0,0.56119,0.01,0.00018
2261,0,0.04197,0.015,9e-05
2262,0,0.16125,0.015,0.00356
2263,0,0.26396,0.0,0.0001
2264,0,0.22458,0.0,0.00014
2265,0,0.1029,0.01,0.0002
2266,0,0.27267,0.0025,0.00033
2267,0,0.87201,0.125,0.02186
2268,0,0.46326,0.0075,0.00024
2269,0,0.30279,0.02,0.00055
2270,0,0.1641,0.0225,0.00027
2271,0,0.40271,0.0025,0.00019
2272,0,0.12094,0.0,0.00016
2273,0,0.59699,0.005,0.0001
2274,0,0.0754,0.0,7e-05
2275,0,0.04795,0.0,0.00015
2276,0,0.21561,0.0,2e-05
2277,0,0.67028,0.02,0.00079
2278,0,0.13414,0.0,0.0001
2279,0,0.03545,0.0025,5e-05
2280,0,0.20666,0.0,0.00011
2281,0,0.82373,0.0425,0.00183
2282,0,0.20345,0.0,3e-05
2283,0,0.53672,0.0175,0.00012
2284,0,0.58155,0.01,0.0004
2285,0,0.69769,0.0175,0.00082
2286,0,0.83511,0.0275,0.002
2287,0,0.78535,0.0475,0.00025
2288,0,0.12676,0.0025,0.00019
2289,0,0.23695,0.0,0.00023
2290,0,0.16972,0.0025,0.00021
2291,0,0.40288,0.01,0.0001
2292,0,0.07862,0.0025,0.00029
2293,0,0.81033,0.0075,0.00199
2294,0,0.21617,0.0,8e-05
2295,0,0.16961,0.0,0.0001
2296,0,0.1871,0.01,0.0001
2297,0,0.57875,0.01,0.0001
2298,0,0.19598,0.0,0.00033
2299,0,0.17194,0.0,0.00044
2300,1,0.98483,0.53,0.59598
2301,0,0.62346,0.015,0.00014
2302,0,0.20847,0.0,5e-05
2303,0,0.34417,0.0,0.00012
2304,0,0.80083,0.0175,0.00023
2305,0,0.23303,0.005,0.00012
2306,0,0.33221,0.0075,0.00025
2307,0,0.77628,0.07,0.00035
2308,0,0.17658,0.0,3e-05
2309,0,0.87945,0.0125,0.00033
2310,0,0.15989,0.0,9e-05
2311,0,0.78815,0.0025,0.00033
2312,0,0.22476,0.0,0.00021
2313,0,0.09844,0.0125,0.0003
2314,0,0.12109,0.0,0.00014
2315,0,0.47686,0.0025,0.00022
2316,0,0.30339,0.0,0.00031
2317,0,0.4804,0.01,0.00091
2318,0,0.16974,0.0,0.00012
2319,0,0.82744,0.0075,0.00052
2320,0,0.4455,0.06,0.00023
2321,0,0.19728,0.0175,0.0008
2322,0,0.60689,0.0475,0.00037
2323,0,0.62677,0.0,0.00013
2324,0,0.52352,0.0075,0.0005
2325,0,0.23684,0.025,0.00148
2326,0,0.42399,0.0425,0.00654
2327,0,0.9451,0.1525,0.01389
2328,0,0.84189,0.115,0.09713
2329,0,0.53589,0.0925,0.01462
2330,0,0.56372,0.1875,0.01231
2331,0,0.77229,0.09,0.00185
2332,1,0.93084,0.715,0.97631
2333,1,0.86217,0.68,0.72966
2334,0,0.79039,0.34,0.478
2335,0,0.69288,0.1275,0.00652
2336,0,0.06525,0.0,2e-05
2337,0,0.17064,0.005,0.00023
2338,0,0.05614,0.0,2e-05
2339,0,0.02174,0.0025,1e-05
2340,0,0.08367,0.0,5e-05
2341,0,0.08125,0.0,6e-05
2342,0,0.14402,0.0075,0.00023
2343,0,0.02216,0.0025,9e-05
2344,0,0.70112,0.25,0.00499
2345,0,0.0308,0.0025,0.00046
2346,0,0.05444,0.0025,6e-05
2347,0,0.21019,0.005,0.00013
2348,0,0.08485,0.005,0.0002
2349,0,0.08083,0.0,8e-05
2350,0,0.03431,0.015,0.00015
2351,0,0.03915,0.0,6e-05
2352,0,0.23282,0.005,0.00031
2353,0,0.13248,0.0025,0.0003
2354,0,0.04799,0.0,0.00011
2355,0,0.03839,0.01,0.00309
2356,0,0.64713,0.045,0.00114
2357,0,0.06859,0.0,5e-05
2358,0,0.07173,0.0,5e-05
2359,0,0.06125,0.005,0.00031
2360,0,0.04689,0.005,0.00028
2361,0,0.41082,0.0075,0.00018
2362,0,0.11303,0.0,3e-05
2363,0,0.12969,0.0,0.00013
2364,0,0.45714,0.0,0.00012
2365,0,0.35114,0.0125,0.00015
2366,0,0.10103,0.0,6e-05
2367,0,0.36916,0.0025,0.00027
2368,0,0.11932,0.005,0.00016
2369,0,0.20317,0.0,9e-05
2370,0,0.07917,0.0,0.00013
2371,0,0.16107,0.0,0.00012
2372,0,0.25457,0.0,0.0002
2373,0,0.43877,0.0025,0.00069
2374,0,0.50526,0.015,0.00013
2375,0,0.15811,0.0025,0.00029
2376,0,0.02173,0.0025,0.0001
2377,0,0.53032,0.005,0.0003
2378,0,0.64352,0.0,0.00033
2379,0,0.80728,0.05,0.00025
2380,0,0.35473,0.0025,0.00022
2381,0,0.85519,0.1525,0.00385
2382,0,0.10519,0.0,6e-05
2383,0,0.11833,0.0,5e-05
2384,0,0.14901,0.0,5e-05
2385,0,0.17854,0.0,8e-05
2386,0,0.12079,0.0025,7e-05
2387,0,0.26939,0.0025,0.00026
2388,0,0.58702,0.0,0.0001
2389,0,0.145,0.0,0.00026
2390,0,0.4177,0.0375,0.00094
2391,0,0.36879,0.0,0.00011
2392,0,0.16551,0.0,4e-05
2393,0,0.55816,0.0175,0.00024
2394,0,0.55276,0.0,9e-05
2395,0,0.3476,0.0,9e-05
2396,0,0.23462,0.0525,0.002
2397,0,0.19516,0.0,0.00011
2398,0,0.47633,0.0,8e-05
2399,0,0.55795,0.0,9e-05
2400,0,0.31052,0.0,8e-05
2401,0,0.89607,0.01,0.00026
2402,0,0.4763,0.0075,0.00038
2403,0,0.63508,0.0225,0.0004
2404,0,0.77264,0.005,0.00012
2405,0,0.3589,0.0075,0.00019
2406,0,0.34364,0.005,0.00063
2407,0,0.3623,0.0,0.00017
2408,0,0.66586,0.0,0.00012
2409,0,0.82587,0.2275,0.00478
2410,0,0.87253,0.0,0.00035
2411,0,0.46355,0.0,6e-05
2412,0,0.49793,0.0025,8e-05
2413,0,0.64329,0.0225,0.00035
2414,0,0.42049,0.0025,0.00046
2415,0,0.05229,0.0025,4e-05
2416,0,0.03268,0.0,6e-05
2417,0,0.08562,0.0,1e-05
2418,0,0.05535,0.0,3e-05
2419,0,0.07712,0.0,1e-05
2420,0,0.08395,0.025,0.00021
2421,0,0.08044,0.0075,0.00015
2422,0,0.52039,0.18,0.00761
2423,0,0.53257,0.0175,0.0023
2424,0,0.07941,0.0025,6e-05
2425,0,0.04269,0.0,7e-05
2426,0,0.64198,0.0125,0.00057
2427,1,0.84652,0.6875,0.48891
2428,0,0.05739,0.0,3e-05
2429,0,0.11791,0.015,0.00034
2430,0,0.31688,0.0025,0.00022
2431,0,0.09961,0.0175,0.00053
2432,0,0.39072,0.02,0.00027
2433,0,0.23337,0.0025,0.0001
2434,0,0.15956,0.0,0.00029
2435,0,0.04894,0.0125,0.00061
2436,0,0.0742,0.0,0.00026
2437,0,0.03687,0.0,0.00015
2438,0,0.08504,0.0,0.00043
2439,0,0.36025,0.0,0.00037
2440,0,0.12968,0.0,4e-05
2441,0,0.37004,0.0,0.0003
2442,0,0.0902,0.0,7e-05
2443,0,0.32767,0.0,0.00035
2444,0,0.17647,0.0,0.00011
2445,1,0.94255,0.8075,0.88295
2446,0,0.58098,0.005,8e-05
2447,0,0.47755,0.0025,0.00015
2448,0,0.42003,0.005,0.00026
2449,0,0.16807,0.0,0.00018
2450,0,0.06915,0.0,0.00011
2451,0,0.10952,0.0,0.00023
2452,0,0.08282,0.0,0.00048
2453,0,0.51849,0.2175,0.01823
2454,0,0.08238,0.0,0.00015
2455,0,0.1202,0.0,3e-05
2456,0,0.19047,0.0,4e-05
2457,0,0.16766,0.0,4e-05
2458,0,0.14074,0.0,5e-05
2459,0,0.34738,0.0,0.00031
2460,0,0.51116,0.0125,0.00026
2461,0,0.45385,0.0,0.00024
2462,0,0.1649,0.0,5e-05
2463,0,0.4352,0.0,3e-05
2464,0,0.32128,0.0,0.00011
2465,0,0.37227,0.0,0.00014
2466,0,0.20516,0.0,7e-05
2467,0,0.07984,0.0025,0.00037
2468,0,0.08383,0.0,9e-05
2469,0,0.23348,0.0,7e-05
2470,0,0.15943,0.005,0.00036
2471,0,0.44256,0.0025,0.00022
2472,0,0.46438,0.0025,9e-05
2473,0,0.87809,0.0125,0.0016
2474,0,0.21674,0.0025,0.00039
2475,0,0.32319,0.005,0.00019
2476,0,0.37077,0.0075,0.00015
2477,0,0.25863,0.0,0.00016
2478,0,0.91473,0.045,0.00138
2479,0,0.7328,0.0,0.00061
2480,0,0.28827,0.0,4e-05
2481,0,0.45843,0.005,0.00012
2482,0,0.54243,0.0075,0.00034
2483,0,0.41843,0.0025,9e-05
2484,0,0.59507,0.0,0.00055
2485,0,0.178,0.0,9e-05
2486,0,0.30561,0.0,7e-05
2487,0,0.2494,0.005,8e-05
2488,0,0.10857,0.0,0.00016
2489,0,0.67315,0.0275,0.00043
2490,0,0.38706,0.0075,0.0001
2491,0,0.78628,0.005,0.00022
2492,0,0.52473,0.0,0.00052
2493,0,0.91803,0.2625,0.35314
2494,0,0.51895,0.06,0.0029
2495,1,0.8385,0.8025,0.92965
2496,0,0.37489,0.02,0.00138
2497,0,0.4404,0.025,0.00198
2498,0,0.63283,0.065,0.00131
2499,0,0.80176,0.0775,0.00949
2500,0,0.52793,0.175,0.1092
2501,0,0.32459,0.1525,0.01065
2502,0,0.55818,0.095,0.00594
2503,1,0.91919,0.4525,0.21968
2504,0,0.09217,0.02,5e-05
2505,0,0.10297,0.0,5e-05
2506,0,0.10235,0.0,4e-05
2507,0,0.009,0.0,1e-05
2508,0,0.04751,0.015,9e-05
2509,0,0.01565,0.0,9e-05
2510,0,0.01926,0.0025,8e-05
2511,0,0.37107,0.0125,0.00022
2512,0,0.05566,0.0,0.00017
2513,0,0.04505,0.0,2e-05
2514,0,0.02302,0.0,1e-05
2515,0,0.08672,0.0,5e-05
2516,0,0.01709,0.0,6e-05
2517,0,0.04854,0.0,0.00058
2518,0,0.07586,0.0025,0.00052
2519,0,0.22944,0.0025,0.00014
2520,0,0.03636,0.0,4e-05
2521,0,0.12631,0.0,0.00014
2522,0,0.03967,0.0,4e-05
2523,0,0.03989,0.0,0.0001
2524,0,0.08127,0.0,5e-05
2525,0,0.11395,0.0125,7e-05
2526,0,0.03899,0.0,5e-05
2527,0,0.02749,0.0,4e-05
2528,0,0.44968,0.0025,0.0003
2529,0,0.0285,0.0,8e-05
2530,0,0.02423,0.0,5e-05
2531,0,0.50502,0.03,0.00123
2532,0,0.06362,0.0,0.00015
2533,0,0.11429,0.0075,0.00019
2534,0,0.01941,0.0,2e-05
2535,0,0.039,0.0,0.00012
2536,0,0.07294,0.0,0.0001
2537,0,0.2926,0.0125,9e-05
2538,0,0.132,0.0,5e-05
2539,0,0.48057,0.005,0.00013
2540,0,0.09961,0.0,0.00017
2541,0,0.09632,0.0,0.00019
2542,0,0.02961,0.0,6e-05
2543,0,0.03456,0.0025,6e-05
2544,0,0.05392,0.0,0.00054
2545,0,0.14219,0.0,0.00118
2546,0,0.07893,0.0,3e-05
2547,0,0.10887,0.0,3e-05
2548,0,0.20164,0.0,6e-05
2549,0,0.04194,0.005,0.00057
2550,0,0.25488,0.0,5e-05
2551,0,0.30149,0.0,0.00039
2552,0,0.1427,0.0,9e-05
2553,0,0.23778,0.0,7e-05
2554,0,0.18078,0.0,0.00014
2555,0,0.19322,0.0,7e-05
2556,0,0.12119,0.0,5e-05
2557,0,0.44986,0.0,0.00023
2558,0,0.61129,0.0,0.0005
2559,0,0.15349,0.0025,0.00026
2560,0,0.71989,0.0075,0.00029
2561,0,0.91046,0.3325,0.00841
2562,0,0.11908,0.0,7e-05
2563,0,0.31692,0.0,7e-05
2564,0,0.15649,0.0,6e-05
2565,0,0.17778,0.0,0.00017
2566,0,0.4483,0.005,8e-05
2567,0,0.1406,0.0075,0.00016
2568,0,0.12778,0.0,0.00015
2569,0,0.39556,0.0,0.00011
2570,0,0.14701,0.015,6e-05
2571,0,0.14718,0.01,0.00029
2572,0,0.33188,0.0,0.00013
2573,0,0.23585,0.0125,0.00016
2574,0,0.45787,0.0,0.00011
2575,0,0.26243,0.0025,0.00293
2576,0,0.72869,0.0125,0.00211
2577,0,0.50502,0.0,7e-05
2578,0,0.61428,0.0025,0.00011
2579,0,0.48622,0.0075,0.00024
2580,0,0.21648,0.0125,0.00057
2581,0,0.69978,0.315,0.00282
2582,1,0.95487,0.7,0.65261
2583,0,0.30292,0.0,4e-05
2584,0,0.71839,0.15,0.00527
2585,0,0.80615,0.0,0.00046
2586,0,0.39668,0.04,0.00707
2587,0,0.70896,0.01,0.00109
2588,0,0.8173,0.085,0.08407
2589,0,0.27959,0.0275,0.00617
2590,0,0.81537,0.2375,0.04169
2591,0,0.12238,0.01,7e-05
2592,0,0.21027,0.0025,3e-05
2593,0,0.19158,0.0,4e-05
2594,0,0.33164,0.0175,8e-05
2595,0,0.01523,0.01,2e-05
2596,0,0.04037,0.0,3e-05
2597,0,0.02152,0.0,0.00259
2598,0,0.02919,0.0,0.00065
2599,1,0.88366,0.7275,0.98092
2600,0,0.02401,0.0,0.00051
2601,0,0.16,0.0,0.00018
2602,0,0.32008,0.0025,0.00016
2603,0,0.04705,0.0,7e-05
2604,0,0.03219,0.0025,0.00011
2605,0,0.05846,0.0025,0.00012
2606,0,0.05952,0.0,3e-05
2607,0,0.02503,0.0,0.00016
2608,0,0.27562,0.01,9e-05
2609,0,0.09912,0.0,8e-05
2610,0,0.06974,0.0,4e-05
2611,0,0.11224,0.0,1e-05
2612,0,0.09866,0.0,8e-05
2613,0,0.58092,0.1575,0.00323
2614,0,0.09034,0.005,2e-05
2615,0,0.15417,0.0,3e-05
2616,0,0.09154,0.0,0.00012
2617,0,0.80891,0.6025,0.0203
2618,0,0.19773,0.0,3e-05
2619,0,0.35467,0.0,5e-05
2620,0,0.21585,0.0,5e-05
2621,0,0.07692,0.0,4e-05
2622,0,0.1258,0.0,0.00036
2623,0,0.03613,0.0,0.00018
2624,0,0.7316,0.1975,0.00287
2625,0,0.1323,0.0125,0.00032
2626,0,0.05852,0.005,0.00011
2627,0,0.0625,0.0025,0.00021
2628,0,0.39284,0.005,0.00013
2629,0,0.40014,0.005,9e-05
2630,0,0.22509,0.0,9e-05
2631,0,0.04907,0.01,0.00052
2632,0,0.26704,0.0,5e-05
2633,0,0.04793,0.0025,0.00013
2634,0,0.26077,0.0,0.0001
2635,0,0.05831,0.0,5e-05
2636,0,0.57672,0.0,0.00014
2637,0,0.82378,0.1175,0.00034
2638,0,0.29386,0.0,6e-05
2639,0,0.13039,0.0025,0.00046
2640,0,0.35938,0.0,0.00017
2641,0,0.80216,0.0075,0.00038
2642,0,0.2926,0.0025,0.00038
2643,0,0.37107,0.0,7e-05
2644,0,0.45727,0.0125,0.0003
2645,0,0.46241,0.0,7e-05
2646,0,0.20328,0.0,9e-05
2647,0,0.3059,0.0,0.00015
2648,0,0.43443,0.0,0.00031
2649,0,0.82219,0.01,8e-05
2650,0,0.35614,0.0,7e-05
2651,0,0.86697,0.0275,0.00015
2652,0,0.39983,0.0125,0.00021
2653,0,0.13189,0.0075,0.00102
2654,0,0.23284,0.0225,0.00057
2655,0,0.27756,0.0,0.00018
2656,0,0.18538,0.0325,0.00021
2657,0,0.70036,0.005,0.00028
2658,0,0.24924,0.0075,0.00044
2659,0,0.48573,0.005,0.00035
2660,0,0.15549,0.005,4e-05
2661,0,0.86557,0.35,0.08723
2662,0,0.52073,0.0,0.00018
2663,0,0.2787,0.0125,0.00036
2664,0,0.26841,0.0,8e-05
2665,0,0.53804,0.0225,0.00015
2666,0,0.79861,0.21,0.04222
2667,0,0.1946,0.0625,0.02887
2668,0,0.55937,0.045,0.00126
2669,0,0.28809,0.1225,0.0024
2670,0,0.25901,0.1025,0.10199
2671,0,0.79592,0.095,0.00678
2672,1,0.36803,0.055,0.00678
2673,0,0.05598,0.0025,8e-05
2674,0,0.05419,0.0,5e-05
2675,0,0.03835,0.0,2e-05
2676,0,0.04167,0.0,5e-05
2677,0,0.03477,0.0,3e-05
2678,0,0.04709,0.0,1e-05
2679,0,0.06245,0.0,5e-05
2680,0,0.10993,0.0,8e-05
2681,0,0.00969,0.0125,0.00019
2682,0,0.01444,0.0,4e-05
2683,0,0.02899,0.0025,0.00054
2684,0,0.00917,0.0025,8e-05
2685,0,0.02458,0.0,3e-05
2686,0,0.03555,0.0,3e-05
2687,0,0.01279,0.0,7e-05
2688,0,0.32394,0.005,9e-05
2689,0,0.30781,0.0125,8e-05
2690,0,0.03272,0.0,4e-05
2691,0,0.02726,0.0025,0.00013
2692,0,0.23411,0.0025,0.0001
2693,0,0.03312,0.0,0.00015
2694,0,0.09201,0.0,3e-05
2695,0,0.14122,0.0,9e-05
2696,0,0.05651,0.005,0.00015
2697,0,0.22774,0.0025,7e-05
2698,0,0.02115,0.005,8e-05
2699,0,0.12797,0.0,5e-05
2700,0,0.85625,0.1175,0.00247
2701,0,0.11595,0.0,6e-05
2702,0,0.31177,0.0025,7e-05
2703,0,0.06237,0.0,3e-05
2704,0,0.75174,0.04,0.00024
2705,0,0.07497,0.01,8e-05
2706,0,0.91832,0.4325,0.37652
2707,0,0.09381,0.0,0.0001
2708,0,0.07131,0.0,8e-05
2709,0,0.40554,0.3,0.00739
2710,0,0.19689,0.0,9e-05
2711,0,0.2377,0.0,0.00011
2712,0,0.50922,0.0025,5e-05
2713,0,0.46126,0.0175,4e-05
2714,0,0.06221,0.0,4e-05
2715,0,0.61535,0.0,8e-05
2716,0,0.06957,0.015,0.0002
2717,0,0.41674,0.0,9e-05
2718,0,0.22093,0.0025,0.0003
2719,0,0.25329,0.0,0.00013
2720,0,0.09059,0.0075,0.00201
2721,0,0.26442,0.0,8e-05
2722,0,0.0456,0.005,0.00029
2723,0,0.1205,0.0,6e-05
2724,0,0.55036,0.0,0.0005
2725,0,0.20869,0.0,0.0001
2726,0,0.13009,0.0,5e-05
2727,0,0.14606,0.0025,0.00019
2728,0,0.11902,0.0,0.00031
2729,0,0.12816,0.005,0.00022
2730,0,0.84136,0.005,0.0002
2731,0,0.41246,0.0,0.00016
2732,0,0.12023,0.0025,0.00021
2733,0,0.86665,0.0075,0.00012
2734,0,0.17581,0.0,0.0001
2735,0,0.08863,0.0,3e-05
2736,0,0.42662,0.0,0.00041
2737,0,0.25159,0.0,9e-05
2738,0,0.36544,0.0,8e-05
2739,0,0.5648,0.0,6e-05
2740,0,0.27743,0.0,5e-05
2741,0,0.62449,0.0,9e-05
2742,0,0.77958,0.0025,0.00015
2743,0,0.72314,0.005,0.00018
2744,0,0.6369,0.0025,9e-05
2745,0,0.15483,0.0,0.00061
2746,0,0.5033,0.0,4e-05
2747,0,0.56316,0.0,0.00043
2748,0,0.21216,0.0,3e-05
2749,0,0.46481,0.005,0.00027
2750,1,0.18044,0.0075,9e-05
2751,0,0.24486,0.0075,0.00041
2752,0,0.82877,0.015,0.00113
2753,0,0.33617,0.2225,0.00506
2754,0,0.2938,0.055,0.00655
2755,0,0.25993,0.0025,8e-05
2756,0,0.41001,0.0075,0.00128
2757,0,0.54599,0.025,0.00057
2758,0,0.23007,0.1175,0.0218
2759,0,0.5595,0.125,0.0057
2760,0,0.58768,0.1,0.01704
2761,0,0.45818,0.17,0.00852
2762,1,0.98692,0.83,0.99675
2763,0,0.75941,0.0325,0.00189
2764,0,0.89431,0.0925,0.0068
2765,0,0.27259,0.01,8e-05
2766,0,0.39162,0.02,5e-05
2767,0,0.05476,0.0025,9e-05
2768,0,0.04728,0.0,2e-05
2769,0,0.03442,0.0,0.00012
2770,0,0.01892,0.0,4e-05
2771,0,0.06823,0.0025,0.00031
2772,0,0.03722,0.0,0.00022
2773,0,0.07126,0.0,0.00021
2774,0,0.03582,0.0,5e-05
2775,0,0.1296,0.0,2e-05
2776,0,0.51663,0.005,5e-05
2777,0,0.2867,0.0,6e-05
2778,0,0.10076,0.0,5e-05
2779,0,0.15904,0.0075,0.00016
2780,0,0.26601,0.0025,0.00014
2781,0,0.04373,0.0,2e-05
2782,0,0.32069,0.025,0.00029
2783,0,0.08958,0.0,7e-05
2784,0,0.03265,0.0,5e-05
2785,0,0.58425,0.0025,9e-05
2786,0,0.02398,0.0,7e-05
2787,0,0.02094,0.005,0.00017
2788,0,0.08654,0.0,5e-05
2789,0,0.37349,0.0,0.00023
2790,0,0.1396,0.02,0.00066
2791,0,0.17301,0.0,0.00032
2792,0,0.11357,0.0,0.00023
2793,0,0.06502,0.0,3e-05
2794,0,0.06995,0.0,2e-05
2795,0,0.50378,0.0,0.00011
2796,0,0.39513,0.005,0.00111
2797,0,0.08977,0.0,2e-05
2798,0,0.64477,0.0075,0.00012
2799,0,0.29916,0.0,8e-05
2800,0,0.22698,0.0,0.00034
2801,0,0.3753,0.0,0.00013
2802,0,0.04796,0.0225,0.02203
2803,0,0.49421,0.0,0.0001
2804,0,0.41779,0.0,0.0002
2805,0,0.15493,0.0,0.0001
2806,0,0.30232,0.0,5e-05
2807,0,0.09773,0.0,0.00038
2808,0,0.14162,0.0025,9e-05
2809,0,0.26111,0.0,5e-05
2810,0,0.18773,0.0,4e-05
2811,0,0.10394,0.0,0.00019
2812,0,0.11822,0.015,0.00015
2813,0,0.12188,0.0,0.0002
2814,0,0.18762,0.0025,0.00012
2815,0,0.89051,0.0275,0.00066
2816,0,0.07054,0.0,7e-05
2817,0,0.57019,0.0,0.00013
2818,0,0.20033,0.0,0.00011
2819,0,0.19368,0.0,0.00114
2820,0,0.63155,0.0,0.00011
2821,0,0.68673,0.01,0.00021
2822,0,0.23598,0.0025,0.0003
2823,0,0.46239,0.0,7e-05
2824,0,0.94128,0.51,0.00854
2825,0,0.33001,0.0025,7e-05
2826,0,0.09126,0.0,7e-05
2827,0,0.22727,0.0025,4e-05
2828,0,0.85402,0.01,7e-05
2829,0,0.31233,0.0025,0.00014
2830,0,0.49094,0.0,5e-05
2831,0,0.31465,0.0075,7e-05
2832,0,0.82013,0.0075,0.00011
2833,0,0.3844,0.0,9e-05
2834,0,0.4433,0.0275,0.00031
2835,0,0.6089,0.0025,0.00034
2836,0,0.24831,0.0,4e-05
2837,0,0.66409,0.0,0.00028
2838,0,0.46652,0.03,0.00054
2839,0,0.44958,0.0,8e-05
2840,0,0.30114,0.015,0.00082
2841,0,0.32241,0.0025,0.0002
2842,0,0.42415,0.01,0.0002
2843,0,0.89738,0.2625,0.01229
2844,0,0.71624,0.0,0.00027
2845,0,0.69725,0.0025,0.00011
2846,0,0.95358,0.2175,0.00201
2847,0,0.70744,0.0225,0.00134
2848,0,0.6725,0.0025,0.00032
2849,0,0.97289,0.245,0.08227
2850,0,0.59249,0.025,0.0036
2851,0,0.75593,0.0475,0.00538
2852,0,0.84883,0.385,0.13492
2853,0,0.80327,0.23,0.01963
2854,0,0.61235,0.1875,0.00331
2855,0,0.69993,0.115,0.0184
2856,0,0.61613,0.1075,0.01525
2857,0,0.81875,0.1825,0.00213
2858,0,0.58685,0.1775,0.05183
2859,1,0.95612,0.4575,0.52911
2860,0,0.92484,0.0875,0.01093
2861,0,0.93364,0.2725,0.15318
2862,0,0.86541,0.0625,0.00956
2863,0,0.64796,0.275,0.19941
2864,0,0.87566,0.0975,0.01218
2865,1,0.83091,0.3875,0.0954
2866,0,0.03094,0.0,7e-05
2867,0,0.10254,0.0025,5e-05
2868,0,0.16995,0.0125,4e-05
2869,0,0.21298,0.0,7e-05
2870,0,0.04998,0.0,4e-05
2871,0,0.09201,0.0,0.0001
2872,0,0.06015,0.0025,0.0001
2873,0,0.05006,0.0025,0.00072
2874,0,0.09687,0.0,4e-05
2875,0,0.55677,0.01,0.00021
2876,0,0.0811,0.0025,6e-05
2877,0,0.02597,0.005,0.00014
2878,0,0.06297,0.005,8e-05
2879,0,0.02869,0.005,5e-05
2880,1,0.91605,0.55,0.60812
2881,0,0.13667,0.0,5e-05
2882,0,0.11423,0.0,5e-05
2883,0,0.16652,0.0,0.0001
2884,0,0.10647,0.0125,0.0003
2885,0,0.13308,0.0025,0.00016
2886,0,0.23077,0.005,0.00013
2887,0,0.1172,0.0025,4e-05
2888,0,0.05036,0.0125,0.00035
2889,0,0.33946,0.045,0.00088
2890,0,0.11192,0.0,0.00013
2891,0,0.09473,0.0025,8e-05
2892,0,0.14442,0.0225,0.00015
2893,0,0.65889,0.02,0.00175
2894,0,0.10375,0.0,7e-05
2895,0,0.07233,0.005,0.00052
2896,0,0.58743,0.0,0.00054
2897,0,0.11548,0.0,0.0001
2898,0,0.27847,0.0,5e-05
2899,0,0.3396,0.0,0.00011
2900,0,0.17911,0.0,0.00013
2901,0,0.17543,0.0025,3e-05
2902,0,0.19712,0.0,0.00023
2903,0,0.11594,0.0025,5e-05
2904,0,0.12651,0.0,0.00093
2905,0,0.93158,0.6975,0.87803
2906,0,0.27371,0.0,6e-05
2907,0,0.15552,0.005,0.00015
2908,0,0.20756,0.0,7e-05
2909,0,0.87318,0.0625,0.00137
2910,0,0.61391,0.0,0.00015
2911,0,0.49287,0.0,6e-05
2912,0,0.24065,0.055,0.00128
2913,0,0.22329,0.0125,0.00029
2914,0,0.21077,0.0,9e-05
2915,0,0.13004,0.0025,9e-05
2916,0,0.9282,0.205,0.00154
2917,0,0.29206,0.0025,0.00027
2918,0,0.40881,0.0,0.0001
2919,0,0.11465,0.0,0.00038
2920,0,0.36614,0.0625,0.00166
2921,0,0.32556,0.0,8e-05
2922,0,0.29014,0.07,0.00035
2923,0,0.31626,0.0,0.00013
2924,0,0.78912,0.0125,0.00037
2925,0,0.65224,0.0,0.00065
2926,0,0.74499,0.005,0.00025
2927,0,0.95463,0.005,0.00037
2928,0,0.75952,0.005,0.00037
2929,0,0.69705,0.0475,0.00208
2930,0,0.37964,0.0,0.00031
2931,0,0.83371,0.0,0.00026
2932,0,0.6137,0.0325,0.00692
2933,0,0.64923,0.0,0.00012
2934,0,0.38175,0.015,0.00046
2935,0,0.71643,0.0025,0.00016
2936,0,0.26517,0.02,0.00051
2937,0,0.80058,0.0125,0.00053
2938,0,0.51695,0.0675,0.00071
2939,0,0.27002,0.0,0.0001
2940,0,0.57404,0.0125,0.00158
2941,0,0.93917,0.2825,0.0271
2942,1,0.55195,0.0375,0.00231
2943,0,0.47202,0.0075,0.00015
2944,0,0.06133,0.0075,7e-05
2945,0,0.03226,0.0,3e-05
2946,0,0.03033,0.005,8e-05
2947,0,0.02537,0.0,6e-05
2948,0,0.02316,0.0325,0.00134
2949,0,0.08905,0.0025,0.00033
2950,0,0.36523,0.0175,0.00045
2951,0,0.24995,0.0,0.00024
2952,0,0.09716,0.01,0.0001
2953,0,0.0402,0.0,0.00018
2954,0,0.10791,0.0,9e-05
2955,0,0.03175,0.005,0.00017
2956,0,0.16457,0.0025,0.00038
2957,0,0.04186,0.0175,0.00025
2958,0,0.45378,0.0,0.00015
2959,0,0.31792,0.0025,0.00016
2960,0,0.11509,0.0025,5e-05
2961,0,0.33426,0.0,0.00026
2962,0,0.15948,0.0,7e-05
2963,0,0.21176,0.0,6e-05
2964,0,0.15931,0.0,0.00116
2965,0,0.14017,0.0025,0.00013
2966,0,0.10451,0.0,5e-05
2967,0,0.47069,0.0,4e-05
2968,0,0.59198,0.035,0.00076
2969,0,0.11696,0.03,0.00026
2970,0,0.39695,0.0,0.00034
2971,0,0.0946,0.0125,0.00013
2972,0,0.19578,0.0125,0.00018
2973,0,0.23403,0.005,0.00018
2974,0,0.6058,0.0,0.00015
2975,0,0.15617,0.0025,0.00013
2976,0,0.18921,0.0225,0.00045
2977,0,0.27037,0.01,0.00024
2978,0,0.6854,0.01,0.00022
2979,0,0.26336,0.0,4e-05
2980,0,0.32263,0.0025,7e-05
2981,0,0.18333,0.0025,0.0001
2982,0,0.30794,0.0,6e-05
2983,0,0.2957,0.01,0.00117
2984,0,0.81979,0.0625,0.00175
2985,0,0.15191,0.0025,0.00124
2986,0,0.13913,0.0,0.0001
2987,0,0.68275,0.005,0.00114
2988,0,0.10114,0.0225,0.00034
2989,0,0.47771,0.0,8e-05
2990,0,0.5011,0.0025,0.00012
2991,0,0.17405,0.0,0.0002
2992,0,0.55635,0.0175,0.00039
2993,0,0.13283,0.05,0.00081
2994,0,0.8502,0.0225,0.0012
2995,0,0.8951,0.025,0.00142
2996,0,0.35734,0.015,0.0004
2997,0,0.18118,0.0,0.00031
2998,0,0.97197,0.25,0.02984
2999,0,0.36927,0.0075,0.00031
3000,0,0.97866,0.3425,0.02316
3001,1,0.99612,0.42,0.88307
3002,0,0.53409,0.0025,0.0001
3003,0,0.42271,0.0,8e-05
3004,0,0.33518,0.0,0.00012
3005,0,0.908,0.005,0.00017
3006,0,0.33056,0.0,0.00056
3007,0,0.22418,0.0,0.00026
3008,0,0.6642,0.0125,0.00132
3009,0,0.4014,0.0,6e-05
3010,0,0.27555,0.0,0.00016
3011,0,0.44958,0.0,0.00015
3012,0,0.84084,0.0,0.00018
3013,0,0.66977,0.015,0.00038
3014,0,0.78933,0.015,0.00064
3015,0,0.84599,0.0,0.00018
3016,0,0.26725,0.025,0.00665
3017,0,0.86379,0.0275,0.00133
3018,0,0.76384,0.43,0.01757
3019,0,0.41236,0.1275,0.00494
3020,1,0.93068,0.705,0.91815
3021,0,0.60142,0.145,0.10257
3022,0,0.88218,0.3425,0.02905
3023,0,0.71269,0.09,0.00637
3024,0,0.51101,0.175,0.01037
3025,0,0.67831,0.0525,0.0143
3026,0,0.8739,0.6575,0.26131
3027,0,0.44063,0.545,0.03977
3028,0,0.02359,0.005,9e-05
3029,0,0.57178,0.0125,0.0001
3030,0,0.64469,0.0125,4e-05
3031,0,0.02582,0.0,1e-05
3032,0,0.04621,0.005,4e-05
3033,0,0.06879,0.0,6e-05
3034,0,0.06976,0.005,0.00013
3035,0,0.12438,0.0,5e-05
3036,0,0.07609,0.0,0.00029
3037,0,0.12003,0.0125,0.00011
3038,0,0.09139,0.01,0.00018
3039,0,0.27243,0.0025,0.00013
3040,0,0.05049,0.0,3e-05
3041,0,0.06304,0.0,6e-05
3042,0,0.1434,0.0,5e-05
3043,0,0.14199,0.0,3e-05
3044,0,0.11867,0.0,9e-05
3045,0,0.13381,0.0,7e-05
3046,0,0.06033,0.0,4e-05
3047,0,0.09449,0.0,4e-05
3048,0,0.14776,0.0,3e-05
3049,0,0.35184,0.0,5e-05
3050,0,0.62099,0.01,7e-05
3051,0,0.62689,0.005,6e-05
3052,0,0.3371,0.0025,0.00019
3053,0,0.14318,0.0025,6e-05
3054,0,0.04641,0.0,2e-05
3055,0,0.16602,0.005,0.00027
3056,0,0.05852,0.0025,0.00022
3057,0,0.10157,0.0,7e-05
3058,0,0.34173,0.0075,0.00019
3059,0,0.242,0.0025,3e-05
3060,0,0.1915,0.0,0.00017
3061,0,0.17348,0.005,0.00014
3062,0,0.87971,0.015,8e-05
3063,0,0.32627,0.0,2e-05
3064,0,0.36333,0.0,0.00011
3065,0,0.15328,0.02,0.00016
3066,0,0.0671,0.0625,0.00069
3067,0,0.31354,0.005,5e-05
3068,0,0.18619,0.0,3e-05
3069,0,0.0835,0.0,3e-05
3070,0,0.26617,0.0,7e-05
3071,0,0.07676,0.0025,0.00016
3072,0,0.52742,0.0375,0.00136
3073,0,0.87352,0.02,0.00024
3074,0,0.669,0.0,0.0001
3075,0,0.25333,0.015,0.00014
3076,0,0.32867,0.0025,0.00024
3077,0,0.37763,0.0,0.00011
3078,0,0.16553,0.0,0.0002
3079,0,0.79741,0.0125,0.00031
3080,0,0.83558,0.0125,0.00024
3081,0,0.49944,0.0,7e-05
3082,0,0.2222,0.01,0.00086
3083,0,0.28091,0.0,6e-05
3084,0,0.21572,0.0,0.00028
3085,0,0.73127,0.045,6e-05
3086,0,0.44205,0.0,9e-05
3087,0,0.21004,0.0,4e-05
3088,0,0.60481,0.0,9e-05
3089,0,0.16728,0.0,5e-05
3090,0,0.2796,0.0025,5e-05
3091,0,0.55971,0.0,0.00017
3092,0,0.09457,0.0025,0.00011
3093,0,0.77828,0.105,0.01146
3094,0,0.81988,0.015,0.00016
3095,0,0.51431,0.0,0.00037
3096,0,0.36266,0.0225,0.00014
3097,0,0.56055,0.0075,0.00019
3098,0,0.64857,0.0,0.00021
3099,0,0.79675,0.0125,0.00024
3100,0,0.64324,0.01,0.00015
3101,0,0.78934,0.0,0.00017
3102,0,0.22583,0.0,6e-05
3103,0,0.80555,0.0275,0.00049
3104,0,0.35923,0.0375,0.00161
3105,0,0.28982,0.175,0.00126
3106,0,0.56681,0.0625,0.00295
3107,0,0.52301,0.0525,0.00181
3108,0,0.29559,0.0875,0.00161
3109,0,0.51053,0.0575,0.00787
3110,0,0.79197,0.03,0.00145
3111,0,0.01094,0.0,2e-05
3112,0,0.04609,0.0,2e-05
3113,0,0.45945,0.0025,6e-05
3114,0,0.43966,0.0175,8e-05
3115,0,0.0335,0.0275,0.00026
3116,0,0.10537,0.0,2e-05
3117,0,0.04448,0.0,4e-05
3118,0,0.11259,0.01,0.00016
3119,0,0.20851,0.0,6e-05
3120,0,0.0551,0.0,5e-05
3121,0,0.1067,0.0,4e-05
3122,0,0.19697,0.0,4e-05
3123,0,0.27475,0.0,5e-05
3124,0,0.04477,0.0025,2e-05
3125,0,0.18387,0.0,3e-05
3126,0,0.03705,0.015,6e-05
3127,0,0.03873,0.0,2e-05
3128,0,0.05182,0.0025,5e-05
3129,0,0.11765,0.0,4e-05
3130,0,0.11356,0.0,3e-05
3131,0,0.04524,0.0,7e-05
3132,0,0.10208,0.0,2e-05
3133,0,0.21917,0.0,3e-05
3134,0,0.35317,0.0125,0.00011
3135,0,0.40351,0.0,9e-05
3136,0,0.43245,0.0075,0.00017
3137,0,0.75857,0.0025,0.00072
3138,0,0.11475,0.0,0.00016
3139,0,0.1092,0.0075,0.00026
3140,0,0.07254,0.03,0.00025
3141,1,0.8627,0.4175,0.12004
3142,0,0.46021,0.0,7e-05
3143,0,0.22572,0.0,4e-05
3144,0,0.09488,0.0175,0.00023
3145,0,0.04643,0.0,5e-05
3146,0,0.14927,0.0,0.00015
3147,0,0.08679,0.0,0.00036
3148,0,0.204,0.0025,0.00022
3149,0,0.08019,0.005,0.00021
3150,0,0.05409,0.0,0.00015
3151,0,0.06369,0.0,7e-05
3152,0,0.32549,0.01,0.00045
3153,0,0.28813,0.0,0.00029
3154,0,0.6979,0.0,0.00039
3155,0,0.52055,0.0,7e-05
3156,0,0.79208,0.01,0.0007
3157,0,0.13961,0.0,6e-05
3158,0,0.33686,0.0,9e-05
3159,0,0.1941,0.005,0.0004
3160,0,0.38541,0.02,0.00063
3161,0,0.61241,0.005,0.0002
3162,0,0.96115,0.355,0.00947
3163,0,0.30636,0.01,0.00027
3164,0,0.4093,0.0,0.00014
3165,0,0.31327,0.0025,0.00019
3166,0,0.20996,0.0,7e-05
3167,0,0.29739,0.0,0.00027
3168,0,0.45971,0.0025,0.00088
3169,0,0.13792,0.01,0.00824
3170,0,0.51905,0.005,7e-05
3171,0,0.34291,0.0,8e-05
3172,0,0.94551,0.0375,0.00086
3173,0,0.43875,0.0,0.00033
3174,0,0.32695,0.0,9e-05
3175,0,0.38124,0.0,0.00016
3176,0,0.67377,0.0025,0.00016
3177,0,0.65597,0.0025,0.00042
3178,0,0.22058,0.01,0.0003
3179,0,0.80031,0.025,0.00041
3180,0,0.50064,0.0,5e-05
3181,0,0.79381,0.0075,0.00033
3182,0,0.46728,0.0,0.00042
3183,0,0.83598,0.0025,0.00025
3184,0,0.37282,0.0,0.00058
3185,0,0.40856,0.0075,0.00081
3186,0,0.25716,0.03,0.00088
3187,0,0.82075,0.0425,0.00116
3188,0,0.33672,0.06,0.00122
3189,0,0.9125,0.135,0.01836
3190,0,0.44677,0.05,0.01405
3191,0,0.33894,0.15,0.04327
3192,0,0.7388,0.2075,0.01338
3193,0,0.40668,0.415,0.18795
3194,0,0.08652,0.0175,0.00019
3195,0,0.48534,0.0,2e-05
3196,0,0.0272,0.0,3e-05
3197,0,0.07485,0.0,2e-05
3198,0,0.07191,0.0,3e-05
3199,0,0.14801,0.0,3e-05
3200,0,0.03219,0.0,2e-05
3201,0,0.12425,0.0,0.00035
3202,0,0.36764,0.0,0.00026
3203,0,0.12559,0.0,4e-05
3204,0,0.07307,0.0,3e-05
3205,0,0.6643,0.0125,0.00016
3206,0,0.1126,0.0,9e-05
3207,0,0.05605,0.0,2e-05
3208,0,0.04757,0.0025,3e-05
3209,0,0.06458,0.005,0.00019
3210,0,0.04932,0.0,2e-05
3211,0,0.18742,0.0275,0.00048
3212,0,0.69497,0.005,7e-05
3213,0,0.11478,0.0,2e-05
3214,0,0.14828,0.015,0.0004
3215,0,0.45116,0.0075,9e-05
3216,0,0.27649,0.01,0.0001
3217,0,0.04603,0.025,0.00026
3218,0,0.29432,0.0025,0.00013
3219,0,0.76332,0.005,0.00032
3220,0,0.11285,0.0,7e-05
3221,0,0.09967,0.0,0.0001
3222,0,0.52779,0.0425,0.00247
3223,0,0.2572,0.0,0.00024
3224,0,0.07662,0.0,5e-05
3225,0,0.06953,0.0,5e-05
3226,0,0.25841,0.0,7e-05
3227,0,0.54688,0.005,0.0002
3228,0,0.16604,0.0,3e-05
3229,0,0.63617,0.0,9e-05
3230,0,0.34921,0.0,0.00021
3231,0,0.22263,0.0,0.00015
3232,0,0.48748,0.005,0.00027
3233,0,0.44877,0.0,3e-05
3234,0,0.22141,0.0025,4e-05
3235,0,0.27448,0.0,8e-05
3236,0,0.29506,0.005,0.00015
3237,1,0.96117,0.2525,0.02865
3238,0,0.19827,0.0,0.00023
3239,0,0.13997,0.015,0.00065
3240,0,0.7723,0.0075,0.00081
3241,0,0.41643,0.0,0.00011
3242,0,0.47141,0.0,4e-05
3243,0,0.3116,0.015,0.00045
3244,0,0.31949,0.0,0.00019
3245,0,0.57867,0.005,0.00116
3246,0,0.21928,0.0,0.00014
3247,0,0.5198,0.0,0.00018
3248,0,0.15606,0.0,0.00013
3249,0,0.39832,0.0,0.00035
3250,0,0.42111,0.005,0.0002
3251,0,0.20286,0.06,0.00502
3252,0,0.37363,0.0025,0.0001
3253,0,0.42161,0.035,0.00059
3254,0,0.92484,0.0325,0.00053
3255,0,0.91554,0.0775,0.0019
3256,0,0.70507,0.0,0.00021
3257,0,0.59436,0.0,0.0001
3258,0,0.53135,0.0075,0.00051
3259,0,0.49529,0.0,8e-05
3260,0,0.31822,0.0,6e-05
3261,0,0.5512,0.02,0.00017
3262,0,0.40841,0.0,9e-05
3263,0,0.53478,0.0,0.00011
3264,0,0.93713,0.185,0.00233
3265,0,0.66011,0.0,0.00018
3266,0,0.92325,0.4475,0.62899
3267,1,0.92476,0.655,0.7382
3268,0,0.82982,0.0,0.00013
3269,0,0.52008,0.0125,0.00062
3270,0,0.63472,0.005,0.00022
3271,0,0.6673,0.23,0.05673
3272,0,0.63977,0.1025,0.00074
3273,0,0.35135,0.04,0.00239
3274,0,0.62419,0.015,0.00309
3275,0,0.06759,0.0,1e-05
3276,0,0.03368,0.0,2e-05
3277,0,0.08044,0.0375,0.0004
3278,0,0.19278,0.0,4e-05
3279,0,0.16404,0.0,4e-05
3280,0,0.50603,0.0075,0.0008
3281,0,0.45564,0.0,0.0005
3282,0,0.19096,0.0,0.00024
3283,0,0.20059,0.0,9e-05
3284,0,0.29415,0.0,0.00026
3285,0,0.2411,0.0425,0.00162
3286,0,0.08392,0.0025,9e-05
3287,0,0.23033,0.0,0.00013
3288,0,0.02853,0.0,4e-05
3289,0,0.09569,0.0025,0.00012
3290,0,0.51802,0.04,0.00222
3291,0,0.09031,0.0025,0.00026
3292,0,0.31268,0.005,0.00014
3293,0,0.16282,0.0025,0.00036
3294,0,0.51466,0.0125,0.00112
3295,0,0.17495,0.0,6e-05
3296,0,0.30371,0.0,9e-05
3297,0,0.07245,0.0125,0.00029
3298,0,0.18011,0.0,0.00011
3299,0,0.11854,0.0,6e-05
3300,0,0.22535,0.0,0.00017
3301,0,0.10323,0.0,6e-05
3302,0,0.27753,0.02,0.00147
3303,0,0.64494,0.07,0.00081
3304,0,0.46499,0.0075,0.00048
3305,0,0.4965,0.0,0.00024
3306,0,0.74831,0.0125,0.00052
3307,0,0.81874,0.0125,0.0019
3308,0,0.27614,0.0,0.00012
3309,0,0.2884,0.0,0.00037
3310,0,0.5358,0.0025,0.00044
3311,0,0.25817,0.045,0.0015
3312,0,0.41837,0.0,0.00043
3313,0,0.08186,0.0,0.00011
3314,0,0.33453,0.0025,6e-05
3315,0,0.44174,0.0,7e-05
3316,0,0.30411,0.0,5e-05
3317,0,0.73542,0.2225,0.0055
3318,0,0.09682,0.0,0.0002
3319,0,0.72981,0.01,0.0005
3320,0,0.21761,0.0,7e-05
3321,0,0.76027,0.0175,0.00019
3322,0,0.42774,0.0,9e-05
3323,0,0.73331,0.0625,0.00334
3324,0,0.36634,0.0,0.00012
3325,0,0.18927,0.0,4e-05
3326,0,0.19208,0.0,4e-05
3327,0,0.27214,0.0,0.00037
3328,0,0.8633,0.18,0.05317
3329,0,0.42072,0.0,0.0002
3330,0,0.22554,0.0,0.00013
3331,0,0.72653,0.0325,0.00126
3332,0,0.77852,0.0025,0.0003
3333,0,0.24377,0.0,6e-05
3334,0,0.49952,0.185,0.00192
3335,0,0.15939,0.0,9e-05
3336,0,0.37596,0.005,0.00013
3337,0,0.2437,0.0,7e-05
3338,0,0.24033,0.0,4e-05
3339,0,0.40971,0.0,0.00017
3340,0,0.6797,0.015,0.00018
3341,0,0.47985,0.0,0.00023
3342,0,0.58434,0.12,0.00038
3343,0,0.84302,0.02,0.00055
3344,0,0.45441,0.0,6e-05
3345,0,0.25372,0.0125,0.00182
3346,0,0.32833,0.0,8e-05
3347,0,0.2025,0.0,0.00016
3348,0,0.66645,0.0,0.00011
3349,0,0.49841,0.0,0.00014
3350,0,0.22181,0.0,0.00095
3351,1,0.96491,0.5725,0.76626
3352,0,0.4132,0.0025,9e-05
3353,0,0.44537,0.0,0.00016
3354,0,0.35329,0.0,0.00013
3355,0,0.69022,0.0,0.00024
3356,0,0.75712,0.1325,0.00856
3357,1,0.96298,0.56,0.54586
3358,0,0.85716,0.0325,0.00085
3359,0,0.44544,0.0025,0.00082
3360,0,0.78161,0.015,0.00118
3361,0,0.75615,0.2075,0.02304
3362,0,0.70008,0.1375,0.00427
3363,0,0.7315,0.1525,0.02467
3364,0,0.8587,0.04,0.00025
3365,0,0.23979,0.0,4e-05
3366,0,0.01931,0.0,9e-05
3367,0,0.05337,0.0,3e-05
3368,0,0.03194,0.0,1e-05
3369,0,0.62941,0.195,0.00076
3370,1,0.908,0.94,0.89538
3371,0,0.02876,0.0,9e-05
3372,0,0.10932,0.0,0.00043
3373,0,0.11167,0.0,0.0005
3374,0,0.06224,0.0,4e-05
3375,0,0.29069,0.0275,0.0003
3376,0,0.23926,0.0,9e-05
3377,0,0.14055,0.0225,0.00123
3378,0,0.01468,0.0,1e-05
3379,0,0.04563,0.0,0.00013
3380,0,0.03378,0.0025,0.00025
3381,0,0.11149,0.0,8e-05
3382,0,0.21016,0.03,0.00047
3383,0,0.10447,0.0,5e-05
3384,0,0.08855,0.0025,3e-05
3385,0,0.07955,0.0,5e-05
3386,0,0.23735,0.0025,9e-05
3387,0,0.05676,0.0,3e-05
3388,0,0.88949,0.715,0.4364
3389,0,0.36272,0.06,0.0039
3390,0,0.63981,0.0025,0.00019
3391,0,0.32018,0.0025,3e-05
3392,0,0.50482,0.0225,0.00017
3393,0,0.37716,0.0275,0.00117
3394,0,0.63813,0.0,0.00055
3395,0,0.16001,0.0,0.00012
3396,0,0.18613,0.0,3e-05
3397,0,0.04006,0.0,0.0002
3398,0,0.11458,0.005,6e-05
3399,0,0.13304,0.0,0.00015
3400,0,0.16764,0.0,6e-05
3401,0,0.43613,0.0,4e-05
3402,0,0.1448,0.0,6e-05
3403,0,0.67167,0.0375,0.00259
3404,0,0.62261,0.035,0.00348
3405,0,0.238,0.0,0.00011
3406,0,0.15094,0.0,6e-05
3407,0,0.43268,0.0,0.00011
3408,0,0.59067,0.0075,0.00033
3409,0,0.12578,0.01,0.00023
3410,0,0.16676,0.0,0.00023
3411,0,0.22747,0.0,0.0002
3412,0,0.92683,0.0425,0.00107
3413,0,0.81482,0.17,0.00989
3414,0,0.30985,0.0,7e-05
3415,0,0.59655,0.0,9e-05
3416,0,0.40827,0.0,6e-05
3417,0,0.52271,0.0,0.0004
3418,0,0.33966,0.0,5e-05
3419,0,0.41527,0.0,5e-05
3420,0,0.33559,0.0,4e-05
3421,0,0.27989,0.0,0.00023
3422,0,0.10484,0.0,6e-05
3423,0,0.43818,0.0,4e-05
3424,0,0.22454,0.0,0.00012
3425,0,0.26665,0.0,4e-05
3426,0,0.32602,0.0,5e-05
3427,0,0.7218,0.0325,0.00087
3428,0,0.33748,0.0,6e-05
3429,0,0.76917,0.005,0.00038
3430,0,0.21053,0.0025,4e-05
3431,0,0.32073,0.0,8e-05
3432,0,0.58008,0.0,0.00039
3433,0,0.51461,0.0,0.0001
3434,0,0.50537,0.0,0.00041
3435,0,0.54027,0.0,0.00017
3436,0,0.94615,0.0375,0.0008
3437,0,0.87803,0.0,0.00021
3438,0,0.90106,0.135,0.01285
3439,0,0.39505,0.0,0.00108
3440,0,0.68902,0.0,0.00013
3441,0,0.63521,0.0,0.00013
3442,0,0.7074,0.0025,0.0001
3443,0,0.96065,0.03,0.00209
3444,0,0.65054,0.0075,0.00022
3445,0,0.88294,0.2325,0.01139
3446,0,0.60853,0.015,0.00557
3447,0,0.83015,0.405,0.04795
3448,0,0.67755,0.2925,0.06266
3449,0,0.45055,0.1875,0.00999
3450,0,0.5707,0.2675,0.02333
3451,0,0.85113,0.09,0.00262
3452,0,0.12936,0.0,7e-05
3453,0,0.02162,0.0,3e-05
3454,0,0.62927,0.0075,0.0001
3455,0,0.07277,0.0025,5e-05
3456,0,0.27392,0.0,2e-05
3457,0,0.13915,0.0,0.00011
3458,1,0.88206,0.88,0.75574
3459,0,0.12425,0.075,0.00391
3460,0,0.32623,0.1925,0.00128
3461,0,0.1015,0.0,0.00013
3462,0,0.19167,0.295,0.19557
3463,0,0.06865,0.0,2e-05
3464,0,0.09436,0.0,6e-05
3465,0,0.76669,0.54,0.0309
3466,0,0.14583,0.075,0.00329
3467,0,0.87598,0.045,0.00242
3468,0,0.28062,0.01,0.00044
3469,0,0.26313,0.0,0.00028
3470,0,0.36597,0.02,0.00057
3471,0,0.06958,0.0,8e-05
3472,0,0.56327,0.0075,0.0003
3473,0,0.40578,0.0,0.00011
3474,0,0.1664,0.0,6e-05
3475,0,0.09333,0.0,8e-05
3476,0,0.18199,0.0,6e-05
3477,0,0.49038,0.0025,0.0001
3478,0,0.43438,0.0,0.00014
3479,0,0.07814,0.0,0.00012
3480,0,0.06716,0.0,9e-05
3481,0,0.91269,0.0975,0.00687
3482,0,0.18431,0.005,0.00014
3483,0,0.2211,0.0,0.00023
3484,0,0.21982,0.0025,0.00029
3485,0,0.26798,0.005,0.00036
3486,0,0.5769,0.0025,0.0009
3487,0,0.13404,0.0,0.0002
3488,0,0.18277,0.0,6e-05
3489,0,0.81745,0.38,0.14687
3490,0,0.22774,0.0025,0.00021
3491,0,0.17153,0.0025,0.0001
3492,0,0.12366,0.0025,7e-05
3493,0,0.93446,0.755,0.20052
3494,0,0.30354,0.0,0.00012
3495,0,0.31394,0.2825,0.00266
3496,0,0.40586,0.1175,0.00351
3497,0,0.39056,0.5175,0.04975
3498,0,0.29919,0.0025,5e-05
3499,0,0.73087,0.4,0.02091
3500,0,0.26308,0.265,0.00097
3501,0,0.31142,0.0,3e-05
3502,0,0.9318,0.7575,0.06544
3503,0,0.26683,0.3525,0.05592
3504,0,0.80833,0.02,0.00052
3505,0,0.47708,0.0,0.00012
3506,0,0.21265,0.0025,8e-05
3507,0,0.58231,0.0075,0.00018
3508,0,0.14522,0.0,6e-05
3509,0,0.30189,0.0,0.00013
3510,0,0.34633,0.0025,7e-05
3511,0,0.54406,0.0,0.00011
3512,0,0.79436,0.215,0.00142
3513,0,0.70105,0.005,0.00044
3514,0,0.8733,0.06,0.00135
3515,0,0.80647,0.0075,7e-05
3516,0,0.68905,0.0025,0.00037
3517,0,0.76634,0.02,0.00077
3518,0,0.43605,0.0025,0.00012
3519,0,0.58462,0.3275,0.01098
3520,0,0.21211,0.005,6e-05
3521,0,0.49689,0.0,6e-05
3522,0,0.62704,0.0075,0.00046
3523,0,0.50788,0.0,9e-05
3524,0,0.6214,0.0075,0.00049
3525,0,0.71784,0.395,0.15352
3526,0,0.39325,0.0125,0.00112
3527,0,0.3462,0.0725,0.01156
3528,0,0.68501,0.1225,0.01152
3529,1,0.94383,0.77,0.83157
3530,1,0.74721,0.145,0.00756
3531,0,0.08997,0.0175,0.00041
3532,0,0.04751,0.0125,0.00014
3533,0,0.09823,0.0,0.00011
3534,0,0.08123,0.0,5e-05
3535,0,0.03221,0.0,5e-05
3536,0,0.02373,0.0,7e-05
3537,0,0.10995,0.0,8e-05
3538,0,0.09801,0.015,0.00036
3539,0,0.16416,0.0,4e-05
3540,0,0.11908,0.0,4e-05
3541,0,0.03739,0.0025,5e-05
3542,0,0.33747,0.0025,0.00013
3543,0,0.13507,0.005,0.00026
3544,0,0.03761,0.005,0.00011
3545,0,0.03932,0.0025,3e-05
3546,0,0.19703,0.0025,4e-05
3547,0,0.2761,0.3475,0.02142
3548,0,0.3827,0.0425,0.00073
3549,0,0.13338,0.005,6e-05
3550,0,0.71922,0.3025,0.00817
3551,0,0.09174,0.0175,0.0002
3552,0,0.07116,0.0025,8e-05
3553,0,0.42447,0.235,0.01278
3554,0,0.21375,0.0,6e-05
3555,0,0.40935,0.0,7e-05
3556,0,0.20969,0.0,0.00029
3557,0,0.24768,0.0,0.00023
3558,0,0.06617,0.2825,0.01873
3559,0,0.09674,0.0025,0.00012
3560,0,0.07548,0.0,0.00016
3561,0,0.21246,0.0,4e-05
3562,0,0.16459,0.005,0.00025
3563,0,0.3891,0.0025,0.00022
3564,0,0.05007,0.0,9e-05
3565,0,0.29581,0.0,0.00022
3566,0,0.70183,0.0475,0.00709
3567,0,0.935,0.5925,0.19534
3568,0,0.15722,0.0,7e-05
3569,0,0.82012,0.55,0.02939
3570,0,0.17706,0.0,0.00019
3571,0,0.4006,0.005,0.00031
3572,0,0.09787,0.0025,0.00037
3573,0,0.8307,0.0075,0.00023
3574,0,0.7269,0.0125,0.00062
3575,0,0.47616,0.02,0.00085
3576,0,0.4881,0.0,7e-05
3577,0,0.69955,0.0,7e-05
3578,0,0.19074,0.0,0.0001
3579,0,0.38251,0.0,9e-05
3580,1,0.98404,0.85,0.93441
3581,0,0.30945,0.005,7e-05
3582,0,0.23366,0.0,0.0001
3583,0,0.78619,0.005,0.00076
3584,0,0.37649,0.0025,0.00017
3585,0,0.977,0.6675,0.56575
3586,0,0.6456,0.0,0.00014
3587,0,0.40447,0.0025,8e-05
3588,0,0.25897,0.0,6e-05
3589,0,0.6745,0.0025,0.00122
3590,0,0.94854,0.4925,0.92274
3591,0,0.67481,0.0075,0.0008
3592,0,0.41325,0.0025,0.0002
3593,0,0.37975,0.2625,0.038
3594,0,0.45762,0.3575,0.08004
3595,0,0.69124,0.0125,0.0002
3596,0,0.66805,0.0,9e-05
3597,0,0.78391,0.5675,0.10021
3598,0,0.60949,0.0075,0.0001
3599,0,0.92788,0.025,0.00123
3600,0,0.7736,0.01,0.00088
3601,0,0.35518,0.0,8e-05
3602,0,0.52013,0.3075,0.10637
3603,0,0.64126,0.015,0.00069
3604,0,0.68888,0.005,0.00012
3605,0,0.31799,0.0,6e-05
3606,0,0.46824,0.0025,9e-05
3607,0,0.9125,0.69,0.151
3608,0,0.57686,0.0,9e-05
3609,0,0.4699,0.0025,4e-05
3610,0,0.43195,0.0025,0.00096
3611,0,0.31293,0.0125,0.00035
3612,1,0.7569,0.1075,0.02556
3613,0,0.13961,0.0,4e-05
3614,0,0.12268,0.0,0.0001
3615,0,0.04232,0.0,3e-05
3616,0,0.03007,0.0,3e-05
3617,0,0.04436,0.035,0.00013
3618,0,0.1571,0.0,0.00011
3619,0,0.23807,0.0025,7e-05
3620,0,0.13378,0.005,0.00017
3621,0,0.07879,0.0,2e-05
3622,0,0.03366,0.025,0.00035
3623,0,0.10274,0.0025,6e-05
3624,0,0.04417,0.0,5e-05
3625,0,0.06113,0.0,5e-05
3626,0,0.12609,0.0025,8e-05
3627,0,0.35957,0.275,0.0048
3628,0,0.03359,0.0,3e-05
3629,0,0.06015,0.0,4e-05
3630,0,0.16576,0.005,0.0002
3631,0,0.15896,0.0,0.00014
3632,0,0.01893,0.0475,0.00051
3633,0,0.0616,0.0,0.00018
3634,0,0.16475,0.0,6e-05
3635,0,0.0967,0.0,7e-05
3636,0,0.11978,0.0,5e-05
3637,0,0.39294,0.0,0.00011
3638,0,0.0625,0.0,5e-05
3639,0,0.22886,0.0575,0.00028
3640,0,0.19401,0.0,6e-05
3641,0,0.14795,0.0,2e-05
3642,0,0.2548,0.0025,7e-05
3643,0,0.71342,0.385,0.00374
3644,0,0.13341,0.0,4e-05
3645,0,0.06184,0.0,0.00011
3646,0,0.18857,0.0,0.00025
3647,0,0.15246,0.0,5e-05
3648,0,0.24656,0.0025,0.00016
3649,0,0.39242,0.0075,0.00043
3650,0,0.2144,0.0,6e-05
3651,0,0.14495,0.0075,7e-05
3652,0,0.34359,0.01,0.00109
3653,0,0.38686,0.2875,0.00212
3654,0,0.17057,0.0125,0.00026
3655,0,0.23671,0.0,0.00011
3656,0,0.17357,0.0,0.0001
3657,0,0.68019,0.1525,0.00195
3658,0,0.52803,0.0,0.00015
3659,0,0.30821,0.01,0.00049
3660,0,0.07186,0.0,0.00011
3661,0,0.59143,0.0025,0.00064
3662,0,0.30438,0.0025,7e-05
3663,0,0.1471,0.0,9e-05
3664,0,0.20544,0.0025,0.00027
3665,0,0.18185,0.005,6e-05
3666,0,0.51596,0.25,0.00448
3667,0,0.53289,0.0,7e-05
3668,0,0.41335,0.0,4e-05
3669,0,0.30184,0.0,0.00013
3670,0,0.30631,0.0025,0.00024
3671,0,0.14362,0.02,0.00061
3672,0,0.22257,0.0025,8e-05
3673,0,0.32724,0.0,3e-05
3674,0,0.42082,0.005,0.00024
3675,0,0.77129,0.275,0.00196
3676,0,0.23214,0.0,0.00105
3677,0,0.40026,0.0,6e-05
3678,0,0.78394,0.7175,0.02591
3679,0,0.25316,0.0,0.00016
3680,0,0.65067,0.0,0.00011
3681,0,0.50618,0.0,5e-05
3682,0,0.57594,0.0075,0.00034
3683,0,0.35508,0.0025,0.00012
3684,0,0.48285,0.0,5e-05
3685,1,0.98293,0.6675,0.96879
3686,0,0.82525,0.26,0.00055
3687,0,0.87579,0.0875,0.00098
3688,0,0.25806,0.005,0.00012
3689,0,0.69422,0.0175,0.00144
3690,0,0.41682,0.0025,6e-05
3691,0,0.70999,0.005,0.0002
3692,0,0.8407,0.0225,0.00149
3693,0,0.29503,0.015,0.00072
3694,0,0.20081,0.0125,0.00097
3695,0,0.82196,0.035,0.00323
3696,1,0.56316,0.07,0.00694
3697,0,0.22115,0.0325,0.00268
3698,0,0.09255,0.0,7e-05
3699,0,0.02583,0.0,5e-05
3700,0,0.09302,0.0,7e-05
3701,0,0.42811,0.0025,0.00057
3702,0,0.24473,0.0275,0.00324
3703,0,0.14747,0.0025,0.00121
3704,0,0.25151,0.2125,0.00167
3705,0,0.23308,0.16,0.00044
3706,0,0.03336,0.0,0.00011
3707,0,0.21323,0.0025,9e-05
3708,0,0.05519,0.0025,0.00011
3709,0,0.35345,0.0,8e-05
3710,0,0.06807,0.0025,4e-05
3711,0,0.06418,0.0025,0.0001
3712,0,0.1198,0.0,4e-05
3713,0,0.04153,0.0,7e-05
3714,0,0.08167,0.0,7e-05
3715,0,0.07117,0.0,0.0001
3716,0,0.27935,0.0125,0.00011
3717,0,0.08203,0.0,3e-05
3718,0,0.17668,0.0125,5e-05
3719,0,0.26961,0.0,0.00031
3720,0,0.31478,0.0,3e-05
3721,0,0.20077,0.0,6e-05
3722,0,0.39336,0.0,8e-05
3723,0,0.20897,0.0,0.00011
3724,0,0.07638,0.0,5e-05
3725,0,0.60114,0.035,0.0003
3726,0,0.14825,0.0,0.0001
3727,0,0.08848,0.0,5e-05
3728,0,0.11277,0.0,6e-05
3729,0,0.39231,0.0075,0.0001
3730,0,0.87948,0.6525,0.06776
3731,0,0.42532,0.1025,0.0016
3732,0,0.13857,0.33,0.00458
3733,0,0.3694,0.165,0.00076
3734,0,0.23673,0.0,8e-05
3735,0,0.17355,0.0,9e-05
3736,0,0.93761,0.36,0.10302
3737,0,0.08514,0.005,9e-05
3738,0,0.50241,0.5725,0.01129
3739,0,0.39871,0.015,0.0002
3740,0,0.11063,0.01,0.00014
3741,0,0.70472,0.0,0.00025
3742,0,0.29971,0.0,6e-05
3743,0,0.22517,0.0,3e-05
3744,0,0.16181,0.0,6e-05
3745,0,0.86856,0.0275,0.00034
3746,0,0.20452,0.0,9e-05
3747,0,0.5173,0.035,0.00168
3748,0,0.40647,0.0,6e-05
3749,0,0.43594,0.0075,7e-05
3750,0,0.49591,0.0,4e-05
3751,0,0.15742,0.0,6e-05
3752,0,0.67672,0.0,9e-05
3753,0,0.30276,0.015,0.00031
3754,0,0.78977,0.0125,0.00081
3755,0,0.62401,0.0025,0.00031
3756,0,0.7911,0.655,0.08896
3757,0,0.22937,0.0,0.00012
3758,0,0.13514,0.0,0.00014
3759,0,0.80635,0.0075,0.00056
3760,0,0.76786,0.0225,0.00196
3761,1,0.71668,0.6725,0.86032
3762,0,0.29519,0.0,6e-05
3763,0,0.45366,0.0,0.00018
3764,0,0.84609,0.015,0.00213
3765,0,0.92132,0.575,0.03458
3766,0,0.93017,0.02,0.00059
3767,0,0.91661,0.4275,0.02134
3768,0,0.678,0.0,5e-05
3769,0,0.4143,0.0,0.0002
3770,0,0.75509,0.0,0.0004
3771,0,0.3696,0.0,0.00012
3772,0,0.84809,0.1025,0.00179
3773,0,0.8098,0.005,0.00057
3774,0,0.48034,0.0,4e-05
3775,0,0.82132,0.01,0.00222
3776,0,0.42057,0.0375,0.00316
3777,0,0.67373,0.4325,0.08801
3778,0,0.55263,0.295,0.02313
3779,0,0.45126,0.4625,0.04565
3780,0,0.06475,0.0,6e-05
3781,0,0.13581,0.0025,0.00012
3782,0,0.22664,0.0,0.00029
3783,0,0.06653,0.0,0.00024
3784,0,0.16015,0.0825,0.01002
3785,0,0.12985,0.0025,0.00011
3786,0,0.11165,0.005,0.00036
3787,0,0.17307,0.0,0.0001
3788,1,0.2644,0.675,0.86252
3789,0,0.63171,0.0125,0.00109
3790,0,0.12582,0.0,6e-05
3791,0,0.4252,0.035,0.00366
3792,0,0.34506,0.0,6e-05
3793,0,0.04481,0.005,0.00015
3794,1,0.39557,0.5325,0.07964
3795,0,0.23943,0.76,0.86128
3796,0,0.08515,0.005,0.0004
3797,0,0.08753,0.0,0.00012
3798,0,0.26358,0.0025,4e-05
3799,0,0.10748,0.0,9e-05
3800,0,0.05887,0.0,0.00013
3801,0,0.12786,0.0,0.00016
3802,0,0.12,0.005,0.0001
3803,0,0.3405,0.005,0.00014
3804,0,0.19259,0.0,0.00039
3805,0,0.07879,0.005,0.00023
3806,0,0.19654,0.0,7e-05
3807,1,0.15594,0.2975,0.76875
3808,0,0.10278,0.0025,5e-05
3809,0,0.07729,0.01,0.00015
3810,0,0.84267,0.68,0.44464
3811,0,0.26299,0.0,0.00024
3812,0,0.08139,0.0025,0.00026
3813,0,0.64479,0.005,0.00085
3814,0,0.52635,0.0025,0.00018
3815,1,0.87886,0.7025,0.67014
3816,0,0.15516,0.0,7e-05
3817,0,0.72424,0.01,0.00044
3818,0,0.7953,0.085,0.03044
3819,0,0.50708,0.0,0.00029
3820,0,0.32885,0.0025,8e-05
3821,0,0.3033,0.005,0.00959
3822,0,0.23538,0.0,8e-05
3823,0,0.45869,0.015,0.00027
3824,0,0.29515,0.0,0.00011
3825,0,0.18617,0.005,0.00013
3826,0,0.67151,0.0275,0.00199
3827,0,0.42511,0.02,0.00228
3828,0,0.40778,0.0,0.00046
3829,0,0.2784,0.0,6e-05
3830,1,0.50512,0.3575,0.94226
3831,0,0.39883,0.0,0.00044
3832,0,0.40119,0.02,0.00019
3833,0,0.52354,0.0,0.0003
3834,0,0.32828,0.0,0.00012
3835,0,0.8606,0.575,0.04026
3836,0,0.47057,0.0,0.00047
3837,0,0.66432,0.0,9e-05
3838,0,0.82154,0.0425,0.00209
3839,0,0.53725,0.0,0.00021
3840,0,0.24743,0.0025,0.00014
3841,0,0.4447,0.0,0.00013
3842,0,0.82633,0.0,7e-05
3843,0,0.6969,0.0,0.0001
3844,0,0.93086,0.385,0.30724
3845,0,0.84337,0.0125,0.00026
3846,0,0.38719,0.0,0.00013
3847,0,0.79563,0.025,0.00371
3848,0,0.73018,0.01,0.00109
3849,0,0.4408,0.0025,0.00027
3850,0,0.62747,0.0,0.00018
3851,0,0.45056,0.005,0.00038
3852,0,0.77408,0.05,0.0072
3853,0,0.71975,0.0025,9e-05
3854,0,0.68643,0.0,0.00013
3855,1,0.99733,0.9025,0.9988
3856,0,0.30354,0.005,0.0001
3857,0,0.96769,0.78,0.08451
3858,0,0.61079,0.0275,0.0011
3859,0,0.69324,0.47,0.10791
3860,0,0.75407,0.11,0.00645
3861,0,0.50197,0.335,0.25608
3862,0,0.63431,0.0675,0.00789
3863,0,0.77493,0.1225,0.00232
3864,0,0.38588,0.185,0.00519
3865,0,0.47031,0.5525,0.27718
3866,1,0.59807,0.14,0.00747
3867,0,0.27229,0.4425,0.35138
3868,1,0.8482,0.785,0.65677
3869,0,0.07535,0.0025,0.00028
3870,0,0.23731,0.005,0.00025
3871,0,0.23128,0.0075,0.00076
3872,0,0.0592,0.0025,0.00022
3873,0,0.14505,0.0075,0.00128
3874,0,0.10298,0.0,7e-05
3875,0,0.25645,0.42,0.48545
3876,0,0.37912,0.0275,0.00037
3877,0,0.05266,0.0,0.0001
3878,0,0.27036,0.0175,0.00043
3879,0,0.07647,0.0,7e-05
3880,0,0.43701,0.025,0.00048
3881,0,0.02954,0.0025,5e-05
3882,0,0.39169,0.0,6e-05
3883,0,0.14685,0.005,0.00071
3884,0,0.15651,0.0,6e-05
3885,0,0.11339,0.0075,4e-05
3886,0,0.08292,0.0,5e-05
3887,0,0.49462,0.0025,0.00053
3888,0,0.65351,0.005,0.00025
3889,0,0.15517,0.0,4e-05
3890,0,0.68605,0.01,0.00018
3891,0,0.68473,0.0375,0.00061
3892,0,0.4108,0.0025,0.00017
3893,0,0.52646,0.4825,0.01742
3894,0,0.36423,0.0,7e-05
3895,0,0.17067,0.0025,0.0003
3896,0,0.23633,0.0,9e-05
3897,0,0.10664,0.0,0.00016
3898,0,0.14095,0.0,8e-05
3899,0,0.04838,0.01,0.0003
3900,0,0.11427,0.0,0.00046
3901,0,0.6945,0.0075,0.00026
3902,0,0.09094,0.0,7e-05
3903,0,0.29931,0.0025,5e-05
3904,0,0.16468,0.0,6e-05
3905,0,0.68043,0.015,0.0006
3906,0,0.12813,0.0,6e-05
3907,0,0.94081,0.67,0.03785
3908,0,0.18284,0.0,7e-05
3909,0,0.45701,0.0,4e-05
3910,0,0.24922,0.0025,4e-05
3911,0,0.36903,0.0,0.00022
3912,0,0.53169,0.3725,0.00577
3913,0,0.35845,0.0,9e-05
3914,0,0.15947,0.0,9e-05
3915,0,0.16293,0.005,6e-05
3916,0,0.24993,0.0,5e-05
3917,0,0.1822,0.01,0.0001
3918,0,0.19819,0.0,0.00029
3919,0,0.74655,0.4825,0.02508
3920,0,0.27482,0.02,1e-05
3921,0,0.62645,0.0025,0.00025
3922,0,0.58622,0.005,0.0005
3923,0,0.40955,0.0,0.00013
3924,0,0.42424,0.005,0.00025
3925,0,0.42031,0.0025,5e-05
3926,0,0.21478,0.0,0.00038
3927,0,0.55546,0.005,0.00044
3928,0,0.30098,0.0175,0.00042
3929,1,0.98842,0.6325,0.10536
3930,0,0.4034,0.0025,0.00012
3931,0,0.50592,0.005,8e-05
3932,0,0.30071,0.0,0.00013
3933,0,0.60987,0.0,0.00029
3934,0,0.45415,0.0025,8e-05
3935,0,0.47895,0.0,9e-05
3936,1,0.98663,0.765,0.98715
3937,0,0.46806,0.0,4e-05
3938,0,0.5262,0.0,8e-05
3939,0,0.42144,0.0,6e-05
3940,0,0.94789,0.345,0.02074
3941,0,0.94435,0.3275,0.04959
3942,0,0.57784,0.03,0.00153
3943,0,0.69526,0.06,0.00451
3944,1,0.99571,0.9075,0.99842
3945,0,0.86059,0.2725,0.00874
3946,0,0.06383,0.0,0.00026
3947,0,0.03314,0.0075,7e-05
3948,0,0.05623,0.0,2e-05
3949,0,0.03535,0.0025,2e-05
3950,0,0.3081,0.0275,0.00084
3951,0,0.09966,0.0025,7e-05
3952,0,0.02673,0.0,6e-05
3953,0,0.05155,0.0075,6e-05
3954,0,0.05911,0.0025,0.00018
3955,0,0.07647,0.0,0.0006
3956,0,0.43286,0.005,0.00012
3957,0,0.08704,0.0,6e-05
3958,0,0.31382,0.0075,0.0003
3959,0,0.65011,0.37,0.0109
3960,0,0.07453,0.0,4e-05
3961,0,0.2552,0.01,0.00078
3962,0,0.05588,0.0,3e-05
3963,0,0.06447,0.0,6e-05
3964,0,0.09042,0.0,2e-05
3965,0,0.09915,0.0075,6e-05
3966,0,0.0894,0.0,0.0001
3967,0,0.11996,0.01,0.00032
3968,0,0.32957,0.0025,0.00011
3969,0,0.08621,0.0125,0.00023
3970,0,0.15112,0.0,7e-05
3971,0,0.20082,0.4775,0.02406
3972,0,0.13373,0.0,7e-05
3973,0,0.07468,0.0,0.00013
3974,0,0.37195,0.0,0.00012
3975,0,0.16242,0.0025,4e-05
3976,0,0.38674,0.0025,2e-05
3977,0,0.19664,0.485,0.07813
3978,0,0.10818,0.0,0.00021
3979,0,0.35114,0.0675,0.00097
3980,0,0.25144,0.005,0.00054
3981,0,0.29084,0.4875,0.01258
3982,0,0.18462,0.005,0.00011
3983,0,0.71327,0.015,0.0023
3984,0,0.42918,0.0,0.00051
3985,0,0.24681,0.0025,5e-05
3986,0,0.68014,0.025,0.00032
3987,0,0.05536,0.005,6e-05
3988,0,0.30534,0.0,0.00021
3989,0,0.44898,0.0075,9e-05
3990,0,0.19313,0.005,9e-05
3991,0,0.10192,0.0025,0.00013
3992,0,0.48144,0.0,7e-05
3993,0,0.32762,0.0025,0.00016
3994,0,0.45456,0.505,0.00889
3995,0,0.26631,0.0025,0.00015
3996,0,0.23424,0.0,6e-05
3997,0,0.25673,0.0,8e-05
3998,0,0.88862,0.015,0.00054
3999,0,0.3718,0.0,8e-05
4000,0,0.60355,0.0175,0.00466
4001,0,0.80927,0.0075,0.00032
4002,0,0.38848,0.0,5e-05
4003,1,0.98169,0.2075,0.02652
4004,0,0.47069,0.0,0.00011
4005,0,0.92445,0.4575,0.0166
4006,0,0.69968,0.045,0.0006
4007,0,0.74697,0.0075,0.00053
4008,0,0.79524,0.47,0.00449
4009,0,0.50251,0.0,0.00019
4010,0,0.60755,0.0025,0.00015
4011,0,0.58202,0.0025,0.0002
4012,0,0.9348,0.03,0.00162
4013,0,0.84223,0.3625,0.00706
4014,0,0.68122,0.0075,0.00013
4015,0,0.62701,0.005,9e-05
4016,0,0.6544,0.005,0.00013
4017,0,0.43128,0.0,0.00051
4018,0,0.61643,0.005,9e-05
4019,0,0.25317,0.0025,0.00015
4020,0,0.87099,0.0,0.00025
4021,0,0.8139,0.3525,0.02545
4022,0,0.59363,0.005,0.00209
4023,0,0.53496,0.035,0.00806
4024,0,0.86836,0.4825,0.22994
4025,1,0.98095,0.61,0.71658
4026,0,0.28092,0.0525,0.00209
4027,0,0.40396,0.3225,0.05091
4028,0,0.71812,0.65,0.53003
4029,0,0.78556,0.1325,0.00236
4030,0,0.36684,0.2925,0.25127
4031,0,0.86524,0.355,0.3267
4032,0,0.77197,0.235,0.07595
4033,1,0.92814,0.3575,0.61516
4034,0,0.67127,0.28,0.06201
4035,1,0.39558,0.2175,0.06953
4036,0,0.0316,0.0,4e-05
4037,0,0.38088,0.0175,0.00087
4038,0,0.07334,0.0,5e-05
4039,0,0.04863,0.0,7e-05
4040,0,0.15449,0.0075,0.00012
4041,0,0.07419,0.0025,6e-05
4042,0,0.047,0.0,5e-05
4043,0,0.15369,0.0075,0.00074
4044,0,0.22366,0.045,0.00227
4045,1,0.19865,0.0075,0.00019
4046,0,0.0328,0.01,0.00018
4047,0,0.16109,0.1675,0.04078
4048,0,0.2668,0.0075,0.0007
4049,1,0.9264,0.86,0.72704
4050,0,0.19227,0.0025,7e-05
4051,0,0.33429,0.0025,0.00026
4052,0,0.2122,0.085,0.00041
4053,0,0.15288,0.0,6e-05
4054,0,0.48951,0.095,0.00326
4055,0,0.15564,0.0,9e-05
4056,0,0.08792,0.0,8e-05
4057,0,0.18585,0.0,6e-05
4058,0,0.12608,0.0,0.00011
4059,0,0.39174,0.0325,0.00044
4060,0,0.32004,0.0075,0.00137
4061,0,0.64731,0.51,0.01402
4062,0,0.147,0.0,6e-05
4063,0,0.29439,0.005,0.00034
4064,0,0.13492,0.0,7e-05
4065,0,0.57963,0.0025,0.00048
4066,0,0.10779,0.0,0.00011
4067,0,0.50748,0.02,0.00028
4068,0,0.7094,0.0425,0.0012
4069,0,0.56194,0.0925,0.00275
4070,0,0.38168,0.0275,0.00072
4071,0,0.89507,0.8,0.60152
4072,1,0.98999,0.69,0.96824
4073,0,0.2041,0.0,0.00011
4074,0,0.38579,0.05,0.00224
4075,0,0.37423,0.0025,0.0005
4076,0,0.47671,0.0025,0.00041
4077,0,0.23778,0.0,0.00012
4078,0,0.68001,0.005,7e-05
4079,1,0.91344,0.5325,0.41071
4080,0,0.49719,0.0,0.0001
4081,1,0.94019,0.9025,0.97996
4082,1,0.93537,0.9475,0.97495
4083,0,0.56144,0.005,9e-05
4084,0,0.31896,0.0,0.00016
4085,0,0.4634,0.0,4e-05
4086,0,0.21209,0.0,2e-05
4087,0,0.41259,0.0025,0.00019
4088,1,0.90897,0.655,0.95466
4089,0,0.546,0.0,8e-05
4090,0,0.60593,0.0,0.00011
4091,0,0.71341,0.0025,0.0088
4092,0,0.27239,0.0,4e-05
4093,0,0.24888,0.0,3e-05
4094,0,0.20376,0.0,0.00023
4095,0,0.38601,0.0,0.00038
4096,0,0.49639,0.005,0.00014
4097,1,0.87125,0.74,0.77492
4098,0,0.30661,0.0,0.00041
4099,0,0.38705,0.0075,0.00042
4100,0,0.87128,0.0075,0.00051
4101,0,0.55813,0.0,0.00027
4102,0,0.54709,0.0025,0.001
4103,0,0.84207,0.0125,0.00028
4104,0,0.7249,0.0,0.0002
4105,0,0.87195,0.025,0.00192
4106,0,0.5321,0.0,0.0001
4107,0,0.92503,0.0175,0.00186
4108,0,0.60695,0.0,7e-05
4109,0,0.5028,0.0,0.0001
4110,0,0.85385,0.055,0.00101
4111,0,0.714,0.6875,0.68173
4112,0,0.77083,0.0,4e-05
4113,0,0.48447,0.0,3e-05
4114,0,0.94196,0.5675,0.08589
4115,0,0.93531,0.5625,0.16197
4116,0,0.9077,0.53,0.08835
4117,0,0.97865,0.365,0.09112
4118,1,0.96207,0.7375,0.28771
4119,0,0.82463,0.635,0.53961
4120,1,0.65421,0.69,0.96726
4121,1,0.74856,0.5425,0.75516
4122,1,0.79901,0.615,0.8967
4123,0,0.21396,0.0075,0.00013
4124,0,0.08184,0.0075,8e-05
4125,0,0.57077,0.07,0.00273
4126,0,0.08352,0.0125,0.00295
4127,0,0.07657,0.0,3e-05
4128,0,0.11377,0.0175,0.00028
4129,0,0.03587,0.0025,0.00115
4130,0,0.10531,0.0075,0.00019
4131,1,0.87986,0.6775,0.33085
4132,0,0.50108,0.0125,0.00013
4133,0,0.54504,0.04,0.00081
4134,0,0.1159,0.0,0.0001
4135,0,0.08401,0.0025,9e-05
4136,0,0.09251,0.0,0.00011
4137,0,0.61172,0.0075,0.00022
4138,0,0.54209,0.095,0.0098
4139,1,0.73493,0.6775,0.58641
4140,0,0.04573,0.0,7e-05
4141,1,0.91505,0.6975,0.55955
4142,0,0.09192,0.0,3e-05
4143,0,0.67158,0.0175,0.00053
4144,0,0.24536,0.0,0.0001
4145,0,0.18009,0.0,0.00026
4146,0,0.43279,0.0175,0.00016
4147,0,0.29996,0.0,0.00015
4148,0,0.28835,0.015,0.00331
4149,0,0.30069,0.0,0.0001
4150,0,0.39558,0.0,0.00035
4151,0,0.25271,0.0,9e-05
4152,1,0.36783,0.625,0.82207
4153,0,0.33839,0.0325,0.01041
4154,1,0.45458,0.47,0.75942
4155,0,0.22508,0.0025,7e-05
4156,1,0.29093,0.535,0.58634
4157,0,0.19072,0.0025,6e-05
4158,1,0.88674,0.525,0.37851
4159,0,0.21952,0.0,0.00011
4160,0,0.23322,0.0,9e-05
4161,0,0.21321,0.0,0.00014
4162,0,0.20026,0.0,5e-05
4163,0,0.12524,0.0,8e-05
4164,0,0.36392,0.0,8e-05
4165,1,0.52407,0.855,0.95699
4166,0,0.4182,0.0,0.00012
4167,0,0.87644,0.03,0.00014
4168,0,0.212,0.0,0.00011
4169,0,0.26915,0.0,0.00057
4170,0,0.41064,0.0,0.00015
4171,1,0.75911,0.795,0.95901
4172,0,0.28393,0.0025,0.00012
4173,0,0.80381,0.0575,0.00836
4174,1,0.58874,0.74,0.95705
4175,0,0.42671,0.0,0.00043
4176,0,0.41066,0.0,7e-05
4177,0,0.58605,0.0,0.00017
4178,0,0.48489,0.0,0.00186
4179,0,0.55169,0.0025,0.00039
4180,1,0.58398,0.8225,0.7031
4181,0,0.3669,0.0,0.00043
4182,0,0.61806,0.0025,0.0003
4183,1,0.94179,0.7775,0.96984
4184,0,0.90085,0.035,0.00221
4185,1,0.88853,0.705,0.88533
4186,1,0.74845,0.87,0.9513
4187,0,0.42352,0.0,0.00014
4188,0,0.36655,0.0,7e-05
4189,0,0.35798,0.0025,0.0001
4190,0,0.29175,0.0025,0.00012
4191,0,0.41958,0.01,0.00037
4192,0,0.97157,0.4625,0.54282
4193,0,0.68478,0.0,4e-05
4194,0,0.60256,0.0,4e-05
4195,0,0.80619,0.01,0.00104
4196,0,0.71555,0.0,0.00014
4197,0,0.51687,0.0,4e-05
4198,0,0.67963,0.0,4e-05
4199,0,0.66326,0.015,0.00051
4200,0,0.51998,0.0,0.00028
4201,0,0.56034,0.005,0.00027
4202,0,0.8667,0.09,0.00835
4203,0,0.84234,0.095,0.00294
4204,0,0.35688,0.125,0.04098
4205,0,0.85253,0.025,0.00246
4206,0,0.48489,0.125,0.0159
4207,0,0.56085,0.095,0.00928
4208,1,0.64119,0.1325,0.06458
4209,0,0.04543,0.0025,8e-05
4210,0,0.19452,0.01,0.00033
4211,0,0.07305,0.0025,7e-05
4212,1,0.36388,0.59,0.34317
4213,0,0.86555,0.345,0.05323
4214,0,0.12347,0.0025,0.00029
4215,0,0.1166,0.0,0.00025
4216,0,0.24025,0.015,0.00242
4217,0,0.34457,0.655,0.69033
4218,0,0.08639,0.0,6e-05
4219,0,0.11471,0.0,0.0002
4220,0,0.05473,0.0,7e-05
4221,0,0.87495,0.685,0.0455
4222,0,0.10536,0.0025,8e-05
4223,0,0.12394,0.0025,3e-05
4224,0,0.11926,0.0,6e-05
4225,0,0.07522,0.0,8e-05
4226,1,0.37099,0.7975,0.31466
4227,0,0.22655,0.0,4e-05
4228,0,0.3085,0.145,0.00214
4229,0,0.50317,0.0,0.00025
4230,0,0.31017,0.045,0.00104
4231,0,0.21858,0.0,5e-05
4232,0,0.29797,0.805,0.75443
4233,0,0.25155,0.0,0.00023
4234,0,0.45206,0.355,0.33939
4235,0,0.06986,0.0025,0.00017
4236,0,0.22592,0.04,0.00284
4237,0,0.50639,0.0,0.00019
4238,0,0.11802,0.0,0.00018
4239,0,0.0852,0.0,0.00011
4240,0,0.10476,0.0,0.00027
4241,0,0.15075,0.0,5e-05
4242,0,0.69253,0.0175,0.00065
4243,0,0.70305,0.0375,0.00105
4244,0,0.25684,0.0075,0.00097
4245,0,0.26207,0.0,0.0002
4246,0,0.49899,0.005,0.00065
4247,0,0.23285,0.0,0.00024
4248,1,0.95477,0.6625,0.97491
4249,0,0.27143,0.0025,8e-05
4250,1,0.88771,0.82,0.88078
4251,0,0.69158,0.0,8e-05
4252,1,0.79873,0.72,0.93293
4253,0,0.76089,0.04,0.04315
4254,1,0.43863,0.5175,0.18555
4255,1,0.98843,0.9375,0.99064
4256,0,0.78859,0.0825,0.00168
4257,0,0.23947,0.005,0.00022
4258,0,0.54802,0.0,0.00027
4259,1,0.94382,0.54,0.46301
4260,0,0.32282,0.0,0.00012
4261,0,0.3826,0.0125,0.00022
4262,0,0.36328,0.0,0.00011
4263,0,0.614,0.0,5e-05
4264,0,0.62722,0.0,6e-05
4265,0,0.55097,0.0025,0.00026
4266,0,0.28824,0.0075,0.00216
4267,0,0.41144,0.0275,0.00173
4268,0,0.77939,0.0,0.00017
4269,0,0.46744,0.0,0.00037
4270,0,0.789,0.0,0.0001
4271,1,0.86238,0.7775,0.9807
4272,0,0.65933,0.005,0.00034
4273,0,0.63762,0.0025,0.0003
4274,0,0.4089,0.0,0.00011
4275,0,0.56516,0.01,0.00031
4276,0,0.37421,0.005,0.00017
4277,0,0.86347,0.0125,0.00033
4278,0,0.56063,0.0,8e-05
4279,0,0.92718,0.01,0.00144
4280,1,0.71524,0.7625,0.92765
4281,0,0.69951,0.0,0.00212
4282,0,0.53292,0.0,6e-05
4283,1,0.87518,0.475,0.74365
4284,1,0.98279,0.5075,0.80692
4285,0,0.73172,0.0,0.00018
4286,1,0.8049,0.3275,0.4308
4287,0,0.89452,0.0275,0.00146
4288,0,0.57535,0.005,0.00022
4289,0,0.90196,0.0425,0.00034
4290,0,0.42668,0.015,0.0005
4291,0,0.7156,0.0,0.00012
4292,0,0.78592,0.0175,0.00152
4293,1,0.95729,0.195,0.01902
4294,0,0.81214,0.4225,0.27374
4295,0,0.53837,0.09,0.00615
4296,0,0.70988,0.2975,0.03479
4297,1,0.99713,0.43,0.05928
4298,0,0.59845,0.1975,0.01149
4299,0,0.10011,0.005,0.0003
4300,0,0.41741,0.015,0.00039
4301,0,0.10887,0.005,2e-05
4302,0,0.63596,0.015,0.00012
4303,0,0.97203,0.875,0.84765
4304,0,0.38871,0.0225,0.0008
4305,0,0.03948,0.0,3e-05
4306,0,0.04055,0.0,0.00011
4307,0,0.11295,0.0,6e-05
4308,1,0.85432,0.4325,0.49358
4309,0,0.34883,0.065,0.01249
4310,0,0.09698,0.0,7e-05
4311,0,0.08814,0.0025,6e-05
4312,0,0.10413,0.0,8e-05
4313,0,0.35495,0.0,0.0004
4314,0,0.50311,0.0,0.00012
4315,0,0.06652,0.0,3e-05
4316,0,0.05945,0.0,5e-05
4317,0,0.1782,0.0,8e-05
4318,0,0.19763,0.005,0.00071
4319,0,0.4151,0.0,9e-05
4320,0,0.24074,0.0125,0.00087
4321,0,0.25483,0.0175,0.00114
4322,0,0.12064,0.0,0.00012
4323,0,0.28609,0.0225,0.00021
4324,1,0.50107,0.635,0.65847
4325,0,0.4101,0.0,0.00016
4326,0,0.87347,0.2275,0.26481
4327,1,0.82769,0.5875,0.14076
4328,0,0.09817,0.0,5e-05
4329,1,0.37511,0.3875,0.07207
4330,0,0.08256,0.0075,9e-05
4331,0,0.39084,0.0,0.00017
4332,0,0.3539,0.005,0.00014
4333,0,0.26153,0.0025,0.00015
4334,0,0.26376,0.005,5e-05
4335,0,0.50007,0.0025,0.00025
4336,0,0.54373,0.0,0.00055
4337,0,0.82349,0.0325,0.00137
4338,0,0.48063,0.0075,0.00019
4339,0,0.42116,0.0025,0.00028
4340,0,0.83645,0.0125,0.00014
4341,0,0.53855,0.0,0.00018
4342,0,0.61034,0.0275,0.00129
4343,1,0.98697,0.7025,0.96001
4344,0,0.4501,0.0,7e-05
4345,0,0.84314,0.035,0.00196
4346,0,0.5358,0.0,0.00015
4347,0,0.29118,0.01,0.00043
4348,0,0.30081,0.01,0.00051
4349,0,0.84837,0.0125,0.00046
4350,0,0.38705,0.005,8e-05
4351,0,0.5884,0.015,0.00051
4352,0,0.7206,0.0125,0.0002
4353,0,0.66308,0.015,0.0002
4354,1,0.99335,0.3125,0.81808
4355,0,0.99208,0.3925,0.54782
4356,1,0.91723,0.5675,0.85858
4357,0,0.537,0.0525,0.00042
4358,0,0.95621,0.04,0.00091
4359,0,0.47708,0.0125,0.0001
4360,0,0.60709,0.0125,0.0001
4361,0,0.57094,0.0,0.00024
4362,1,0.8063,0.7825,0.98848
4363,0,0.89328,0.0175,0.00084
4364,0,0.55124,0.0,2e-05
4365,0,0.345,0.0025,9e-05
4366,0,0.94276,0.0225,0.00061
4367,0,0.94974,0.0325,0.0012
4368,0,0.69232,0.0025,0.00026
4369,0,0.52217,0.0025,0.00036
4370,0,0.53991,0.0,0.0016
4371,1,0.97957,0.58,0.98944
4372,0,0.79878,0.0,0.00042
4373,0,0.76601,0.03,0.00849
4374,0,0.66054,0.07,0.01516
4375,0,0.7543,0.27,0.0266
4376,0,0.5136,0.23,0.07789
4377,0,0.69848,0.035,0.00479
4378,0,0.94193,0.125,0.0118
4379,0,0.86898,0.41,0.1944
4380,0,0.83549,0.3125,0.16051
4381,0,0.96399,0.42,0.1766
4382,0,0.91531,0.2475,0.01893
4383,0,0.90855,0.18,0.0185
4384,1,0.99797,0.855,0.99809
4385,0,0.90368,0.325,0.0191
4386,1,0.93397,0.2875,0.15921
4387,0,0.22867,0.005,2e-05
4388,0,0.26106,0.0,9e-05
4389,0,0.07961,0.0,4e-05
4390,1,0.14724,0.615,0.97199
4391,0,0.2815,0.165,0.00274
4392,1,0.5285,0.72,0.92677
4393,0,0.43737,0.0075,0.00029
4394,0,0.10499,0.005,0.00012
4395,0,0.7319,0.0225,0.00113
4396,0,0.31963,0.0,0.00024
4397,0,0.14865,0.1475,0.00114
4398,0,0.27296,0.0025,0.00021
4399,0,0.22585,0.0,0.00015
4400,0,0.14055,0.0025,9e-05
4401,1,0.62689,0.865,0.99868
4402,0,0.33647,0.0,4e-05
4403,0,0.0558,0.0,7e-05
4404,0,0.67405,0.0425,0.00177
4405,0,0.61126,0.015,0.00022
4406,1,0.31392,0.8225,0.99577
4407,1,0.91552,0.9025,0.99824
4408,0,0.89104,0.04,0.00379
4409,0,0.37209,0.0025,9e-05
4410,1,0.83,0.68,0.99408
4411,0,0.21768,0.0,0.00012
4412,0,0.37173,0.0,0.00012
4413,0,0.48154,0.0025,0.00092
4414,0,0.56686,0.08,0.00558
4415,0,0.45654,0.02,0.00025
4416,0,0.66131,0.0,0.00028
4417,0,0.2151,0.0025,0.00029
4418,1,0.99382,0.9375,0.9919
4419,0,0.43871,0.0,8e-05
4420,1,0.98523,0.8575,0.85948
4421,0,0.19069,0.0175,0.00047
4422,1,0.98306,0.945,0.99836
4423,0,0.666,0.08,0.00216
4424,0,0.56667,0.01,0.00052
4425,0,0.28304,0.01,0.00052
4426,0,0.51074,0.0,0.00013
4427,0,0.56553,0.005,0.00083
4428,1,0.7186,0.8075,0.97588
4429,0,0.44843,0.0,0.0001
4430,0,0.62028,0.01,8e-05
4431,0,0.31116,0.0025,0.00026
4432,0,0.93949,0.07,0.00399
4433,0,0.81933,0.0175,0.00056
4434,0,0.61261,0.0075,0.00084
4435,0,0.38157,0.0,0.00011
4436,1,0.87758,0.7525,0.99323
4437,0,0.55624,0.0,0.00015
4438,0,0.34042,0.0,0.0001
4439,0,0.95187,0.0275,0.00457
4440,0,0.96604,0.11,0.00241
4441,0,0.79271,0.015,0.00044
4442,1,0.86635,0.815,0.99866
4443,0,0.59844,0.0,0.00031
4444,0,0.98476,0.215,0.02933
4445,0,0.89346,0.05,0.00104
4446,0,0.68108,0.0025,0.00033
4447,0,0.68935,0.0,0.00023
4448,0,0.74696,0.0025,7e-05
4449,1,0.92449,0.85,0.99437
4450,1,0.94709,0.7925,0.9855
4451,0,0.74178,0.0025,0.00092
4452,0,0.87092,0.0025,0.00038
4453,0,0.55238,0.0,0.00019
4454,0,0.97518,0.065,0.0195
4455,0,0.92811,0.025,0.00175
4456,0,0.28684,0.0175,0.00035
4457,0,0.93881,0.0125,0.00031
4458,0,0.51046,0.0175,0.00047
4459,0,0.95617,0.025,0.00394
4460,0,0.6469,0.005,0.00046
4461,0,0.64645,0.005,8e-05
4462,0,0.687,0.01,0.00085
4463,1,0.99774,0.86,0.99947
4464,0,0.8448,0.0,0.00033
4465,0,0.74598,0.0075,0.00059
4466,0,0.81616,0.08,0.00755
4467,0,0.85272,0.2975,0.02526
4468,0,0.91126,0.1825,0.01567
4469,0,0.78025,0.155,0.08638
4470,1,0.82903,0.0525,0.01527
4471,0,0.10794,0.0025,0.00082
4472,0,0.09562,0.0125,0.00021
4473,0,0.7231,0.02,0.0003
4474,0,0.1568,0.0125,0.00048
4475,0,0.14307,0.005,0.00056
4476,1,0.10575,0.5925,0.99285
4477,0,0.75531,0.03,0.00119
4478,0,0.26491,0.0025,0.00028
4479,0,0.30967,0.0,0.00016
4480,0,0.22465,0.005,0.00021
4481,1,0.56414,0.8075,0.99741
4482,0,0.11804,0.0,0.00048
4483,0,0.20601,0.0125,7e-05
4484,0,0.46743,0.0475,9e-05
4485,0,0.31746,0.0,0.0001
4486,0,0.214,0.0,0.00021
4487,0,0.20359,0.0,7e-05
4488,0,0.08965,0.005,0.00042
4489,0,0.17645,0.0,0.00028
4490,0,0.32274,0.0,6e-05
4491,0,0.27724,0.0,0.00014
4492,0,0.75748,0.11,0.00135
4493,0,0.90867,0.0825,0.00727
4494,0,0.3045,0.0125,0.00028
4495,0,0.14836,0.005,7e-05
4496,1,0.91916,0.915,0.99463
4497,0,0.34016,0.0025,6e-05
4498,0,0.27861,0.0,0.00013
4499,0,0.3646,0.005,0.00013
4500,0,0.17211,0.0025,0.00025
4501,0,0.57761,0.005,0.00045
4502,1,0.82733,0.8625,0.99621
4503,0,0.19171,0.0,0.00016
4504,0,0.4567,0.01,0.00035
4505,0,0.38962,0.0,0.0001
4506,0,0.75837,0.02,0.00164
4507,0,0.31928,0.0025,9e-05
4508,0,0.58269,0.0,0.00014
4509,0,0.78414,0.0225,0.00106
4510,0,0.63446,0.0,0.00071
4511,1,0.98374,0.8925,0.99818
4512,0,0.66325,0.015,0.00025
4513,0,0.78028,0.05,0.00107
4514,0,0.60556,0.0,0.00023
4515,0,0.31344,0.0,0.00018
4516,0,0.81876,0.0175,0.00354
4517,0,0.64062,0.0,7e-05
4518,0,0.1883,0.0,0.00019
4519,0,0.83566,0.01,0.00063
4520,0,0.37906,0.0,0.00031
4521,0,0.86266,0.0125,0.00131
4522,0,0.5202,0.0,0.00029
4523,0,0.41173,0.0,0.00018
4524,0,0.92081,0.0125,0.00033
4525,0,0.54928,0.0,0.00021
4526,0,0.61046,0.0025,0.00011
4527,0,0.62124,0.0,0.00123
4528,1,0.59261,0.6625,0.98566
4529,0,0.6546,0.0,0.00037
4530,0,0.40715,0.0,0.0001
4531,0,0.76583,0.0025,9e-05
4532,0,0.78894,0.0,0.00022
4533,0,0.50626,0.005,0.00219
4534,1,0.92853,0.8425,0.9942
4535,0,0.36092,0.0225,0.00014
4536,0,0.57487,0.0,0.00027
4537,1,0.73596,0.9025,0.99565
4538,0,0.62164,0.0,0.00032
4539,0,0.77043,0.0025,0.00017
4540,0,0.5802,0.0,0.0001
4541,0,0.64381,0.0,4e-05
4542,0,0.90097,0.01,0.00239
4543,0,0.48794,0.0,0.00011
4544,0,0.78978,0.0025,0.00033
4545,1,0.97201,0.6675,0.96068
4546,0,0.84942,0.0,0.00037
4547,0,0.76812,0.0025,0.0003
4548,0,0.98307,0.1625,0.00794
4549,0,0.73322,0.0,0.00164
4550,0,0.78572,0.0,0.00043
4551,0,0.78128,0.0025,0.00115
4552,0,0.52866,0.04,0.0024
4553,0,0.7357,0.08,0.00461
4554,0,0.384,0.0275,0.00042
4555,0,0.13713,0.0025,0.00011
4556,0,0.06287,0.0025,0.00017
4557,1,0.38936,0.7425,0.99733
4558,0,0.06483,0.0025,9e-05
4559,1,0.319,0.85,0.99176
4560,0,0.2648,0.0075,0.00047
4561,0,0.54904,0.025,0.0001
4562,0,0.13722,0.0025,5e-05
4563,0,0.88332,0.0875,0.00431
4564,0,0.22568,0.0,0.00018
4565,0,0.25363,0.0025,8e-05
4566,1,0.47918,0.8325,0.95988
4567,0,0.64996,0.0275,0.00215
4568,0,0.3208,0.0175,0.00041
4569,0,0.13133,0.005,8e-05
4570,0,0.28886,0.0,6e-05
4571,1,0.54262,0.8175,0.98985
4572,0,0.21817,0.0025,0.00028
4573,0,0.16894,0.0,3e-05
4574,0,0.23333,0.01,0.00016
4575,0,0.14014,0.015,0.00051
4576,0,0.64676,0.0325,0.00027
4577,0,0.20264,0.0,0.00013
4578,0,0.13899,0.0,6e-05
4579,0,0.24734,0.0,4e-05
4580,1,0.52329,0.915,0.98966
4581,0,0.20138,0.0,6e-05
4582,0,0.19873,0.0,5e-05
4583,0,0.46649,0.0,3e-05
4584,0,0.14471,0.0,0.00013
4585,0,0.1229,0.0,7e-05
4586,0,0.1426,0.005,4e-05
4587,0,0.63026,0.0275,0.00839
4588,0,0.09495,0.0,9e-05
4589,0,0.46217,0.0,7e-05
4590,0,0.31627,0.0,0.0001
4591,0,0.14715,0.0025,0.00021
4592,0,0.45191,0.0025,0.00016
4593,0,0.24807,0.0,4e-05
4594,0,0.3653,0.0175,0.00118
4595,0,0.22679,0.0475,0.00099
4596,0,0.54924,0.0025,0.0002
4597,1,0.61302,0.87,0.9918
4598,0,0.56824,0.0,5e-05
4599,0,0.79923,0.045,0.00506
4600,0,0.96078,0.09,0.00683
4601,1,0.46466,0.6175,0.99367
4602,1,0.88837,0.8475,0.99208
4603,0,0.37411,0.0075,0.00035
4604,0,0.9811,0.2975,0.20447
4605,0,0.43485,0.0,8e-05
4606,0,0.85404,0.0225,0.00023
4607,0,0.90124,0.02,0.00029
4608,0,0.57981,0.0,4e-05
4609,0,0.47033,0.0025,0.00014
4610,0,0.73986,0.015,0.00046
4611,0,0.7083,0.0625,0.00454
4612,1,0.95317,0.7475,0.98191
4613,0,0.83551,0.005,0.00017
4614,0,0.96688,0.185,0.00428
4615,0,0.37342,0.0025,4e-05
4616,0,0.69179,0.0,4e-05
4617,0,0.52423,0.0,7e-05
4618,0,0.3965,0.0,0.00034
4619,1,0.88995,0.7425,0.98383
4620,0,0.66653,0.0025,7e-05
4621,1,0.91852,0.6025,0.97966
4622,1,0.89179,0.5725,0.98313
4623,0,0.57511,0.0,0.00036
4624,0,0.82595,0.0,0.00014
4625,0,0.45586,0.015,0.00032
4626,0,0.92831,0.0125,0.00017
4627,0,0.56922,0.0,0.00016
4628,0,0.82293,0.0,0.00016
4629,0,0.70798,0.01,5e-05
4630,0,0.534,0.0025,5e-05
4631,0,0.38939,0.0,6e-05
4632,0,0.79033,0.195,0.00262
4633,1,0.91519,0.5575,0.33304
4634,0,0.94365,0.35,0.01085
4635,0,0.82569,0.125,0.00535
4636,0,0.72097,0.075,0.00378
4637,0,0.85336,0.0925,0.00254
4638,0,0.68279,0.05,0.0004
4639,0,0.49561,0.1325,0.00495
4640,0,0.74683,0.185,0.01176
4641,0,0.75987,0.0925,0.00764
4642,0,0.85926,0.1175,0.00082
4643,1,0.94147,0.8325,0.98448
4644,1,0.97007,0.9325,0.99837
4645,0,0.89904,0.245,0.04471
4646,0,0.62531,0.2975,0.1425
4647,1,0.96589,0.43,0.46207
4648,0,0.16727,0.0,6e-05
4649,0,0.11244,0.0025,0.00025
4650,0,0.86142,0.2675,0.29415
4651,0,0.10046,0.0,0.00027
4652,1,0.43629,0.91,0.98729
4653,0,0.78307,0.0625,0.0012
4654,0,0.13726,0.0,5e-05
4655,0,0.6437,0.0775,0.00036
4656,0,0.12169,0.0,6e-05
4657,0,0.13162,0.0,5e-05
4658,0,0.24513,0.005,3e-05
4659,0,0.33359,0.0,4e-05
4660,0,0.39537,0.0,0.00078
4661,0,0.34302,0.02,0.00301
4662,1,0.41617,0.835,0.99407
4663,0,0.10576,0.005,3e-05
4664,0,0.8123,0.025,0.00244
4665,0,0.69012,0.025,8e-05
4666,1,0.61718,0.6125,0.98885
4667,0,0.20179,0.0,0.00013
4668,0,0.11204,0.01,5e-05
4669,0,0.10941,0.005,3e-05
4670,1,0.35065,0.5625,0.98517
4671,0,0.33164,0.0,6e-05
4672,0,0.58695,0.0075,0.00036
4673,0,0.90986,0.0825,0.01064
4674,0,0.20874,0.005,4e-05
4675,0,0.46421,0.075,0.00717
4676,0,0.23878,0.03,4e-05
4677,0,0.22742,0.0,4e-05
4678,0,0.60131,0.02,0.00156
4679,0,0.28578,0.0175,0.00036
4680,0,0.34801,0.0,0.00035
4681,0,0.43255,0.0,0.00016
4682,0,0.42894,0.03,0.00192
4683,0,0.16579,0.0,0.00108
4684,0,0.59862,0.01,0.00047
4685,1,0.47151,0.01,0.00147
4686,0,0.17917,0.05,0.0003
4687,0,0.22891,0.0025,0.0004
4688,0,0.744,0.0025,7e-05
4689,0,0.61054,0.0,0.0003
4690,0,0.3896,0.0025,7e-05
4691,0,0.57601,0.005,0.00016
4692,0,0.27986,0.0,0.00013
4693,0,0.1852,0.0,0.00017
4694,0,0.33866,0.0,0.00014
4695,0,0.90208,0.0425,0.00345
4696,0,0.28983,0.0075,0.00029
4697,0,0.57639,0.0175,0.00017
4698,0,0.34102,0.0025,6e-05
4699,0,0.82892,0.0075,9e-05
4700,0,0.78329,0.02,0.00295
4701,0,0.37809,0.0,6e-05
4702,0,0.25319,0.005,0.00012
4703,1,0.9881,0.58,0.61982
4704,0,0.55172,0.11,0.01125
4705,0,0.41897,0.0025,0.00111
4706,0,0.54404,0.0,0.00014
4707,0,0.72356,0.0,8e-05
4708,0,0.74177,0.0,4e-05
4709,0,0.52483,0.0,4e-05
4710,0,0.90488,0.015,0.0008
4711,0,0.63655,0.005,8e-05
4712,0,0.83419,0.03,0.00026
4713,0,0.5895,0.0125,0.00027
4714,0,0.84482,0.0275,0.00209
4715,0,0.36616,0.0025,1e-05
4716,0,0.78133,0.01,0.00018
4717,0,0.68224,0.0025,0.00012
4718,0,0.79664,0.0725,0.00199
4719,1,0.97071,0.8025,0.99486
4720,0,0.79504,0.0075,8e-05
4721,1,0.60006,0.34,0.91637
4722,0,0.72943,0.0,3e-05
4723,0,0.60385,0.0825,0.00899
4724,1,0.92406,0.565,0.9626
4725,0,0.85307,0.0025,0.00034
4726,0,0.83586,0.0125,0.00196
4727,0,0.85365,0.27,0.02252
4728,1,0.75154,0.695,0.95389
4729,0,0.90596,0.595,0.33694
4730,1,0.9895,0.925,0.99959
4731,0,0.61198,0.435,0.05888
4732,1,0.67247,0.71,0.95387
4733,0,0.79627,0.275,0.03095
4734,0,0.92046,0.3625,0.18877
4735,0,0.81321,0.155,0.00852
4736,0,0.93856,0.08,0.00615
4737,0,0.1101,0.0025,0.00015
4738,1,0.65899,0.36,0.96745
4739,0,0.24766,0.02,0.00058
4740,1,0.6079,0.8025,0.97849
4741,0,0.18315,0.0,3e-05
4742,0,0.67333,0.0525,0.00229
4743,0,0.14976,0.0,4e-05
4744,0,0.68548,0.0325,0.00173
4745,0,0.40194,0.045,0.00106
4746,0,0.21845,0.0025,0.00021
4747,0,0.3991,0.0175,0.0011
4748,0,0.18471,0.0025,3e-05
4749,1,0.32982,0.895,0.99223
4750,0,0.66458,0.0325,0.00083
4751,0,0.20077,0.0,8e-05
4752,0,0.17667,0.0,0.00032
4753,0,0.18846,0.005,3e-05
4754,0,0.19657,0.0025,6e-05
4755,0,0.76573,0.275,0.00767
4756,1,0.45689,0.6725,0.97838
4757,0,0.14676,0.0025,3e-05
4758,0,0.47319,0.005,0.00016
4759,0,0.74839,0.03,0.00038
4760,1,0.43277,0.8275,0.99467
4761,0,0.37214,0.0025,0.00101
4762,1,0.57766,0.495,0.9335
4763,1,0.96273,0.8275,0.87471
4764,0,0.55354,0.0275,0.00157
4765,0,0.53581,0.04,0.01148
4766,0,0.27301,0.0025,0.00039
4767,0,0.35121,0.0225,0.00017
4768,0,0.85221,0.0325,0.0034
4769,1,0.68642,0.6875,0.94428
4770,0,0.21714,0.005,0.00079
4771,1,0.58864,0.66,0.96406
4772,0,0.36779,0.035,0.00028
4773,0,0.12651,0.09,0.00505
4774,0,0.75285,0.045,0.01162
4775,0,0.24684,0.0,0.00029
4776,0,0.22927,0.0,0.00018
4777,0,0.28004,0.0,0.00011
4778,0,0.1693,0.0,0.00013
4779,1,0.82475,0.38,0.04402
4780,0,0.38338,0.0025,7e-05
4781,0,0.59946,0.025,0.00098
4782,0,0.54243,0.005,0.00086
4783,0,0.845,0.1075,0.00542
4784,0,0.50342,0.0,7e-05
4785,0,0.31771,0.0,3e-05
4786,0,0.67908,0.0175,0.00014
4787,0,0.7173,0.0,2e-05
4788,0,0.46972,0.005,0.00126
4789,0,0.15269,0.005,0.0002
4790,0,0.55471,0.0,0.00036
4791,0,0.37609,0.0025,0.00012
4792,0,0.79825,0.0125,0.00029
4793,0,0.49469,0.0,3e-05
4794,0,0.37439,0.0,2e-05
4795,0,0.28528,0.0,5e-05
4796,0,0.84769,0.0025,0.00029
4797,0,0.68927,0.02,0.00029
4798,0,0.62042,0.05,0.00025
4799,0,0.78803,0.0125,0.00046
4800,0,0.49553,0.005,0.00028
4801,0,0.73597,0.0925,0.00059
4802,0,0.34135,0.0,3e-05
4803,0,0.84641,0.18,0.00152
4804,0,0.59874,0.0,2e-05
4805,0,0.80017,0.0,8e-05
4806,0,0.48957,0.0,0.0001
4807,0,0.91659,0.2375,0.02969
4808,0,0.45555,0.005,0.00059
4809,0,0.85331,0.0275,0.00023
4810,0,0.58437,0.005,8e-05
4811,0,0.61552,0.0025,0.00044
4812,0,0.58541,0.0025,0.00152
4813,0,0.72349,0.1275,0.04321
4814,0,0.78963,0.1125,0.01267
4815,1,0.9677,0.5775,0.92119
4816,0,0.32948,0.165,0.09808
4817,1,0.60405,0.1325,0.00541
4818,0,0.07287,0.005,0.00032
4819,0,0.08426,0.0025,0.00065
4820,0,0.097,0.0,0.00012
4821,0,0.0653,0.0025,0.00048
4822,0,0.23257,0.0325,0.01295
4823,0,0.22409,0.0025,0.00022
4824,0,0.12423,0.0075,0.00031
4825,0,0.41581,0.03,0.00058
4826,0,0.11752,0.0,6e-05
4827,0,0.58805,0.0425,0.00839
4828,0,0.92393,0.1825,0.09519
4829,0,0.18687,0.0125,0.00028
4830,0,0.12115,0.0,0.00017
4831,0,0.17976,0.0025,0.00015
4832,1,0.67665,0.69,0.88216
4833,0,0.3091,0.025,0.00181
4834,1,0.10694,0.5,0.26278
4835,0,0.26748,0.0225,0.00029
4836,0,0.57066,0.185,0.01956
4837,1,0.90692,0.7475,0.82005
4838,0,0.13261,0.0,4e-05
4839,0,0.06036,0.0,5e-05
4840,0,0.53568,0.025,0.00229
4841,1,0.95394,0.7925,0.96395
4842,0,0.34248,0.1,0.00125
4843,0,0.68397,0.0175,0.00036
4844,0,0.20957,0.0025,7e-05
4845,1,0.42186,0.5225,0.9947
4846,0,0.12201,0.0025,0.0001
4847,0,0.10528,0.0025,0.00014
4848,0,0.46883,0.0525,0.00173
4849,0,0.69291,0.1375,0.03683
4850,0,0.38263,0.015,0.00051
4851,0,0.94461,0.1075,0.01947
4852,1,0.74391,0.325,0.44402
4853,0,0.38806,0.0025,0.00015
4854,0,0.11672,0.005,0.00086
4855,0,0.22037,0.0025,0.0003
4856,0,0.4555,0.095,0.00075
4857,0,0.25949,0.01,2e-05
4858,0,0.49212,0.0,5e-05
4859,0,0.696,0.33,0.0047
4860,0,0.41726,0.0,5e-05
4861,0,0.82022,0.035,9e-05
4862,0,0.32258,0.0,7e-05
4863,0,0.86003,0.5075,0.43796
4864,0,0.27095,0.0025,6e-05
4865,0,0.5226,0.0,0.00033
4866,0,0.34019,0.0,5e-05
4867,0,0.42351,0.0,2e-05
4868,0,0.84522,0.135,0.00189
4869,0,0.60977,0.05,0.00095
4870,0,0.19645,0.0,7e-05
4871,0,0.1181,0.0,9e-05
4872,0,0.53249,0.0,0.00011
4873,0,0.94812,0.4175,0.01136
4874,0,0.29149,0.0025,0.00016
4875,0,0.27663,0.0,3e-05
4876,0,0.44833,0.0,3e-05
4877,0,0.37751,0.0025,0.00031
4878,0,0.21999,0.005,0.00015
4879,0,0.80764,0.24,0.00259
4880,0,0.21138,0.005,0.0002
4881,0,0.66909,0.0,6e-05
4882,0,0.65471,0.0325,0.00048
4883,0,0.79282,0.005,9e-05
4884,0,0.29198,0.0,5e-05
4885,0,0.17743,0.0,2e-05
4886,0,0.21874,0.0,2e-05
4887,0,0.69197,0.0875,0.00331
4888,0,0.24181,0.0025,0.00012
4889,0,0.61554,0.005,4e-05
4890,0,0.76182,0.0,3e-05
4891,0,0.85983,0.0,8e-05
4892,0,0.41787,0.0,5e-05
4893,0,0.70407,0.0025,2e-05
4894,0,0.71293,0.0375,0.00041
4895,0,0.81638,0.0175,0.00051
4896,0,0.54109,0.0125,0.0049
4897,0,0.55326,0.0375,0.00211
4898,0,0.60748,0.0875,0.00587
4899,0,0.96506,0.62,0.86349
4900,0,0.90014,0.1125,0.00443
4901,0,0.62597,0.2125,0.06353
4902,0,0.55891,0.2175,0.02637
4903,0,0.47002,0.1875,0.2702
4904,0,0.33337,0.015,0.00291
4905,0,0.53516,0.0125,9e-05
4906,0,0.45464,0.145,0.04031
4907,0,0.15632,0.0475,0.00079
4908,0,0.05265,0.0,0.00015
4909,0,0.34378,0.0575,0.00014
4910,0,0.23688,0.005,4e-05
4911,0,0.03728,0.0025,0.00015
4912,0,0.09121,0.0,6e-05
4913,0,0.09132,0.0025,9e-05
4914,0,0.08612,0.0,0.00011
4915,0,0.22889,0.005,2e-05
4916,0,0.27504,0.0575,0.00022
4917,0,0.07153,0.0,1e-05
4918,0,0.1689,0.0,5e-05
4919,0,0.16552,0.0075,7e-05
4920,0,0.21876,0.0025,5e-05
4921,1,0.98471,0.76,0.99238
4922,0,0.52502,0.3175,0.00442
4923,0,0.17959,0.0,7e-05
4924,0,0.26695,0.0,0.00012
4925,0,0.23414,0.0,2e-05
4926,0,0.13484,0.0025,7e-05
4927,0,0.1093,0.0025,0.0002
4928,0,0.0664,0.005,0.00016
4929,0,0.20108,0.0,0.00013
4930,0,0.18223,0.25,0.00456
4931,0,0.25821,0.0025,4e-05
4932,0,0.13327,0.0,0.00014
4933,0,0.36396,0.02,0.0036
4934,0,0.14667,0.0,0.00016
4935,0,0.26441,0.0,6e-05
4936,0,0.41135,0.0025,3e-05
4937,1,0.98883,0.455,0.78817
4938,0,0.32931,0.0,6e-05
4939,0,0.07641,0.0,7e-05
4940,0,0.93381,0.2675,0.02425
4941,0,0.3203,0.0,6e-05
4942,0,0.20297,0.0,0.0001
4943,0,0.25237,0.0,0.00011
4944,0,0.19243,0.0025,0.00012
4945,0,0.17602,0.0,0.00011
4946,0,0.41927,0.015,0.00137
4947,0,0.23555,0.0,2e-05
4948,0,0.85796,0.015,0.00306
4949,0,0.44406,0.0,5e-05
4950,0,0.14313,0.0,7e-05
4951,0,0.21241,0.0025,2e-05
4952,0,0.47397,0.0,3e-05
4953,0,0.83062,0.0875,0.00555
4954,0,0.12535,0.0,5e-05
4955,0,0.31212,0.0,2e-05
4956,0,0.43688,0.0475,0.00146
4957,0,0.85246,0.08,0.00989
4958,0,0.1587,0.0,4e-05
4959,0,0.88562,0.0025,0.00025
4960,0,0.2816,0.0,3e-05
4961,0,0.98251,0.3125,0.03061
4962,0,0.3426,0.0,3e-05
4963,0,0.91535,0.0225,0.00012
4964,0,0.29959,0.0,2e-05
4965,0,0.47938,0.0,5e-05
4966,0,0.72172,0.04,0.0009
4967,0,0.54994,0.0,2e-05
4968,0,0.9507,0.01,0.00037
4969,0,0.69425,0.0,4e-05
4970,0,0.55989,0.0,7e-05
4971,0,0.55124,0.0,9e-05
4972,0,0.69202,0.0,0.00021
4973,0,0.40302,0.0,1e-05
4974,0,0.45645,0.0,0.00013
4975,0,0.55505,0.0125,0.00016
4976,0,0.76514,0.0,0.00026
4977,1,0.96375,0.5025,0.04979
4978,0,0.90458,0.0175,0.00023
4979,0,0.85014,0.0025,0.00073
4980,0,0.63461,0.0025,0.0001
4981,0,0.53207,0.015,0.00059
4982,0,0.60359,0.0475,0.02344
4983,0,0.38472,0.025,0.00071
4984,0,0.69107,0.02,0.00228
4985,1,0.94228,0.6325,0.32883
4986,0,0.32419,0.055,0.00187
4987,0,0.08927,0.0,9e-05
4988,0,0.20077,0.0575,0.00209
4989,1,0.6103,0.445,0.05803
4990,0,0.05392,0.0025,5e-05
4991,0,0.16207,0.005,0.00015
4992,0,0.06841,0.0,3e-05
4993,0,0.05427,0.0025,0.00022
4994,0,0.05864,0.0075,5e-05
4995,0,0.02744,0.0,2e-05
4996,0,0.16714,0.0,3e-05
4997,0,0.07157,0.04,9e-05
4998,1,0.85922,0.7925,0.35822
4999,0,0.05445,0.005,0.00016
5000,0,0.16404,0.0,2e-05
5001,0,0.0612,0.005,7e-05
5002,0,0.25657,0.0,5e-05
5003,0,0.08408,0.0,7e-05
5004,0,0.57985,0.0025,0.00104
5005,0,0.17876,0.12,0.00274
5006,0,0.61158,0.015,0.00044
5007,0,0.1876,0.08,0.00211
5008,0,0.44415,0.0,0.00083
5009,0,0.18218,0.0025,6e-05
5010,0,0.24566,0.0025,0.00011
5011,0,0.19325,0.0,2e-05
5012,0,0.11614,0.0025,0.00014
5013,0,0.16275,0.0,5e-05
5014,0,0.12199,0.0,6e-05
5015,0,0.08906,0.0025,0.00017
5016,0,0.17113,0.0,1e-05
5017,0,0.43141,0.0,0.00013
5018,0,0.4568,0.005,0.00025
5019,0,0.2307,0.0,1e-05
5020,0,0.12174,0.0,3e-05
5021,0,0.21185,0.0,5e-05
5022,0,0.93664,0.2675,0.01395
5023,0,0.48021,0.0075,0.00017
5024,0,0.12912,0.0,2e-05
5025,0,0.08935,0.0075,2e-05
5026,0,0.29569,0.0,9e-05
5027,0,0.24951,0.0,7e-05
5028,0,0.6372,0.055,0.00081
5029,0,0.06821,0.0,3e-05
5030,0,0.43718,0.0,3e-05
5031,0,0.54995,0.03,0.00015
5032,0,0.52945,0.0,3e-05
5033,0,0.24459,0.0,3e-05
5034,0,0.9341,0.015,0.00013
5035,0,0.36924,0.0,0.00016
5036,0,0.2947,0.0,8e-05
5037,0,0.49906,0.0,3e-05
5038,0,0.58863,0.0,4e-05
5039,0,0.26313,0.0,4e-05
5040,0,0.28046,0.0025,1e-05
5041,0,0.20209,0.01,6e-05
5042,0,0.36479,0.045,0.00016
5043,0,0.36911,0.0,6e-05
5044,0,0.37111,0.0,0.00013
5045,0,0.70148,0.0,0.00042
5046,0,0.76911,0.0075,0.00027
5047,0,0.35116,0.0125,8e-05
5048,0,0.20785,0.0,2e-05
5049,1,0.98472,0.285,0.01855
5050,0,0.70104,0.0075,8e-05
5051,0,0.39041,0.0025,3e-05
5052,0,0.5226,0.0,2e-05
5053,0,0.81898,0.0025,0.00038
5054,0,0.28709,0.0,9e-05
5055,0,0.60869,0.0,6e-05
5056,0,0.49094,0.03,0.00076
5057,0,0.94521,0.0675,0.00198
5058,0,0.83178,0.145,0.00073
5059,0,0.8218,0.0025,3e-05
5060,0,0.86315,0.005,0.00322
5061,0,0.86653,0.0075,0.00024
5062,1,0.99183,0.4825,0.9497
5063,0,0.91248,0.64,0.06591
5064,0,0.2146,0.0,6e-05
5065,0,0.07101,0.005,5e-05
5066,0,0.11155,0.0025,0.00044
5067,0,0.01853,0.0025,2e-05
5068,0,0.29782,0.0125,0.0001
5069,0,0.10279,0.0,0.00047
5070,0,0.19717,0.025,0.00011
5071,0,0.03324,0.0025,1e-05
5072,0,0.07061,0.0075,1e-05
5073,0,0.2004,0.005,3e-05
5074,0,0.25433,0.005,7e-05
5075,0,0.17116,0.0025,1e-05
5076,0,0.18584,0.055,0.00183
5077,0,0.27653,0.0025,2e-05
5078,0,0.05675,0.0,0.0
5079,0,0.19299,0.0,3e-05
5080,0,0.6545,0.0325,0.00011
5081,0,0.55225,0.0,4e-05
5082,0,0.09054,0.0,3e-05
5083,0,0.39053,0.0,2e-05
5084,0,0.5611,0.0275,0.00015
5085,0,0.21678,0.0025,1e-05
5086,0,0.73628,0.0625,0.00259
5087,0,0.62603,0.01,8e-05
5088,0,0.05996,0.0075,5e-05
5089,0,0.19418,0.0075,3e-05
5090,0,0.47518,0.005,0.00012
5091,0,0.26224,0.0,3e-05
5092,0,0.2845,0.0325,0.0005
5093,0,0.38383,0.0,4e-05
5094,0,0.66045,0.0225,0.00047
5095,0,0.34534,0.0075,4e-05
5096,0,0.09332,0.0125,0.00025
5097,0,0.11034,0.005,3e-05
5098,0,0.68823,0.0025,5e-05
5099,0,0.2628,0.0,8e-05
5100,0,0.66473,0.0025,0.00049
5101,0,0.42129,0.0025,6e-05
5102,0,0.34318,0.0,2e-05
5103,0,0.10236,0.0,1e-05
5104,0,0.2459,0.0,4e-05
5105,0,0.46445,0.0,5e-05
5106,0,0.8771,0.115,0.00523
5107,0,0.21545,0.0,2e-05
5108,0,0.63333,0.0,0.00058
5109,0,0.75279,0.005,0.00035
5110,0,0.32616,0.055,0.00083
5111,0,0.09943,0.0,0.0001
5112,0,0.3237,0.005,0.00015
5113,0,0.32744,0.0,0.00013
5114,0,0.45385,0.0,0.00133
5115,0,0.46475,0.08,0.00068
5116,0,0.43638,0.095,0.00019
5117,0,0.87084,0.0675,0.00164
5118,0,0.18794,0.0,7e-05
5119,0,0.08501,0.0025,0.00035
5120,0,0.54691,0.0025,0.0006
5121,0,0.35154,0.0075,0.00033
5122,0,0.37217,0.005,0.00035
5123,0,0.1764,0.0075,0.00023
5124,0,0.55043,0.0,0.00015
5125,0,0.34052,0.0,2e-05
5126,0,0.68028,0.0525,0.00014
5127,0,0.37367,0.0,0.00011
5128,0,0.73198,0.0625,0.01545
5129,0,0.53335,0.0,0.00036
5130,0,0.29489,0.0,3e-05
5131,0,0.73356,0.0,0.0001
5132,0,0.68067,0.005,0.00022
5133,0,0.8485,0.005,7e-05
5134,0,0.52585,0.0,4e-05
5135,0,0.74928,0.0075,0.00758
5136,0,0.52848,0.0,1e-05
5137,0,0.50034,0.0025,0.00101
5138,0,0.28301,0.0125,3e-05
5139,0,0.47324,0.0,0.00158
5140,0,0.47226,0.05,0.00589
5141,0,0.24508,0.0075,7e-05
5142,1,0.30116,0.0375,0.0007
5143,0,0.15115,0.0175,3e-05
5144,0,0.12134,0.0,3e-05
5145,0,0.05149,0.1725,0.00307
5146,0,0.07532,0.0,2e-05
5147,0,0.13758,0.0025,2e-05
5148,0,0.11034,0.0,2e-05
5149,0,0.19145,0.0575,6e-05
5150,0,0.08858,0.0125,3e-05
5151,0,0.01951,0.0,1e-05
5152,0,0.67401,0.015,0.00012
5153,0,0.90406,0.79,0.78176
5154,0,0.06539,0.0,6e-05
5155,0,0.11799,0.0,2e-05
5156,0,0.12807,0.0,1e-05
5157,0,0.13985,0.005,2e-05
5158,0,0.30992,0.015,0.00022
5159,0,0.54178,0.0,3e-05
5160,0,0.32379,0.0,5e-05
5161,0,0.53059,0.005,0.00016
5162,0,0.12009,0.005,0.00016
5163,0,0.3427,0.0025,2e-05
5164,0,0.01942,0.0,2e-05
5165,0,0.07347,0.0,7e-05
5166,0,0.15865,0.0275,7e-05
5167,0,0.19796,0.0,1e-05
5168,0,0.12552,0.0,1e-05
5169,0,0.05495,0.0,5e-05
5170,0,0.15073,0.0,5e-05
5171,0,0.09609,0.0,7e-05
5172,0,0.56042,0.06,0.00083
5173,0,0.13816,0.0,0.00013
5174,0,0.08959,0.0,1e-05
5175,0,0.28992,0.04,9e-05
5176,0,0.05749,0.0,0.00012
5177,0,0.18733,0.0,1e-05
5178,0,0.64856,0.04,6e-05
5179,0,0.41277,0.005,1e-05
5180,0,0.25427,0.0025,4e-05
5181,0,0.40581,0.0,4e-05
5182,0,0.20198,0.0,4e-05
5183,0,0.12589,0.0,7e-05
5184,0,0.20102,0.0,5e-05
5185,0,0.28698,0.0,0.00012
5186,0,0.41503,0.0,1e-05
5187,0,0.87351,0.16,0.00079
5188,0,0.41306,0.0,1e-05
5189,0,0.16042,0.0,3e-05
5190,0,0.50868,0.0225,0.00026
5191,0,0.73162,0.01,0.00033
5192,0,0.52242,0.0,0.00012
5193,0,0.96653,0.3075,0.02206
5194,0,0.12899,0.0075,2e-05
5195,0,0.35821,0.0,9e-05
5196,0,0.32431,0.0,4e-05
5197,0,0.19857,0.0,1e-05
5198,0,0.24265,0.0025,3e-05
5199,0,0.92337,0.01,0.00028
5200,0,0.46875,0.0,4e-05
5201,0,0.97449,0.335,0.20424
5202,0,0.63377,0.0175,0.00029
5203,0,0.76589,0.0825,0.00166
5204,0,0.28937,0.0,8e-05
5205,0,0.65452,0.0,5e-05
5206,0,0.68262,0.0,5e-05
5207,0,0.26953,0.005,2e-05
5208,0,0.58291,0.0,0.00019
5209,0,0.36436,0.0,2e-05
5210,0,0.46978,0.0,0.0001
5211,0,0.69001,0.0,8e-05
5212,0,0.96115,0.0475,0.00081
5213,0,0.7419,0.0125,0.0004
5214,0,0.57022,0.005,0.00015
5215,0,0.59912,0.0025,4e-05
5216,0,0.7752,0.0,3e-05
5217,0,0.78425,0.2975,0.01395
5218,0,0.80156,0.195,0.01103
5219,0,0.69734,0.0775,0.00658
5220,1,0.98536,0.845,0.96465
5221,0,0.49245,0.0725,0.00611
5222,0,0.47142,0.05,0.00116
5223,0,0.02992,0.0075,0.00013
5224,0,0.07143,0.0875,0.00389
5225,0,0.02969,0.0175,0.002
5226,0,0.4783,0.025,0.00028
5227,0,0.23742,0.0075,4e-05
5228,0,0.06859,0.0025,4e-05
5229,0,0.75767,0.165,0.08399
5230,0,0.03894,0.0,6e-05
5231,0,0.14964,0.01,0.00023
5232,0,0.10511,0.0075,0.00023
5233,0,0.72631,0.105,0.00209
5234,0,0.19752,0.0125,0.00068
5235,0,0.51032,0.0025,0.00013
5236,0,0.12335,0.0025,4e-05
5237,0,0.15887,0.0,0.00064
5238,0,0.2044,0.0,2e-05
5239,0,0.19999,0.0,5e-05
5240,0,0.09445,0.0,8e-05
5241,0,0.06048,0.0,8e-05
5242,0,0.04185,0.0025,0.0001
5243,0,0.4453,0.01,4e-05
5244,0,0.27157,0.0,5e-05
5245,0,0.04914,0.0,1e-05
5246,0,0.17777,0.0,2e-05
5247,0,0.12153,0.0075,5e-05
5248,0,0.04478,0.0,0.00038
5249,0,0.06383,0.0,3e-05
5250,0,0.05334,0.0325,0.00135
5251,0,0.50302,0.095,0.00091
5252,0,0.38016,0.13,0.00186
5253,0,0.78504,0.14,0.00776
5254,0,0.24438,0.0025,3e-05
5255,0,0.16344,0.0,8e-05
5256,0,0.50244,0.0125,0.00039
5257,0,0.60199,0.005,0.00026
5258,0,0.12859,0.0,4e-05
5259,0,0.51675,0.0175,0.00016
5260,0,0.15506,0.0,0.00016
5261,0,0.38825,0.0,8e-05
5262,0,0.10616,0.005,0.00053
5263,0,0.31811,0.0,5e-05
5264,0,0.1269,0.0,0.00012
5265,0,0.68061,0.0575,0.00583
5266,0,0.12796,0.0,9e-05
5267,0,0.16057,0.0,0.00011
5268,0,0.19982,0.0,0.00049
5269,0,0.76336,0.0325,0.0005
5270,0,0.58783,0.0125,0.00019
5271,0,0.95016,0.415,0.24594
5272,0,0.33766,0.0,3e-05
5273,0,0.05785,0.0475,0.00032
5274,0,0.24491,0.0075,0.00023
5275,0,0.11101,0.0,7e-05
5276,0,0.23149,0.0025,0.00039
5277,0,0.22221,0.0,2e-05
5278,0,0.56393,0.0,5e-05
5279,0,0.10272,0.0,4e-05
5280,0,0.16141,0.0025,0.00024
5281,0,0.39897,0.0025,0.00018
5282,0,0.21708,0.0,5e-05
5283,0,0.68217,0.0925,0.0039
5284,0,0.58606,0.0025,9e-05
5285,0,0.26702,0.0,0.0003
5286,0,0.47038,0.0,6e-05
5287,0,0.39304,0.0,7e-05
5288,0,0.69719,0.0025,0.00036
5289,0,0.47765,0.0,0.0001
5290,0,0.11717,0.0,0.00046
5291,0,0.5114,0.0,0.00032
5292,0,0.86938,0.0075,0.00112
5293,0,0.25347,0.0,7e-05
5294,0,0.77282,0.0225,9e-05
5295,0,0.80021,0.0425,0.00164
5296,0,0.58702,0.0475,0.00735
5297,0,0.67775,0.0575,0.00453
5298,0,0.77776,0.0075,0.00054
5299,0,0.64755,0.0,0.00037
5300,0,0.72739,0.15,0.00794
5301,0,0.19463,0.01,0.00024
5302,0,0.90974,0.4875,0.01793
5303,0,0.36982,0.01,0.0002
5304,0,0.76809,0.01,0.00089
5305,0,0.86522,0.055,0.00478
5306,0,0.25554,0.0125,0.00126
5307,0,0.31607,0.0975,0.00397
5308,0,0.35312,0.17,0.01208
5309,0,0.72274,0.09,0.00038
5310,1,0.82708,0.105,0.01127
5311,0,0.0787,0.01,0.00023
5312,0,0.29218,0.005,0.00024
5313,0,0.05025,0.0025,0.00022
5314,0,0.0213,0.0,7e-05
5315,0,0.06918,0.0,0.00012
5316,0,0.03383,0.0025,0.00016
5317,0,0.08443,0.0025,0.00011
5318,0,0.07946,0.0,2e-05
5319,0,0.08816,0.0,0.00014
5320,0,0.14142,0.015,0.00081
5321,0,0.10452,0.1825,0.00541
5322,0,0.67177,0.0,0.0001
5323,0,0.47871,0.0875,0.00706
5324,0,0.22086,0.0325,0.00029
5325,0,0.01197,0.0,0.00054
5326,0,0.04603,0.005,3e-05
5327,0,0.3343,0.13,0.0007
5328,0,0.14175,0.0075,4e-05
5329,0,0.0704,0.0025,0.00012
5330,0,0.28825,0.0,4e-05
5331,0,0.05615,0.0,2e-05
5332,0,0.27288,0.0,0.00022
5333,0,0.16482,0.01,0.00046
5334,0,0.53545,0.0175,0.00013
5335,1,0.91906,0.785,0.32182
5336,0,0.11979,0.0025,0.00018
5337,0,0.20097,0.01,5e-05
5338,0,0.27552,0.0075,0.00014
5339,0,0.15173,0.0,2e-05
5340,0,0.0672,0.0,8e-05
5341,0,0.48599,0.0,0.00056
5342,0,0.72577,0.1125,0.0006
5343,0,0.2099,0.09,0.00047
5344,0,0.36308,0.0025,9e-05
5345,0,0.53856,0.0925,0.00383
5346,0,0.23564,0.0,0.00021
5347,0,0.11785,0.005,3e-05
5348,0,0.90281,0.395,0.05135
5349,0,0.23393,0.005,6e-05
5350,0,0.15568,0.0,0.00019
5351,0,0.20407,0.0,6e-05
5352,0,0.08779,0.0,0.00015
5353,0,0.19542,0.0,6e-05
5354,0,0.19722,0.0,6e-05
5355,0,0.13606,0.0,7e-05
5356,0,0.35723,0.11,0.00026
5357,0,0.1109,0.0,3e-05
5358,0,0.32345,0.0,6e-05
5359,0,0.13115,0.0,1e-05
5360,0,0.4765,0.015,0.00019
5361,0,0.5285,0.0025,0.00017
5362,0,0.19982,0.0,2e-05
5363,0,0.8102,0.18,0.00986
5364,0,0.4567,0.0,5e-05
5365,0,0.35347,0.0,8e-05
5366,0,0.24925,0.0025,4e-05
5367,0,0.16184,0.0125,0.00013
5368,0,0.19277,0.0,5e-05
5369,0,0.17549,0.0,0.00026
5370,0,0.19416,0.0025,8e-05
5371,0,0.50415,0.0175,1e-05
5372,0,0.7547,0.0125,0.00038
5373,0,0.79057,0.0025,5e-05
5374,0,0.28292,0.0025,5e-05
5375,0,0.60544,0.0,3e-05
5376,0,0.25727,0.0,0.00015
5377,0,0.88221,0.475,0.01992
5378,0,0.53472,0.0,0.00028
5379,0,0.46217,0.0,0.00021
5380,0,0.46403,0.02,0.00022
5381,0,0.38557,0.0025,0.0004
5382,0,0.17158,0.01,0.00045
5383,0,0.65565,0.0025,0.00059
5384,0,0.59793,0.03,0.00136
5385,0,0.64333,0.2675,0.06339
5386,0,0.32219,0.0475,0.00015
5387,0,0.68582,0.08,0.0011
5388,0,0.9121,0.435,0.15526
5389,0,0.8472,0.2,0.01836
5390,0,0.80751,0.5425,0.14438
5391,0,0.83433,0.3125,0.07432
5392,0,0.48554,0.2375,0.13972
5393,0,0.65511,0.1725,0.03167
5394,0,0.74513,0.1975,0.00408
5395,1,0.99523,0.745,0.99462
5396,0,0.55539,0.2925,0.03893
5397,0,0.65406,0.065,0.02039
5398,0,0.58904,0.29,0.02734
5399,0,0.69682,0.065,0.01274
5400,1,0.93327,0.38,0.44997
5401,1,0.86868,0.3175,0.18276
5402,1,0.97115,0.425,0.94913
5403,0,0.20692,0.035,0.0003
5404,0,0.04992,0.0,0.00023
5405,0,0.06196,0.0125,0.00012
5406,0,0.26496,0.0175,0.00016
5407,0,0.11347,0.1025,0.00208
5408,0,0.11747,0.0,0.00033
5409,0,0.0441,0.005,4e-05
5410,0,0.08622,0.005,0.00032
5411,0,0.22893,0.0525,0.00099
5412,0,0.03508,0.0,4e-05
5413,0,0.63351,0.17,0.00538
5414,0,0.02941,0.005,3e-05
5415,0,0.03265,0.0,7e-05
5416,0,0.23605,0.03,0.00014
5417,0,0.04525,0.0,5e-05
5418,0,0.10918,0.0125,8e-05
5419,0,0.04812,0.0075,0.00019
5420,0,0.3057,0.1675,0.00174
5421,0,0.02622,0.0,0.00013
5422,0,0.05542,0.005,7e-05
5423,0,0.10062,0.0825,0.00552
5424,0,0.06365,0.0,4e-05
5425,0,0.13177,0.255,0.0026
5426,0,0.08488,0.0,3e-05
5427,0,0.23728,0.0,2e-05
5428,0,0.51187,0.0275,0.00032
5429,0,0.36899,0.02,0.00016
5430,0,0.09595,0.005,6e-05
5431,0,0.05458,0.0,7e-05
5432,0,0.1818,0.0,0.00014
5433,0,0.22851,0.0025,0.00015
5434,0,0.49881,0.0,0.00013
5435,0,0.06324,0.0,4e-05
5436,0,0.22013,0.0,6e-05
5437,0,0.07324,0.0,3e-05
5438,0,0.17133,0.0075,0.00037
5439,0,0.17075,0.0,4e-05
5440,0,0.07588,0.0,4e-05
5441,0,0.09812,0.0,4e-05
5442,0,0.10361,0.0,0.00025
5443,0,0.50376,0.115,0.00068
5444,0,0.31195,0.025,6e-05
5445,0,0.26364,0.0,5e-05
5446,0,0.09848,0.0,2e-05
5447,0,0.23888,0.0,5e-05
5448,0,0.34358,0.0125,0.00034
5449,0,0.4207,0.0025,2e-05
5450,0,0.73059,0.14,0.00798
5451,0,0.12565,0.0,7e-05
5452,0,0.40575,0.075,0.00131
5453,0,0.11954,0.0025,0.00038
5454,0,0.28423,0.005,0.00022
5455,0,0.22939,0.005,0.00016
5456,0,0.2121,0.0,7e-05
5457,0,0.09067,0.0025,7e-05
5458,0,0.17065,0.0,6e-05
5459,0,0.44964,0.005,5e-05
5460,0,0.74007,0.0275,0.00019
5461,0,0.15645,0.0,0.0005
5462,0,0.63767,0.23,0.00131
5463,0,0.29295,0.0,3e-05
5464,0,0.20223,0.0025,3e-05
5465,0,0.26301,0.0,4e-05
5466,0,0.7268,0.02,0.00024
5467,0,0.40232,0.05,0.00027
5468,0,0.77416,0.0475,0.00045
5469,0,0.43337,0.0,0.00013
5470,0,0.33279,0.0,0.00119
5471,0,0.28153,0.0,0.00014
5472,0,0.96417,0.425,0.04959
5473,0,0.95171,0.2525,0.02184
5474,0,0.8012,0.2225,0.00865
5475,0,0.53303,0.2525,0.00499
5476,0,0.49827,0.255,0.00593
5477,0,0.3617,0.0,9e-05
5478,0,0.33714,0.0,2e-05
5479,0,0.41878,0.0025,5e-05
5480,0,0.17833,0.0,7e-05
5481,0,0.1898,0.01,1e-05
5482,0,0.53569,0.0,0.00011
5483,0,0.4335,0.0,3e-05
5484,0,0.54762,0.0375,0.00053
5485,0,0.34649,0.005,0.00022
5486,0,0.81117,0.4975,0.00213
5487,0,0.72636,0.1425,0.00183
5488,0,0.75172,0.035,0.00245
5489,1,0.94771,0.4825,0.17115
5490,0,0.3098,0.385,0.04958
5491,1,0.89227,0.6175,0.85776
5492,0,0.51052,0.3575,0.03079
5493,0,0.11232,0.135,0.0008
5494,0,0.53509,0.105,0.00855
5495,0,0.15225,0.1125,0.00196
5496,0,0.26937,0.25,0.00241
5497,0,0.06614,0.0,3e-05
5498,0,0.08284,0.0025,8e-05
5499,0,0.02981,0.0,3e-05
5500,0,0.1606,0.02,0.00067
5501,0,0.07673,0.0025,2e-05
5502,0,0.0823,0.0025,0.00015
5503,0,0.54072,0.055,0.00081
5504,0,0.02519,0.005,6e-05
5505,0,0.55687,0.0375,7e-05
5506,0,0.05727,0.0,2e-05
5507,0,0.07464,0.0,0.00016
5508,0,0.17398,0.0,3e-05
5509,0,0.61981,0.3275,0.04553
5510,0,0.06828,0.0,4e-05
5511,0,0.58778,0.0075,0.00018
5512,0,0.0991,0.0,9e-05
5513,0,0.09219,0.0,3e-05
5514,0,0.48989,0.02,8e-05
5515,0,0.09846,0.0,4e-05
5516,0,0.11758,0.0,0.0001
5517,0,0.12385,0.0,5e-05
5518,0,0.57042,0.015,0.00018
5519,0,0.12567,0.0,9e-05
5520,0,0.42818,0.005,0.00017
5521,0,0.33424,0.0075,0.00014
5522,0,0.33702,0.005,0.00082
5523,0,0.12092,0.0025,0.00013
5524,0,0.0608,0.0025,6e-05
5525,0,0.08984,0.0025,6e-05
5526,0,0.17154,0.43,0.20085
5527,0,0.51608,0.0,0.00022
5528,0,0.15656,0.0,6e-05
5529,0,0.5774,0.0475,0.00053
5530,0,0.242,0.005,0.00011
5531,0,0.37777,0.3675,0.03821
5532,0,0.11898,0.0025,5e-05
5533,0,0.57832,0.01,0.00011
5534,0,0.12617,0.0,3e-05
5535,0,0.10691,0.0,7e-05
5536,0,0.38393,0.0025,0.00019
5537,1,0.6474,0.205,0.00657
5538,0,0.13909,0.0,3e-05
5539,0,0.14059,0.0,0.00049
5540,0,0.14732,0.0,0.0001
5541,0,0.23067,0.0,0.00013
5542,0,0.31574,0.0,0.00011
5543,0,0.21895,0.0075,0.00018
5544,0,0.82765,0.335,0.02154
5545,0,0.5848,0.0,0.00043
5546,0,0.19875,0.3925,0.00321
5547,0,0.34342,0.005,0.00012
5548,0,0.03444,0.0025,0.00116
5549,0,0.30526,0.0,0.0001
5550,0,0.66649,0.3875,0.00524
5551,0,0.45702,0.0,6e-05
5552,0,0.37485,0.2175,0.01182
5553,0,0.2267,0.0,3e-05
5554,0,0.9349,0.285,0.00455
5555,0,0.4406,0.0,6e-05
5556,0,0.49948,0.005,0.00037
5557,0,0.16636,0.155,0.00498
5558,0,0.47449,0.0,0.00013
5559,0,0.65033,0.0,9e-05
5560,0,0.5112,0.0,0.00014
5561,0,0.49823,0.0,8e-05
5562,0,0.40498,0.45,0.0043
5563,0,0.39404,0.005,0.00011
5564,0,0.32473,0.0,0.00035
5565,0,0.72901,0.0625,0.00171
5566,0,0.36735,0.0075,0.00082
5567,0,0.75208,0.1225,0.00377
5568,0,0.49647,0.07,0.00028
5569,0,0.05242,0.0,2e-05
5570,0,0.02815,0.0,2e-05
5571,0,0.2013,0.0075,4e-05
5572,0,0.06332,0.0,4e-05
5573,0,0.04444,0.0,0.00011
5574,0,0.01879,0.0,5e-05
5575,0,0.09575,0.355,0.00208
5576,0,0.03386,0.0,4e-05
5577,0,0.0858,0.0,1e-05
5578,0,0.06139,0.0025,5e-05
5579,0,0.10106,0.0,3e-05
5580,0,0.03031,0.0,5e-05
5581,0,0.03186,0.0,0.0001
5582,0,0.22531,0.04,0.0004
5583,0,0.11422,0.0025,0.00013
5584,0,0.04623,0.0,4e-05
5585,0,0.02389,0.0,3e-05
5586,0,0.02489,0.0025,8e-05
5587,0,0.02344,0.0,7e-05
5588,0,0.19918,0.0025,4e-05
5589,0,0.10472,0.0,6e-05
5590,0,0.53327,0.24,0.00288
5591,0,0.7302,0.4025,0.00548
5592,0,0.06081,0.0,4e-05
5593,0,0.3603,0.0075,0.00022
5594,0,0.24028,0.635,0.16737
5595,0,0.1692,0.0,5e-05
5596,0,0.10691,0.0025,6e-05
5597,0,0.08689,0.0,5e-05
5598,0,0.10098,0.0025,0.00023
5599,0,0.7517,0.03,0.00097
5600,0,0.07728,0.0,0.00033
5601,0,0.09953,0.0,3e-05
5602,0,0.1432,0.0,7e-05
5603,0,0.71053,0.6025,0.00334
5604,0,0.84181,0.4475,0.00376
5605,0,0.1788,0.0,5e-05
5606,0,0.32123,0.0,0.0001
5607,0,0.05438,0.0,3e-05
5608,0,0.06278,0.0,3e-05
5609,0,0.09881,0.0,4e-05
5610,0,0.46677,0.1375,0.00829
5611,0,0.17531,0.02,0.00036
5612,0,0.10778,0.0,0.0001
5613,0,0.38589,0.0,0.00014
5614,0,0.14837,0.0,9e-05
5615,0,0.06799,0.0075,2e-05
5616,1,0.98551,0.7075,0.90735
5617,0,0.36473,0.0025,3e-05
5618,1,0.97266,0.32,0.20159
5619,0,0.0888,0.0,5e-05
5620,0,0.30275,0.0,5e-05
5621,0,0.3152,0.0,3e-05
5622,0,0.63095,0.3375,0.00481
5623,0,0.5782,0.0,3e-05
5624,0,0.29499,0.0,2e-05
5625,0,0.12432,0.0,0.00021
5626,0,0.09409,0.0,5e-05
5627,0,0.12879,0.01,5e-05
5628,0,0.61409,0.0,0.0001
5629,0,0.37448,0.0,5e-05
5630,0,0.80034,0.07,0.00063
5631,0,0.22978,0.0025,0.00015
5632,0,0.29363,0.0,4e-05
5633,0,0.80944,0.2,0.00951
5634,0,0.73287,0.045,0.00016
5635,0,0.87059,0.2975,0.02939
5636,0,0.82127,0.0275,0.00043
5637,0,0.66654,0.015,0.0009
5638,0,0.66731,0.005,5e-05
5639,0,0.39757,0.0,0.00021
5640,0,0.232,0.0,0.00016
5641,0,0.88404,0.0375,0.00023
5642,0,0.2831,0.0,6e-05
5643,0,0.42343,0.0,4e-05
5644,0,0.76854,0.0,0.0001
5645,0,0.83741,0.14,0.00019
5646,0,0.10309,0.0,3e-05
5647,0,0.64406,0.0025,7e-05
5648,0,0.88839,0.2425,0.01812
5649,0,0.64291,0.135,0.00559
5650,0,0.87302,0.135,0.00677
5651,0,0.80268,0.4175,0.04094
5652,0,0.68474,0.27,0.08432
5653,0,0.30869,0.0575,0.00246
5654,0,0.45632,0.345,0.03357
5655,0,0.0317,0.0,7e-05
5656,0,0.1355,0.005,0.0009
5657,0,0.05694,0.3525,0.01723
5658,0,0.0507,0.0,4e-05
5659,0,0.39243,0.3475,0.00316
5660,0,0.03356,0.0,0.00028
5661,0,0.11083,0.0025,0.00011
5662,0,0.46946,0.005,0.00057
5663,0,0.06662,0.0025,8e-05
5664,0,0.15763,0.0075,0.00014
5665,0,0.036,0.0,8e-05
5666,0,0.05031,0.0,4e-05
5667,0,0.11372,0.0,0.0001
5668,0,0.17455,0.0025,0.00012
5669,0,0.15202,0.03,0.00112
5670,0,0.06227,0.0,7e-05
5671,0,0.17372,0.005,0.00058
5672,0,0.04249,0.0025,6e-05
5673,0,0.01904,0.0025,3e-05
5674,0,0.5676,0.0025,0.0002
5675,0,0.06375,0.0175,0.00011
5676,0,0.10583,0.0,6e-05
5677,0,0.13017,0.0025,7e-05
5678,0,0.24182,0.4175,0.00152
5679,0,0.08492,0.0,2e-05
5680,0,0.43239,0.005,0.00034
5681,0,0.37242,0.0675,0.00023
5682,0,0.14814,0.035,0.00198
5683,0,0.64837,0.07,0.00347
5684,0,0.18192,0.0,0.00013
5685,0,0.1234,0.0025,5e-05
5686,0,0.44827,0.0,0.00027
5687,0,0.12837,0.0,4e-05
5688,0,0.43876,0.01,0.00142
5689,0,0.223,0.085,0.00349
5690,0,0.05089,0.0025,0.0001
5691,0,0.31446,0.0,0.00024
5692,0,0.73033,0.4325,0.03552
5693,0,0.57251,0.19,0.00267
5694,0,0.20423,0.0075,0.0002
5695,0,0.58564,0.0025,0.00018
5696,0,0.26541,0.0,0.00013
5697,0,0.11157,0.0,2e-05
5698,0,0.48079,0.46,0.00261
5699,0,0.84622,0.355,0.01938
5700,0,0.29834,0.0,3e-05
5701,0,0.38026,0.0,5e-05
5702,0,0.70129,0.4575,0.04573
5703,0,0.57494,0.0,0.0001
5704,0,0.44286,0.0025,0.00011
5705,0,0.7056,0.5925,0.04996
5706,0,0.38256,0.0,0.00012
5707,1,0.98881,0.7075,0.73295
5708,0,0.43462,0.0,0.00025
5709,0,0.53922,0.0,5e-05
5710,0,0.36211,0.0025,0.00017
5711,0,0.36999,0.005,0.00046
5712,0,0.24102,0.0,0.00032
5713,0,0.79798,0.4175,0.00294
5714,0,0.45261,0.0,9e-05
5715,0,0.37604,0.0025,0.00011
5716,0,0.24468,0.0,7e-05
5717,0,0.73336,0.285,0.00358
5718,0,0.27879,0.0,3e-05
5719,0,0.27137,0.0,9e-05
5720,0,0.36434,0.0025,9e-05
5721,0,0.88202,0.025,0.00036
5722,0,0.44785,0.005,0.00051
5723,0,0.67174,0.0025,0.0002
5724,0,0.78402,0.005,0.00061
5725,0,0.85347,0.01,0.00117
5726,0,0.18935,0.0,0.00013
5727,0,0.76506,0.05,0.00069
5728,0,0.21822,0.005,0.00014
5729,0,0.64756,0.0625,0.00283
5730,0,0.13816,0.0025,0.00022
5731,0,0.34497,0.0175,0.0005
5732,0,0.2598,0.04,0.00059
5733,0,0.61419,0.085,0.0099
5734,0,0.71884,0.15,0.00752
5735,1,0.95249,0.7725,0.96579
5736,0,0.37957,0.095,0.00162
5737,0,0.20931,0.1225,0.02079
5738,0,0.83821,0.1725,0.00358
5739,0,0.06182,0.2575,0.00742
5740,0,0.026,0.0,3e-05
5741,0,0.04665,0.0,5e-05
5742,0,0.05309,0.0,0.00013
5743,0,0.15389,0.01,0.00021
5744,0,0.03422,0.2025,0.00062
5745,0,0.07475,0.0025,0.00013
5746,0,0.07471,0.005,7e-05
5747,0,0.03205,0.0,4e-05
5748,0,0.10796,0.0,6e-05
5749,0,0.03385,0.0,4e-05
5750,0,0.72428,0.61,0.0858
5751,0,0.10722,0.0,2e-05
5752,0,0.07871,0.0,4e-05
5753,0,0.02883,0.0,4e-05
5754,0,0.63968,0.02,0.00116
5755,0,0.0553,0.0,9e-05
5756,0,0.33683,0.0,0.00034
5757,0,0.3491,0.2725,0.00132
5758,0,0.6444,0.405,0.00808
5759,0,0.17781,0.0075,6e-05
5760,0,0.07525,0.0,0.00016
5761,0,0.04352,0.0025,5e-05
5762,0,0.35785,0.3125,0.00312
5763,0,0.42201,0.315,0.00109
5764,0,0.061,0.0,8e-05
5765,0,0.22352,0.0,0.0001
5766,0,0.10517,0.0,0.00032
5767,0,0.09965,0.0,0.00029
5768,0,0.20021,0.0,0.00018
5769,0,0.25988,0.03,0.00062
5770,0,0.40466,0.305,0.00076
5771,0,0.1522,0.0025,0.00024
5772,0,0.42167,0.0,0.0001
5773,0,0.11646,0.0,9e-05
5774,0,0.2302,0.0025,0.00018
5775,0,0.13579,0.0,7e-05
5776,0,0.12353,0.0,7e-05
5777,0,0.33141,0.3625,0.00455
5778,0,0.26478,0.0125,0.0008
5779,0,0.22357,0.0,9e-05
5780,0,0.12024,0.0025,0.0002
5781,0,0.40613,0.0,5e-05
5782,0,0.26151,0.0,5e-05
5783,0,0.19277,0.0,0.00016
5784,0,0.14035,0.0,3e-05
5785,0,0.1365,0.0,0.00022
5786,0,0.14228,0.0,6e-05
5787,0,0.18233,0.0075,0.00022
5788,0,0.37107,0.0,5e-05
5789,0,0.33194,0.005,0.00015
5790,0,0.49829,0.0025,0.00101
5791,0,0.13344,0.0,6e-05
5792,0,0.34053,0.005,0.00026
5793,0,0.1434,0.0025,0.00011
5794,0,0.53289,0.005,6e-05
5795,0,0.30038,0.0,0.00017
5796,0,0.22209,0.0,0.00013
5797,0,0.91127,0.065,0.00186
5798,0,0.39454,0.0025,0.0001
5799,0,0.59628,0.0,0.00017
5800,0,0.33401,0.0,7e-05
5801,0,0.62977,0.0,0.0001
5802,0,0.52193,0.0,0.00023
5803,0,0.29834,0.0,0.00016
5804,0,0.3394,0.0,0.00012
5805,0,0.51851,0.0325,0.00076
5806,0,0.43734,0.0,5e-05
5807,0,0.62495,0.025,0.00192
5808,0,0.2484,0.0025,0.00012
5809,0,0.19142,0.0025,0.00014
5810,0,0.27191,0.0,6e-05
5811,0,0.25213,0.0,0.00014
5812,0,0.34317,0.0125,0.00023
5813,0,0.22358,0.0,7e-05
5814,0,0.41471,0.01,0.00043
5815,0,0.60012,0.0225,0.00077
5816,0,0.45394,0.0,0.00061
5817,0,0.42323,0.0025,0.00067
5818,0,0.31575,0.0575,0.00815
5819,0,0.43557,0.275,0.05554
5820,0,0.3995,0.17,0.04818
5821,0,0.29917,0.07,0.00279
5822,0,0.59725,0.355,0.02176
5823,0,0.86941,0.14,0.04035
5824,0,0.58558,0.165,0.00819
5825,0,0.59478,0.315,0.01963
5826,0,0.46132,0.0425,0.00174
5827,0,0.53429,0.08,0.0087
5828,0,0.15517,0.0,0.00011
5829,0,0.03615,0.0,3e-05
5830,0,0.0156,0.0,2e-05
5831,0,0.03155,0.0,0.00038
5832,0,0.30714,0.0025,8e-05
5833,0,0.03958,0.0,3e-05
5834,0,0.10464,0.0,8e-05
5835,0,0.2133,0.0175,0.00049
5836,0,0.02577,0.0,9e-05
5837,0,0.08865,0.0,6e-05
5838,0,0.03079,0.0,6e-05
5839,0,0.01568,0.0,5e-05
5840,0,0.02908,0.0,3e-05
5841,0,0.01206,0.0,5e-05
5842,0,0.03092,0.0,4e-05
5843,0,0.22381,0.0275,0.00012
5844,0,0.0364,0.0,5e-05
5845,0,0.03282,0.0,9e-05
5846,0,0.02089,0.0,7e-05
5847,0,0.07704,0.0,4e-05
5848,0,0.05688,0.0025,8e-05
5849,0,0.40761,0.0825,0.01119
5850,0,0.17947,0.0225,0.0004
5851,0,0.05142,0.0,3e-05
5852,0,0.03303,0.0,4e-05
5853,0,0.02053,0.0,1e-05
5854,0,0.06732,0.0025,6e-05
5855,0,0.5822,0.0075,0.00043
5856,0,0.14803,0.005,0.00072
5857,0,0.08876,0.0,3e-05
5858,0,0.04107,0.0025,0.00014
5859,0,0.10162,0.0675,0.00145
5860,0,0.04757,0.0,8e-05
5861,0,0.06526,0.0,9e-05
5862,0,0.64171,0.0075,0.00064
5863,0,0.14793,0.0,0.00014
5864,0,0.04237,0.0,8e-05
5865,0,0.05143,0.0,5e-05
5866,0,0.05771,0.0025,0.00024
5867,0,0.35111,0.0025,0.00055
5868,0,0.46825,0.0,0.00032
5869,0,0.1053,0.0,0.00013
5870,0,0.2551,0.0,5e-05
5871,0,0.16559,0.0025,0.00035
5872,0,0.68475,0.005,0.0004
5873,0,0.28296,0.0,6e-05
5874,0,0.15706,0.0025,0.00021
5875,0,0.17636,0.0,6e-05
5876,0,0.33081,0.0,7e-05
5877,0,0.75066,0.0025,0.00014
5878,0,0.24646,0.0,0.00011
5879,0,0.65688,0.0,0.00015
5880,0,0.13216,0.0,0.00031
5881,0,0.68086,0.0075,0.00024
5882,0,0.29467,0.0,6e-05
5883,0,0.10893,0.0,0.00014
5884,0,0.19022,0.0,5e-05
5885,0,0.22471,0.0075,0.00076
5886,0,0.08009,0.0075,8e-05
5887,0,0.37308,0.0,9e-05
5888,0,0.18404,0.0,0.00011
5889,0,0.21965,0.0,0.00019
5890,0,0.51726,0.0525,0.00021
5891,0,0.25004,0.0,4e-05
5892,0,0.7327,0.055,0.00033
5893,0,0.55051,0.0,0.00015
5894,0,0.78307,0.0025,0.00021
5895,0,0.46321,0.0,9e-05
5896,0,0.5788,0.0,0.00022
5897,0,0.75219,0.1125,0.00041
5898,0,0.30666,0.0,0.00015
5899,0,0.85705,0.11,0.00466
5900,0,0.10523,0.0,4e-05
5901,0,0.3262,0.0,3e-05
5902,0,0.65897,0.0,0.00018
5903,0,0.38871,0.0025,0.00015
5904,0,0.32179,0.005,0.00015
5905,0,0.91843,0.23,0.07806
5906,0,0.10121,0.0,4e-05
5907,0,0.31973,0.0125,0.00075
5908,0,0.53398,0.005,0.00053
5909,0,0.31633,0.1025,0.01083
5910,1,0.98855,0.5725,0.94004
5911,0,0.05936,0.0,4e-05
5912,0,0.59575,0.42,0.78005
5913,0,0.01603,0.0025,5e-05
5914,0,0.42441,0.0,3e-05
5915,0,0.05376,0.0,3e-05
5916,0,0.04087,0.0,3e-05
5917,0,0.15997,0.0,0.00022
5918,0,0.23589,0.0175,0.0003
5919,0,0.16431,0.0,8e-05
5920,0,0.28748,0.0425,0.00092
5921,0,0.02796,0.0,4e-05
5922,0,0.44994,0.0675,0.00032
5923,0,0.07964,0.0,0.0001
5924,0,0.01714,0.0,5e-05
5925,0,0.14344,0.0175,0.00025
5926,0,0.02004,0.0,4e-05
5927,0,0.37232,0.0175,0.00078
5928,0,0.03179,0.0025,0.00033
5929,0,0.06319,0.0,0.0001
5930,0,0.19082,0.005,0.00021
5931,0,0.51902,0.0,0.00014
5932,0,0.3278,0.0125,0.00019
5933,0,0.04184,0.0,6e-05
5934,0,0.12343,0.005,0.00017
5935,0,0.31471,0.01,0.00014
5936,0,0.08692,0.0,2e-05
5937,0,0.05913,0.0,0.00018
5938,0,0.07052,0.0,0.00022
5939,0,0.12558,0.0025,3e-05
5940,0,0.8918,0.35,0.11123
5941,0,0.44588,0.0075,0.00138
5942,1,0.30598,0.0,0.00021
5943,0,0.14006,0.01,0.00032
5944,0,0.20774,0.0,0.00015
5945,0,0.05043,0.0,0.00016
5946,0,0.1114,0.005,0.00011
5947,0,0.35726,0.0025,0.00037
5948,0,0.20272,0.0,0.00013
5949,0,0.2194,0.0025,0.00081
5950,0,0.2212,0.0075,5e-05
5951,0,0.06267,0.0075,0.00213
5952,0,0.04628,0.0,0.00034
5953,0,0.05498,0.0,4e-05
5954,0,0.07199,0.0,0.00022
5955,0,0.04269,0.0,0.0002
5956,0,0.09471,0.0,7e-05
5957,0,0.10783,0.0,0.00011
5958,0,0.25178,0.0,7e-05
5959,0,0.1385,0.0,0.00025
5960,0,0.46394,0.0325,0.00227
5961,0,0.09958,0.0075,0.00015
5962,0,0.03675,0.0,0.00019
5963,0,0.0606,0.005,0.00021
5964,0,0.14627,0.0,0.00011
5965,0,0.03993,0.005,0.00018
5966,0,0.22328,0.0,0.00041
5967,0,0.43337,0.0125,0.00023
5968,0,0.61167,0.0,0.00069
5969,0,0.72462,0.0275,0.0001
5970,0,0.05417,0.0,0.0001
5971,0,0.14644,0.0,9e-05
5972,0,0.05063,0.0025,0.0001
5973,0,0.43953,0.005,0.00051
5974,0,0.55982,0.0075,0.00032
5975,0,0.19944,0.0075,0.00022
5976,0,0.04933,0.0,0.00019
5977,0,0.54609,0.0125,0.00013
5978,0,0.33044,0.0,0.00011
5979,0,0.55273,0.0,0.00011
5980,0,0.47035,0.0025,0.00019
5981,0,0.18886,0.005,0.00017
5982,0,0.25717,0.0125,9e-05
5983,0,0.20329,0.0,0.0003
5984,0,0.44048,0.035,0.00022
5985,0,0.57052,0.1,0.00103
5986,0,0.15967,0.1,0.00033
5987,0,0.87277,0.1525,0.00964
5988,0,0.63747,0.0075,0.00081
5989,0,0.8306,0.41,0.39014
5990,0,0.79644,0.1475,0.05061
5991,0,0.69532,0.19,0.00491
5992,0,0.28658,0.12,0.01422
5993,0,0.3877,0.295,0.05923
5994,0,0.28804,0.1475,0.00545
5995,0,0.72741,0.2825,0.01767
5996,0,0.50248,0.325,0.03691
5997,0,0.69276,0.4675,0.39301
5998,0,0.355,0.2825,0.0444
5999,0,0.58362,0.325,0.10378
6000,1,0.28251,0.1925,0.06814
6001,0,0.03137,0.0075,0.0002
6002,0,0.06217,0.0425,6e-05
6003,0,0.04003,0.0,0.00012
6004,0,0.02835,0.0,3e-05
6005,0,0.02345,0.0,5e-05
6006,0,0.06832,0.0,4e-05
6007,0,0.09215,0.0125,0.00014
6008,0,0.24292,0.0425,0.00031
6009,0,0.02365,0.01,0.00034
6010,0,0.04262,0.0,0.0001
6011,0,0.03842,0.0025,0.00011
6012,0,0.03967,0.0,5e-05
6013,0,0.03866,0.0,0.00025
6014,0,0.01637,0.0,7e-05
6015,0,0.02024,0.0,4e-05
6016,0,0.03742,0.0,3e-05
6017,0,0.127,0.0075,0.00054
6018,0,0.01891,0.0025,0.00115
6019,0,0.01209,0.0,4e-05
6020,0,0.18473,0.0,3e-05
6021,0,0.06335,0.0,1e-05
6022,0,0.0199,0.0,0.00043
6023,0,0.08228,0.0,0.00018
6024,0,0.20597,0.035,0.00032
6025,1,0.89602,0.575,0.62028
6026,0,0.28983,0.01,0.0004
6027,0,0.18094,0.0,0.00019
6028,0,0.06047,0.0025,0.0002
6029,0,0.31743,0.0175,0.00271
6030,0,0.24747,0.0025,7e-05
6031,0,0.53669,0.0825,0.00463
6032,0,0.08258,0.025,0.00038
6033,0,0.06881,0.0025,0.00018
6034,0,0.04812,0.0025,0.0006
6035,0,0.16062,0.0125,0.00193
6036,0,0.04808,0.0,0.00019
6037,0,0.51258,0.025,0.00103
6038,0,0.20135,0.0,0.00035
6039,0,0.07853,0.0,0.00012
6040,0,0.10153,0.0,0.00018
6041,0,0.1905,0.0275,0.00279
6042,0,0.28525,0.005,0.00093
6043,0,0.0979,0.0,4e-05
6044,0,0.11557,0.0,0.00014
6045,0,0.17904,0.0,0.0001
6046,0,0.58117,0.03,0.00056
6047,0,0.64102,0.0875,0.00066
6048,0,0.05702,0.0,5e-05
6049,0,0.17424,0.0,0.00015
6050,0,0.07646,0.0,8e-05
6051,0,0.12819,0.0,0.00014
6052,0,0.56676,0.0075,0.00018
6053,0,0.23675,0.0,7e-05
6054,0,0.21427,0.0,0.00067
6055,0,0.18023,0.0,0.00014
6056,0,0.28849,0.0,0.00019
6057,0,0.08557,0.0,0.00011
6058,0,0.28878,0.0,6e-05
6059,0,0.24367,0.0,4e-05
6060,0,0.53712,0.0425,0.00201
6061,0,0.28293,0.0025,4e-05
6062,0,0.05378,0.0,3e-05
6063,0,0.71319,0.005,0.00066
6064,0,0.37809,0.0025,0.00015
6065,0,0.25514,0.0,7e-05
6066,0,0.38953,0.0,0.00129
6067,0,0.22587,0.0,0.00011
6068,0,0.3745,0.0,0.00043
6069,0,0.26635,0.0075,0.00072
6070,0,0.25151,0.0,0.00012
6071,0,0.17423,0.0,4e-05
6072,0,0.41381,0.0,0.00026
6073,0,0.19032,0.0075,0.00024
6074,0,0.23023,0.0025,0.00014
6075,0,0.38065,0.0025,4e-05
6076,0,0.45458,0.0,0.00011
6077,0,0.23689,0.0025,0.00036
6078,0,0.58361,0.0025,0.00015
6079,1,0.94535,0.8725,0.98833
6080,0,0.29561,0.17,0.02317
6081,0,0.2253,0.4075,0.03026
6082,0,0.64008,0.1475,0.02398
6083,0,0.53419,0.245,0.06991
6084,0,0.7844,0.4675,0.03814
6085,0,0.01194,0.0,4e-05
6086,0,0.03582,0.0,5e-05
6087,0,0.01894,0.0,2e-05
6088,0,0.01415,0.0,2e-05
6089,0,0.02717,0.0,4e-05
6090,0,0.02955,0.0,1e-05
6091,0,0.02726,0.0,5e-05
6092,0,0.61113,0.0625,0.0011
6093,0,0.01805,0.005,0.00013
6094,0,0.52559,0.085,0.00189
6095,0,0.1007,0.0225,0.00077
6096,0,0.13727,0.0,0.00014
6097,0,0.04669,0.0,9e-05
6098,0,0.02176,0.0,3e-05
6099,0,0.03835,0.0,9e-05
6100,0,0.0074,0.0,9e-05
6101,0,0.02312,0.0,6e-05
6102,0,0.02069,0.005,0.0001
6103,0,0.09073,0.025,0.00018
6104,0,0.10438,0.0,0.00083
6105,0,0.05222,0.0,5e-05
6106,0,0.23735,0.0025,0.00013
6107,0,0.23516,0.0175,0.00053
6108,0,0.29248,0.185,0.00824
6109,0,0.01845,0.0,9e-05
6110,0,0.05063,0.0025,9e-05
6111,0,0.16563,0.0,0.00016
6112,0,0.06721,0.0,8e-05
6113,0,0.0673,0.0,6e-05
6114,0,0.05364,0.0,6e-05
6115,0,0.04411,0.0,0.00013
6116,0,0.31786,0.0175,0.00331
6117,0,0.17294,0.0,0.00061
6118,0,0.40617,0.0,0.00028
6119,0,0.73819,0.1475,0.00288
6120,0,0.06874,0.005,0.0001
6121,0,0.05829,0.0,0.00011
6122,0,0.04663,0.0,4e-05
6123,0,0.7397,0.03,0.00161
6124,0,0.16476,0.0,0.0001
6125,0,0.09138,0.0,0.0003
6126,0,0.14345,0.0,0.00033
6127,0,0.51955,0.005,0.00051
6128,0,0.89169,0.75,0.12121
6129,0,0.08833,0.0,5e-05
6130,0,0.45567,0.0,0.00017
6131,0,0.31967,0.0,0.00043
6132,0,0.22182,0.0,7e-05
6133,0,0.16181,0.0,0.00014
6134,0,0.19227,0.0,0.00015
6135,0,0.18943,0.0,4e-05
6136,0,0.1681,0.0025,0.00347
6137,0,0.0551,0.0025,0.00015
6138,0,0.14489,0.0,6e-05
6139,0,0.2335,0.0,0.00027
6140,0,0.13462,0.0025,9e-05
6141,0,0.17975,0.0025,0.00019
6142,0,0.53342,0.0,0.0001
6143,0,0.17633,0.0,9e-05
6144,0,0.11098,0.0,6e-05
6145,0,0.28006,0.0,0.00012
6146,0,0.18396,0.0,0.00014
6147,0,0.20768,0.0,9e-05
6148,0,0.37728,0.005,0.00023
6149,0,0.26777,0.0,4e-05
6150,0,0.43716,0.0125,0.00068
6151,0,0.20745,0.0175,0.01146
6152,0,0.1999,0.0,5e-05
6153,0,0.24307,0.0,5e-05
6154,1,0.92979,0.3675,0.40781
6155,0,0.09625,0.0,8e-05
6156,0,0.17086,0.0,5e-05
6157,0,0.48427,0.0,0.00011
6158,0,0.39158,0.0,7e-05
6159,0,0.22203,0.0475,0.00067
6160,1,0.94456,0.335,0.06592
6161,0,0.23937,0.0,0.00026
6162,0,0.62183,0.0,0.0013
6163,0,0.29059,0.0,0.0003
6164,0,0.57456,0.06,0.0014
6165,0,0.21308,0.0,0.0001
6166,0,0.29881,0.42,0.05583
6167,0,0.19132,0.1375,0.03934
6168,0,0.75448,0.2225,0.00706
6169,0,0.31592,0.2375,0.009
6170,0,0.30759,0.36,0.0981
6171,0,0.59298,0.0625,0.00112
6172,0,0.4877,0.1475,0.01095
6173,1,0.63123,0.2125,0.01827
6174,0,0.0072,0.0025,3e-05
6175,0,0.01037,0.0,2e-05
6176,0,0.1268,0.0,6e-05
6177,0,0.02966,0.0025,0.00025
6178,0,0.21828,0.0,0.0003
6179,1,0.83648,0.81,0.97587
6180,0,0.04993,0.04,0.00049
6181,0,0.131,0.0025,0.00061
6182,0,0.0378,0.0,0.00078
6183,0,0.01384,0.0,0.00014
6184,0,0.01548,0.0,0.00016
6185,0,0.03619,0.0,8e-05
6186,0,0.04154,0.0025,0.00011
6187,0,0.09578,0.0075,0.00046
6188,0,0.60154,0.04,0.01612
6189,0,0.14635,0.0,0.00019
6190,0,0.0308,0.0,0.0001
6191,0,0.02577,0.0,0.0003
6192,0,0.03311,0.0,5e-05
6193,0,0.13295,0.0,0.00056
6194,0,0.10368,0.0025,4e-05
6195,0,0.15931,0.0,5e-05
6196,0,0.07292,0.0,6e-05
6197,0,0.06116,0.0,0.00037
6198,0,0.27138,0.0025,0.00011
6199,0,0.01936,0.005,6e-05
6200,0,0.15831,0.0,8e-05
6201,0,0.04992,0.0,0.00015
6202,0,0.19278,0.0025,0.00014
6203,0,0.36095,0.05,0.00011
6204,0,0.07074,0.01,0.00047
6205,0,0.0253,0.0,4e-05
6206,0,0.02981,0.0,0.00029
6207,0,0.03116,0.0025,0.00062
6208,0,0.08502,0.0025,0.00025
6209,0,0.15432,0.0,0.00026
6210,0,0.06478,0.0,0.00029
6211,0,0.22583,0.005,0.00052
6212,0,0.26047,0.04,0.00036
6213,0,0.64924,0.015,0.00094
6214,0,0.09316,0.0,8e-05
6215,0,0.1595,0.0,0.00066
6216,0,0.25561,0.0,0.00012
6217,0,0.07705,0.0,9e-05
6218,0,0.31431,0.0025,0.00014
6219,0,0.31853,0.06,0.00095
6220,0,0.17608,0.0025,5e-05
6221,0,0.65273,0.0025,0.00039
6222,0,0.40093,0.005,0.00061
6223,0,0.09973,0.0,1e-05
6224,0,0.16753,0.0,0.00016
6225,0,0.1253,0.0,4e-05
6226,0,0.13918,0.0,0.00025
6227,0,0.80929,0.18,0.00249
6228,0,0.19355,0.0,0.00038
6229,0,0.67502,0.0075,0.00073
6230,0,0.53033,0.0025,0.00021
6231,0,0.18391,0.0075,7e-05
6232,0,0.26277,0.0,7e-05
6233,0,0.08896,0.0,0.00065
6234,0,0.15025,0.0,8e-05
6235,0,0.36915,0.0,0.0001
6236,0,0.21972,0.0,5e-05
6237,0,0.18464,0.0,7e-05
6238,0,0.17031,0.0025,0.00025
6239,0,0.93687,0.0525,0.00096
6240,0,0.26582,0.0,7e-05
6241,0,0.25409,0.0,0.00013
6242,0,0.74413,0.045,0.00034
6243,0,0.60525,0.0,0.00015
6244,0,0.71229,0.0025,0.00012
6245,0,0.25109,0.0,0.00047
6246,0,0.42601,0.0,0.00022
6247,0,0.6029,0.0,0.00024
6248,0,0.80764,0.0,0.00038
6249,1,0.98682,0.59,0.97226
6250,0,0.33324,0.0,0.00013
6251,0,0.45024,0.0,0.00035
6252,0,0.46485,0.0,6e-05
6253,0,0.34885,0.005,0.00076
6254,0,0.27159,0.01,0.00999
6255,0,0.70002,0.0275,0.00073
6256,1,0.96091,0.72,0.93041
6257,1,0.34923,0.0275,0.00094
6258,0,0.13227,0.03,0.00015
6259,0,0.0948,0.0,4e-05
6260,0,0.08892,0.015,0.00017
6261,0,0.10399,0.0,5e-05
6262,0,0.15427,0.005,0.0011
6263,0,0.04941,0.0025,6e-05
6264,0,0.01322,0.0,0.00013
6265,0,0.08427,0.0,0.00015
6266,0,0.11801,0.0,0.00083
6267,0,0.09066,0.0025,0.00055
6268,0,0.0461,0.0,3e-05
6269,0,0.04806,0.0,4e-05
6270,0,0.06452,0.0,0.0001
6271,0,0.0722,0.0,0.00027
6272,0,0.03157,0.0,0.00012
6273,0,0.44274,0.0025,0.00024
6274,0,0.04439,0.0025,6e-05
6275,0,0.01776,0.0025,7e-05
6276,0,0.05652,0.0,5e-05
6277,0,0.74525,0.605,0.01006
6278,0,0.07519,0.0,4e-05
6279,0,0.13756,0.0025,6e-05
6280,0,0.68116,0.0,0.00011
6281,0,0.14075,0.0,9e-05
6282,0,0.07815,0.0,7e-05
6283,0,0.13094,0.0,0.00013
6284,0,0.08942,0.0,0.00013
6285,0,0.10776,0.0,8e-05
6286,0,0.19893,0.0,0.00043
6287,0,0.13992,0.0,0.0001
6288,0,0.10126,0.0,6e-05
6289,0,0.2898,0.01,0.00117
6290,0,0.75631,0.22,0.00172
6291,0,0.11905,0.0,6e-05
6292,0,0.06862,0.0,4e-05
6293,0,0.07468,0.0,2e-05
6294,0,0.33865,0.0,0.00012
6295,0,0.19377,0.0,0.0001
6296,0,0.06008,0.0,2e-05
6297,0,0.09536,0.0,0.00022
6298,0,0.8083,0.1225,0.00731
6299,0,0.27129,0.0025,0.00013
6300,0,0.47437,0.0,0.00034
6301,0,0.23407,0.0,0.00012
6302,0,0.31019,0.0,7e-05
6303,0,0.74745,0.01,0.00023
6304,0,0.65306,0.0,0.00013
6305,0,0.2263,0.0,0.00039
6306,0,0.11361,0.0,9e-05
6307,0,0.15893,0.0,0.00019
6308,0,0.26406,0.0,0.00012
6309,0,0.06242,0.0075,0.00015
6310,0,0.65887,0.005,0.00041
6311,0,0.41536,0.0,0.00011
6312,0,0.45277,0.0075,0.00026
6313,0,0.24375,0.0,7e-05
6314,0,0.63421,0.0275,0.00198
6315,0,0.14791,0.0025,0.00016
6316,0,0.67536,0.005,0.0003
6317,0,0.22874,0.0,6e-05
6318,0,0.44712,0.0325,0.00082
6319,0,0.7349,0.0025,0.00033
6320,0,0.42952,0.0,0.00012
6321,0,0.57786,0.02,0.00088
6322,0,0.96824,0.515,0.11707
6323,0,0.31082,0.0,9e-05
6324,0,0.45625,0.03,0.0005
6325,0,0.76379,0.0325,0.00047
6326,0,0.48175,0.01,9e-05
6327,0,0.34883,0.0025,0.00019
6328,0,0.79528,0.0125,0.00058
6329,0,0.27743,0.03,0.00037
6330,0,0.41146,0.0,7e-05
6331,0,0.37864,0.0,5e-05
6332,0,0.75692,0.005,6e-05
6333,0,0.38276,0.0075,0.00021
6334,0,0.02898,0.0075,7e-05
6335,0,0.40004,0.0275,0.00072
6336,0,0.49392,0.0125,0.00155
6337,0,0.74482,0.05,0.00246
6338,0,0.46207,0.1025,0.00459
6339,0,0.32221,0.155,0.07378
6340,0,0.85565,0.295,0.00668
6341,1,0.52933,0.6675,0.39058
6342,0,0.09996,0.0075,0.00039
6343,0,0.03409,0.0025,7e-05
6344,0,0.02153,0.0,2e-05
6345,0,0.05238,0.0425,0.00022
6346,0,0.02254,0.005,8e-05
6347,0,0.56035,0.0725,0.00061
6348,0,0.09684,0.0,0.00112
6349,0,0.02723,0.0,5e-05
6350,0,0.02168,0.0,6e-05
6351,0,0.14985,0.01,8e-05
6352,0,0.34767,0.0,0.0001
6353,0,0.05324,0.0,5e-05
6354,0,0.07452,0.0,5e-05
6355,0,0.04775,0.0,4e-05
6356,0,0.04197,0.0,9e-05
6357,0,0.18684,0.01,7e-05
6358,0,0.57825,0.01,0.00027
6359,0,0.17175,0.0075,7e-05
6360,0,0.71117,0.015,0.0007
6361,0,0.05704,0.0,4e-05
6362,0,0.53242,0.005,0.00012
6363,0,0.06922,0.0025,0.00012
6364,0,0.09486,0.0,2e-05
6365,0,0.09157,0.0,5e-05
6366,0,0.71391,0.055,0.00035
6367,0,0.09051,0.005,0.0002
6368,0,0.04564,0.0,4e-05
6369,0,0.26616,0.0025,0.00017
6370,0,0.03005,0.0,0.00016
6371,0,0.13361,0.0025,0.00037
6372,0,0.10554,0.0,0.00021
6373,0,0.06677,0.0,0.00014
6374,0,0.0774,0.0125,0.00021
6375,0,0.1389,0.0,5e-05
6376,0,0.04953,0.0,4e-05
6377,0,0.08032,0.0075,0.00029
6378,0,0.13742,0.0,2e-05
6379,0,0.43936,0.0,0.00014
6380,0,0.4432,0.0025,0.00019
6381,0,0.81481,0.0025,0.00066
6382,0,0.12952,0.005,0.00135
6383,0,0.25585,0.0,0.00011
6384,0,0.23941,0.0,8e-05
6385,0,0.32209,0.015,8e-05
6386,0,0.47107,0.0,0.00031
6387,0,0.26297,0.0025,0.0001
6388,0,0.14003,0.0,5e-05
6389,0,0.53476,0.0625,0.00211
6390,0,0.08697,0.0075,0.00016
6391,0,0.90605,0.0175,0.00086
6392,0,0.17616,0.0025,0.00011
6393,0,0.35061,0.0,0.00011
6394,0,0.19187,0.0125,0.00074
6395,0,0.27445,0.0075,0.0001
6396,0,0.61606,0.0025,0.00021
6397,0,0.73549,0.0,0.00011
6398,0,0.12122,0.0,6e-05
6399,0,0.90642,0.0125,0.00021
6400,0,0.2071,0.0,9e-05
6401,0,0.33875,0.0,7e-05
6402,0,0.43346,0.0,7e-05
6403,0,0.31534,0.0,5e-05
6404,0,0.3902,0.005,9e-05
6405,0,0.8103,0.0775,0.00052
6406,0,0.59222,0.05,0.00079
6407,0,0.77631,0.005,0.00032
6408,0,0.08888,0.02,0.00104
6409,0,0.19821,0.0,9e-05
6410,0,0.59743,0.0,0.00012
6411,0,0.64558,0.0,7e-05
6412,0,0.64685,0.0,7e-05
6413,0,0.52426,0.005,0.0003
6414,0,0.35127,0.0,7e-05
6415,0,0.11118,0.0,0.00017
6416,0,0.61518,0.0,0.00016
6417,0,0.19683,0.0025,0.00135
6418,0,0.58545,0.0275,0.00474
6419,0,0.83624,0.265,0.06515
6420,1,0.56278,0.7125,0.25393
6421,0,0.02487,0.0,7e-05
6422,0,0.08953,0.0,4e-05
6423,0,0.38993,0.03,0.00034
6424,0,0.0299,0.0,4e-05
6425,0,0.03317,0.0075,3e-05
6426,0,0.55454,0.0175,0.00014
6427,0,0.01968,0.0,2e-05
6428,0,0.22387,0.01,0.00021
6429,0,0.0093,0.0,7e-05
6430,0,0.09393,0.0175,0.00066
6431,0,0.07986,0.0,6e-05
6432,0,0.66698,0.02,0.00028
6433,0,0.14495,0.0,0.0001
6434,0,0.03529,0.0,9e-05
6435,0,0.03845,0.0,0.00021
6436,0,0.06227,0.0,7e-05
6437,0,0.03878,0.0,7e-05
6438,0,0.87089,0.7875,0.12059
6439,0,0.02055,0.0,6e-05
6440,0,0.07569,0.0,4e-05
6441,0,0.05787,0.0075,0.00011
6442,0,0.05085,0.0,5e-05
6443,0,0.50194,0.0375,0.00514
6444,0,0.03279,0.0,7e-05
6445,0,0.63698,0.0825,0.00611
6446,0,0.13257,0.0,6e-05
6447,0,0.06566,0.0,0.0001
6448,0,0.11087,0.0175,0.00427
6449,0,0.06728,0.0,0.00021
6450,0,0.3492,0.0025,0.00035
6451,0,0.20613,0.015,0.00159
6452,0,0.05386,0.0,0.00023
6453,0,0.43078,0.02,0.00217
6454,0,0.07467,0.0025,0.00015
6455,0,0.0857,0.0,7e-05
6456,0,0.2949,0.0,0.00014
6457,0,0.45716,0.0025,0.00025
6458,0,0.36997,0.0025,0.00097
6459,0,0.86063,0.4425,0.00518
6460,0,0.72743,0.0075,0.00023
6461,0,0.48141,0.025,0.00117
6462,0,0.08789,0.0,0.0002
6463,0,0.2381,0.0025,5e-05
6464,0,0.86725,0.1325,0.00081
6465,0,0.08494,0.0,0.00147
6466,0,0.47325,0.0,0.00037
6467,0,0.29302,0.0,4e-05
6468,0,0.09441,0.035,0.00336
6469,0,0.43684,0.0075,0.00011
6470,0,0.10426,0.0,0.00039
6471,0,0.81943,0.0075,0.00047
6472,0,0.29846,0.0,8e-05
6473,0,0.11731,0.0,2e-05
6474,0,0.85574,0.005,0.00013
6475,0,0.72766,0.0225,0.0002
6476,0,0.08096,0.03,0.00162
6477,0,0.60339,0.0225,0.00049
6478,0,0.2837,0.06,0.00104
6479,1,0.16566,0.0,9e-05
6480,0,0.36194,0.005,0.00027
6481,0,0.27094,0.025,0.00079
6482,0,0.69275,0.0,0.00048
6483,0,0.5647,0.0,0.00015
6484,0,0.53029,0.0025,0.00039
6485,0,0.26777,0.0125,0.00101
6486,0,0.62006,0.005,0.00018
6487,0,0.36708,0.165,0.0005
6488,0,0.24043,0.0,0.00055
6489,0,0.86237,0.0475,0.00233
6490,0,0.34139,0.0,0.00013
6491,0,0.47238,0.0125,0.00094
6492,0,0.94081,0.015,0.00049
6493,0,0.66618,0.0025,0.00181
6494,0,0.88659,0.0825,0.00245
6495,0,0.42684,0.005,0.00013
6496,0,0.38949,0.02,0.00016
6497,0,0.53809,0.01,0.00023
6498,1,0.99046,0.8075,0.99836
6499,0,0.46692,0.03,0.00105
6500,0,0.24699,0.005,0.00086
6501,0,0.71365,0.05,0.00204
6502,0,0.54494,0.055,0.00067
6503,0,0.99281,0.515,0.67432
6504,0,0.66417,0.0275,0.00111
6505,0,0.21755,0.06,0.00436
6506,0,0.54256,0.095,0.00324
6507,0,0.69398,0.105,0.00332
6508,0,0.02324,0.0,3e-05
6509,0,0.05339,0.0,1e-05
6510,0,0.08146,0.0,2e-05
6511,0,0.71019,0.0075,0.00046
6512,0,0.30579,0.035,0.00251
6513,0,0.22911,0.0225,0.00015
6514,0,0.0848,0.0,0.00013
6515,0,0.18028,0.0,0.0004
6516,0,0.19394,0.0,5e-05
6517,0,0.06373,0.0025,3e-05
6518,0,0.08665,0.0,5e-05
6519,0,0.84845,0.525,0.38976
6520,0,0.25959,0.0,0.00052
6521,0,0.13757,0.0,4e-05
6522,0,0.03712,0.0,0.00016
6523,0,0.38496,0.005,0.00012
6524,0,0.13583,0.0025,0.00018
6525,0,0.11693,0.0,0.00011
6526,1,0.98557,0.8225,0.97746
6527,0,0.11985,0.0,6e-05
6528,0,0.36089,0.0,0.0001
6529,0,0.1922,0.0,6e-05
6530,0,0.14079,0.0,6e-05
6531,0,0.04555,0.0,2e-05
6532,0,0.01321,0.0,9e-05
6533,0,0.28423,0.0375,0.00054
6534,0,0.53383,0.0075,0.00017
6535,0,0.2387,0.015,0.00073
6536,0,0.28394,0.0025,3e-05
6537,0,0.37247,0.0,0.00048
6538,0,0.12702,0.0,0.0002
6539,0,0.40435,0.0,0.00039
6540,0,0.81222,0.03,0.00288
6541,1,0.94132,0.5325,0.61797
6542,0,0.16916,0.0,0.00038
6543,0,0.16992,0.0,0.00011
6544,0,0.13833,0.0,7e-05
6545,0,0.4553,0.0,0.00018
6546,0,0.17498,0.0,0.00042
6547,0,0.22598,0.0,8e-05
6548,0,0.18305,0.0,6e-05
6549,0,0.08763,0.0,0.00012
6550,0,0.4434,0.0,6e-05
6551,0,0.66677,0.0,0.00032
6552,0,0.35681,0.0,8e-05
6553,0,0.19964,0.0,0.00023
6554,0,0.74861,0.0025,0.00028
6555,0,0.08142,0.0,0.00012
6556,0,0.39348,0.0025,0.00017
6557,0,0.15649,0.0025,0.00013
6558,0,0.20459,0.0,6e-05
6559,0,0.31898,0.0025,0.00012
6560,0,0.24715,0.0,9e-05
6561,0,0.43681,0.0,5e-05
6562,0,0.37349,0.0,5e-05
6563,0,0.16578,0.0025,8e-05
6564,0,0.33443,0.0,8e-05
6565,0,0.46666,0.0,0.00014
6566,0,0.35381,0.0,6e-05
6567,0,0.47825,0.0,5e-05
6568,0,0.18327,0.0025,6e-05
6569,0,0.28938,0.0,0.00017
6570,0,0.23522,0.03,0.00031
6571,0,0.28934,0.0,6e-05
6572,0,0.67192,0.04,0.00047
6573,0,0.93139,0.0125,0.00038
6574,0,0.39095,0.0,0.00015
6575,0,0.3039,0.0,0.00011
6576,0,0.6821,0.0,0.00086
6577,0,0.60435,0.0,5e-05
6578,0,0.65614,0.015,0.00058
6579,0,0.73633,0.0,0.00021
6580,0,0.68934,0.0,0.00013
6581,0,0.53321,0.0,8e-05
6582,0,0.50047,0.0025,9e-05
6583,0,0.44594,0.0,0.00103
6584,0,0.4615,0.01,0.00266
6585,0,0.56889,0.125,0.0071
6586,0,0.40226,0.015,0.00148
6587,0,0.76121,0.1525,0.04658
6588,0,0.40114,0.03,0.00939
6589,0,0.57494,0.15,0.00856
6590,0,0.07962,0.0,9e-05
6591,0,0.04029,0.0,7e-05
6592,0,0.13082,0.0,6e-05
6593,0,0.21761,0.005,8e-05
6594,0,0.04348,0.0,2e-05
6595,0,0.20724,0.0,6e-05
6596,0,0.02869,0.0025,4e-05
6597,0,0.03933,0.0,0.00035
6598,0,0.32067,0.0075,0.00075
6599,0,0.4342,0.005,0.00021
6600,0,0.09489,0.0025,7e-05
6601,0,0.19855,0.005,0.00028
6602,0,0.12193,0.17,0.00155
6603,0,0.17195,0.0575,0.00084
6604,0,0.19423,0.005,0.00092
6605,0,0.09236,0.0,0.00015
6606,0,0.06649,0.0025,0.00012
6607,0,0.32359,0.0,3e-05
6608,0,0.20127,0.0,8e-05
6609,0,0.15137,0.0,3e-05
6610,0,0.14007,0.0,6e-05
6611,0,0.07891,0.0,7e-05
6612,0,0.06627,0.0,2e-05
6613,0,0.95654,0.6625,0.43004
6614,0,0.27499,0.0,0.00013
6615,0,0.07455,0.0,6e-05
6616,0,0.41518,0.0025,0.0001
6617,0,0.21401,0.26,0.01024
6618,0,0.89297,0.4875,0.20804
6619,1,0.94233,0.63,0.0834
6620,0,0.08359,0.0,0.00014
6621,0,0.06058,0.0,0.0001
6622,0,0.08115,0.0,0.00011
6623,0,0.82163,0.0075,0.00026
6624,0,0.13553,0.0025,0.00015
6625,0,0.30911,0.0,5e-05
6626,0,0.21986,0.01,0.00113
6627,0,0.69938,0.0025,7e-05
6628,0,0.12923,0.0,0.0001
6629,0,0.21782,0.0,5e-05
6630,0,0.6394,0.0025,0.00058
6631,0,0.55221,0.0025,0.00013
6632,0,0.81867,0.195,0.0051
6633,0,0.50505,0.055,0.00258
6634,0,0.21604,0.0025,0.00031
6635,0,0.36218,0.0,0.00063
6636,0,0.39171,0.0,9e-05
6637,0,0.1401,0.0,6e-05
6638,0,0.57107,0.0,0.00016
6639,0,0.51954,0.0,0.00011
6640,0,0.58234,0.03,0.00053
6641,0,0.20936,0.0475,0.00243
6642,0,0.23833,0.0025,6e-05
6643,0,0.17723,0.0,0.00256
6644,0,0.91072,0.235,0.02646
6645,0,0.77711,0.0,7e-05
6646,0,0.2787,0.0,7e-05
6647,0,0.14106,0.0,5e-05
6648,0,0.42565,0.0,4e-05
6649,0,0.53169,0.0,0.0001
6650,0,0.83269,0.075,0.00267
6651,0,0.36992,0.0,7e-05
6652,0,0.7771,0.165,0.00658
6653,0,0.30538,0.0,5e-05
6654,0,0.11785,0.0175,0.00161
6655,0,0.77638,0.005,0.0001
6656,0,0.45156,0.0,0.0001
6657,0,0.78539,0.0,0.00013
6658,0,0.72351,0.1075,0.03587
6659,0,0.89592,0.0,0.00019
6660,0,0.36618,0.0,0.00014
6661,0,0.43419,0.0025,0.00011
6662,0,0.48148,0.0,0.0002
6663,0,0.63017,0.0325,0.00034
6664,0,0.8957,0.0025,0.00023
6665,0,0.6072,0.0,0.00019
6666,0,0.57034,0.0,0.00023
6667,0,0.9162,0.07,0.00119
6668,0,0.57839,0.0025,0.0001
6669,0,0.50651,0.0225,0.00073
6670,0,0.4207,0.085,0.00133
6671,0,0.65778,0.11,0.00967
6672,0,0.41589,0.135,0.00936
6673,0,0.92447,0.4275,0.27782
6674,1,0.91667,0.425,0.06898
6675,0,0.66326,0.1575,0.01911
6676,0,0.20448,0.275,0.02224
6677,0,0.6955,0.075,0.0092
6678,0,0.41922,0.31,0.05746
6679,1,0.849,0.51,0.57501
6680,0,0.04703,0.0075,0.00016
6681,0,0.26796,0.0075,0.00012
6682,0,0.11485,0.0,7e-05
6683,0,0.06715,0.0,0.00011
6684,0,0.14889,0.0975,0.00065
6685,0,0.11648,0.0,0.00023
6686,0,0.22354,0.0,0.00046
6687,0,0.01941,0.0025,0.0002
6688,0,0.04599,0.0,7e-05
6689,0,0.14582,0.0,0.0002
6690,0,0.23751,0.0,0.00012
6691,0,0.16902,0.2925,0.00119
6692,0,0.37216,0.0375,0.00042
6693,0,0.04215,0.0,9e-05
6694,0,0.03852,0.0,3e-05
6695,0,0.76365,0.355,0.02192
6696,0,0.38533,0.1975,0.0007
6697,0,0.06455,0.005,4e-05
6698,0,0.11702,0.0,6e-05
6699,0,0.19175,0.0075,0.00044
6700,0,0.13099,0.0025,6e-05
6701,0,0.33037,0.0475,0.0008
6702,0,0.11066,0.0,8e-05
6703,0,0.08109,0.0025,5e-05
6704,0,0.07347,0.0025,0.0001
6705,0,0.05655,0.0,4e-05
6706,0,0.79439,0.0825,0.0009
6707,0,0.24159,0.005,0.00039
6708,0,0.2107,0.0,0.00017
6709,0,0.0614,0.0,8e-05
6710,0,0.10279,0.0,0.00026
6711,0,0.32449,0.0625,0.00135
6712,0,0.34599,0.0,0.00017
6713,0,0.07129,0.0,5e-05
6714,0,0.28278,0.0,0.00043
6715,0,0.80711,0.0025,0.00051
6716,0,0.05424,0.0,0.00078
6717,0,0.71265,0.0,0.00054
6718,0,0.5732,0.0,0.00035
6719,0,0.42168,0.0,0.00023
6720,0,0.13194,0.005,0.00024
6721,0,0.61808,0.0,0.00064
6722,0,0.8642,0.35,0.03101
6723,0,0.09194,0.0075,0.00028
6724,0,0.16854,0.0,7e-05
6725,0,0.24101,0.0,0.00012
6726,0,0.26595,0.0675,0.00105
6727,0,0.34985,0.0,0.00013
6728,0,0.17073,0.0025,0.00012
6729,0,0.21068,0.0,9e-05
6730,0,0.23332,0.0,0.00011
6731,0,0.21613,0.0,0.00028
6732,0,0.71331,0.05,0.00058
6733,0,0.61392,0.0075,0.00016
6734,0,0.23998,0.165,0.00195
6735,0,0.4417,0.0,9e-05
6736,0,0.32433,0.0,7e-05
6737,0,0.58137,0.0,9e-05
6738,0,0.09661,0.0,0.0001
6739,0,0.73481,0.0025,0.00011
6740,0,0.54992,0.0,6e-05
6741,0,0.93798,0.1175,0.00188
6742,0,0.3239,0.0,8e-05
6743,0,0.12841,0.005,2e-05
6744,0,0.16282,0.0125,0.0004
6745,0,0.88005,0.27,0.00344
6746,0,0.40991,0.0025,0.00085
6747,0,0.58086,0.0,9e-05
6748,0,0.13381,0.0025,0.00015
6749,0,0.34009,0.0025,0.00027
6750,0,0.48134,0.0,9e-05
6751,0,0.70383,0.015,0.00027
6752,0,0.29186,0.0,0.00012
6753,0,0.38305,0.0,0.0003
6754,0,0.84816,0.1575,0.00223
6755,0,0.34013,0.0025,0.00021
6756,0,0.38665,0.0,0.00034
6757,0,0.58224,0.01,0.00068
6758,0,0.51639,0.0275,0.00185
6759,0,0.48857,0.1425,0.00866
6760,1,0.71231,0.0625,0.00243
6761,0,0.04671,0.0,0.00042
6762,0,0.28999,0.0125,0.0004
6763,0,0.34035,0.0725,0.00137
6764,0,0.02993,0.0,4e-05
6765,0,0.06756,0.0,5e-05
6766,0,0.02387,0.0,3e-05
6767,0,0.04956,0.0025,0.00022
6768,0,0.10326,0.0,0.00021
6769,0,0.02265,0.005,0.00101
6770,0,0.36112,0.0,0.00016
6771,0,0.06593,0.0,3e-05
6772,0,0.07453,0.0,0.00021
6773,0,0.111,0.0,0.0001
6774,0,0.18689,0.005,0.00041
6775,0,0.03047,0.0,1e-05
6776,0,0.05307,0.0,8e-05
6777,0,0.32538,0.0075,0.00034
6778,0,0.08334,0.0,0.00018
6779,0,0.057,0.0,0.00015
6780,0,0.45581,0.03,0.00035
6781,0,0.13942,0.0,0.00011
6782,0,0.02771,0.0025,6e-05
6783,0,0.82423,0.0125,0.00026
6784,0,0.30846,0.0025,0.00016
6785,0,0.46357,0.0075,0.0001
6786,0,0.17336,0.0,0.00041
6787,0,0.49942,0.005,0.00017
6788,0,0.73375,0.055,0.0024
6789,0,0.12324,0.0,0.00023
6790,0,0.05694,0.0,5e-05
6791,0,0.28579,0.0175,0.00045
6792,0,0.29175,0.0,3e-05
6793,0,0.0791,0.0,4e-05
6794,0,0.0784,0.0,8e-05
6795,0,0.80536,0.005,0.00172
6796,0,0.70209,0.0025,0.00045
6797,0,0.69292,0.0725,0.00111
6798,0,0.11623,0.0,7e-05
6799,0,0.18856,0.0,0.0001
6800,1,0.92701,0.9,0.9262
6801,0,0.20588,0.0275,0.00032
6802,0,0.26064,0.03,0.00026
6803,0,0.06783,0.0,9e-05
6804,0,0.1144,0.0175,0.00088
6805,0,0.12504,0.0,0.0001
6806,0,0.08102,0.0,0.00019
6807,0,0.11573,0.0,3e-05
6808,0,0.35828,0.0,6e-05
6809,0,0.27248,0.0,0.00088
6810,0,0.12626,0.0,0.00027
6811,0,0.43344,0.0,8e-05
6812,0,0.61703,0.0,0.00011
6813,0,0.69291,0.01,0.00082
6814,0,0.18768,0.01,0.00063
6815,0,0.28961,0.0025,0.00012
6816,0,0.32658,0.0025,0.00013
6817,0,0.4018,0.0,0.00013
6818,0,0.63135,0.0,0.00131
6819,0,0.11442,0.0,0.00022
6820,0,0.30835,0.02,0.00045
6821,0,0.15922,0.0025,6e-05
6822,0,0.20768,0.0,0.00019
6823,0,0.17101,0.005,0.00165
6824,0,0.66302,0.0275,0.00035
6825,0,0.12515,0.0025,0.00013
6826,0,0.23717,0.0,0.00021
6827,0,0.11483,0.0,0.00023
6828,0,0.38548,0.0,0.00012
6829,0,0.80992,0.01,0.00207
6830,0,0.06625,0.0,0.0001
6831,0,0.72898,0.0275,0.00064
6832,0,0.95538,0.02,0.00095
6833,0,0.16534,0.0,6e-05
6834,0,0.81498,0.05,0.00043
6835,0,0.7605,0.1175,0.00754
6836,0,0.3055,0.005,0.00035
6837,0,0.67179,0.115,0.00043
6838,0,0.13551,0.0125,0.00065
6839,0,0.68662,0.0,0.00064
6840,0,0.2516,0.0125,0.0015
6841,0,0.14377,0.1475,0.00295
6842,0,0.2582,0.0925,0.0012
6843,0,0.20185,0.1225,0.0346
6844,0,0.60489,0.0575,0.00072
6845,0,0.21096,0.2,0.03682
6846,0,0.0145,0.0025,0.00014
6847,0,0.17868,0.0025,8e-05
6848,0,0.02077,0.0,1e-05
6849,0,0.17837,0.0225,7e-05
6850,0,0.02143,0.0,4e-05
6851,0,0.01195,0.0,3e-05
6852,0,0.01393,0.0025,0.00066
6853,0,0.01237,0.0,4e-05
6854,0,0.02583,0.0,8e-05
6855,0,0.09623,0.0,4e-05
6856,0,0.01725,0.0,4e-05
6857,0,0.01531,0.0,0.00015
6858,0,0.05745,0.0,2e-05
6859,0,0.12863,0.0,0.00011
6860,0,0.02959,0.0,5e-05
6861,0,0.03109,0.0,9e-05
6862,0,0.13843,0.0025,6e-05
6863,0,0.14785,0.005,7e-05
6864,0,0.01957,0.0,5e-05
6865,0,0.496,0.1825,0.00043
6866,0,0.06369,0.0025,6e-05
6867,0,0.03878,0.0,9e-05
6868,0,0.16718,0.02,0.00013
6869,0,0.09595,0.0375,0.00056
6870,0,0.05857,0.0,0.0002
6871,0,0.10893,0.0,2e-05
6872,0,0.08773,0.0275,0.00016
6873,0,0.02175,0.0,9e-05
6874,0,0.04923,0.0,5e-05
6875,0,0.40088,0.0625,0.00013
6876,0,0.02705,0.0,4e-05
6877,0,0.5993,0.005,0.00116
6878,0,0.05896,0.0,6e-05
6879,0,0.02161,0.0,3e-05
6880,0,0.23541,0.01,0.00062
6881,0,0.03555,0.0,9e-05
6882,0,0.10931,0.0,7e-05
6883,0,0.2763,0.0,0.00012
6884,0,0.06742,0.0025,0.00015
6885,0,0.07836,0.0,4e-05
6886,0,0.30302,0.0125,0.00051
6887,0,0.11919,0.005,9e-05
6888,0,0.06943,0.0,7e-05
6889,0,0.16396,0.0025,0.00017
6890,0,0.052,0.0,6e-05
6891,0,0.1715,0.0,4e-05
6892,0,0.17883,0.0,4e-05
6893,0,0.17071,0.0075,0.00016
6894,0,0.22658,0.0,8e-05
6895,0,0.2472,0.005,0.00021
6896,0,0.10567,0.02,0.00037
6897,0,0.07625,0.0,0.00014
6898,0,0.93769,0.4925,0.19392
6899,0,0.1881,0.0,8e-05
6900,0,0.14361,0.0,8e-05
6901,0,0.11213,0.0,6e-05
6902,0,0.07967,0.0,4e-05
6903,0,0.15754,0.0025,7e-05
6904,0,0.14467,0.0,6e-05
6905,0,0.12523,0.0,7e-05
6906,0,0.08452,0.0,6e-05
6907,0,0.39471,0.0,4e-05
6908,0,0.16471,0.005,0.0001
6909,0,0.13867,0.0,6e-05
6910,0,0.38658,0.015,0.00025
6911,0,0.42459,0.0,0.00014
6912,0,0.29582,0.0,9e-05
6913,0,0.11929,0.0,0.00012
6914,0,0.1771,0.0,0.0002
6915,0,0.08416,0.0175,9e-05
6916,0,0.12582,0.0,0.0001
6917,0,0.10752,0.0,7e-05
6918,0,0.17129,0.0025,0.00038
6919,0,0.07969,0.0,0.00011
6920,0,0.19508,0.0075,0.00034
6921,0,0.53516,0.0225,0.00054
6922,0,0.64918,0.0125,0.00091
6923,0,0.7276,0.0075,0.001
6924,0,0.71415,0.1925,0.01174
6925,1,0.89902,0.285,0.24162
6926,0,0.61457,0.3925,0.47885
6927,0,0.12082,0.02,7e-05
6928,0,0.04786,0.0025,3e-05
6929,0,0.01313,0.0,4e-05
6930,0,0.08598,0.0425,0.00026
6931,0,0.00655,0.0,5e-05
6932,0,0.02216,0.0,3e-05
6933,1,0.77513,0.635,0.48902
6934,0,0.02878,0.0,7e-05
6935,0,0.04774,0.0,6e-05
6936,0,0.02954,0.0,0.00012
6937,0,0.0324,0.0,7e-05
6938,0,0.01363,0.0,5e-05
6939,0,0.06919,0.0025,0.00018
6940,0,0.13513,0.0075,0.00016
6941,0,0.04459,0.0025,5e-05
6942,0,0.31807,0.0875,9e-05
6943,0,0.01192,0.0,0.00012
6944,0,0.01859,0.0,6e-05
6945,0,0.02991,0.0,4e-05
6946,0,0.01302,0.0,6e-05
6947,0,0.18924,0.0,9e-05
6948,0,0.03184,0.0,4e-05
6949,0,0.37826,0.0175,0.00063
6950,0,0.02087,0.0,5e-05
6951,0,0.20641,0.0275,0.0001
6952,0,0.17652,0.0,5e-05
6953,0,0.06461,0.0,4e-05
6954,0,0.0725,0.0,0.00019
6955,0,0.35326,0.01,0.00058
6956,0,0.17558,0.0025,0.00196
6957,0,0.02664,0.0,0.00019
6958,0,0.26105,0.04,0.00034
6959,0,0.16285,0.0,5e-05
6960,0,0.03739,0.0,6e-05
6961,0,0.47337,0.0025,0.00035
6962,0,0.03084,0.0225,0.00037
6963,0,0.19306,0.02,0.00046
6964,0,0.05591,0.0,9e-05
6965,0,0.16112,0.015,0.0002
6966,0,0.30855,0.02,0.00022
6967,0,0.1139,0.0,0.00027
6968,0,0.32618,0.03,0.00021
6969,0,0.0622,0.0,5e-05
6970,0,0.03389,0.0,4e-05
6971,0,0.23663,0.0025,0.00049
6972,0,0.27501,0.0,7e-05
6973,0,0.36454,0.0125,0.00029
6974,0,0.17527,0.0,9e-05
6975,0,0.19647,0.03,0.00028
6976,0,0.43242,0.0525,0.00026
6977,0,0.1943,0.0225,0.00169
6978,0,0.62974,0.2575,0.00639
6979,0,0.54675,0.0075,0.00033
6980,0,0.87907,0.1775,0.00137
6981,0,0.45499,0.0,0.00023
6982,0,0.05553,0.0,4e-05
6983,0,0.20675,0.005,0.00029
6984,0,0.52745,0.0325,0.00026
6985,0,0.03332,0.0075,0.00141
6986,0,0.03265,0.0025,0.00012
6987,0,0.15931,0.0,0.00014
6988,0,0.84177,0.415,0.09751
6989,0,0.56425,0.0025,0.00037
6990,0,0.14471,0.0,5e-05
6991,1,0.86112,0.1975,0.37945
6992,0,0.07285,0.0,0.00015
6993,0,0.28004,0.0025,5e-05
6994,0,0.06591,0.0075,0.00024
6995,0,0.76617,0.03,0.00143
6996,0,0.19967,0.005,0.0002
6997,0,0.13571,0.0,4e-05
6998,0,0.27669,0.0,0.00014
6999,0,0.21887,0.02,0.00032
7000,0,0.11507,0.0,0.0003
7001,0,0.54779,0.0,8e-05
7002,0,0.42416,0.0025,0.00013
7003,0,0.50733,0.055,0.00069
7004,0,0.84052,0.1325,0.01281
7005,0,0.32287,0.3225,0.06725
7006,0,0.09799,0.045,0.00139
7007,0,0.00792,0.0075,0.00013
7008,0,0.11801,0.0125,0.00021
7009,0,0.09473,0.0175,0.00013
7010,0,0.02283,0.005,0.0001
7011,0,0.0446,0.0,6e-05
7012,1,0.76481,0.8525,0.74878
7013,0,0.53433,0.135,0.00197
7014,0,0.01971,0.0,6e-05
7015,0,0.06188,0.0275,0.00062
7016,0,0.06482,0.0,5e-05
7017,0,0.12589,0.0,3e-05
7018,0,0.0154,0.0,6e-05
7019,0,0.05923,0.01,0.00038
7020,0,0.03084,0.0,5e-05
7021,0,0.60808,0.03,0.00111
7022,0,0.02451,0.0025,4e-05
7023,0,0.02843,0.0,2e-05
7024,0,0.07123,0.0,4e-05
7025,0,0.15778,0.0,0.00101
7026,0,0.0805,0.0025,0.00017
7027,0,0.09627,0.0,2e-05
7028,0,0.02915,0.0,8e-05
7029,0,0.26023,0.03,0.00027
7030,0,0.05367,0.005,0.00026
7031,0,0.05976,0.0025,0.0002
7032,0,0.44849,0.0475,0.00099
7033,0,0.0759,0.0,9e-05
7034,0,0.20691,0.0,8e-05
7035,0,0.06839,0.005,2e-05
7036,0,0.07871,0.0025,0.00024
7037,0,0.81819,0.0,0.00013
7038,0,0.11197,0.0,3e-05
7039,0,0.14406,0.0,7e-05
7040,0,0.04754,0.0,7e-05
7041,0,0.1257,0.0,0.00036
7042,0,0.07152,0.0025,0.00036
7043,0,0.05509,0.0025,0.00025
7044,0,0.10192,0.0325,0.00107
7045,0,0.05051,0.0,8e-05
7046,0,0.01892,0.0,0.00098
7047,0,0.05951,0.0,0.00011
7048,0,0.15648,0.0025,0.00028
7049,0,0.2013,0.0025,9e-05
7050,0,0.5833,0.005,0.0004
7051,0,0.51621,0.0025,0.00091
7052,0,0.21167,0.0,0.00048
7053,0,0.23375,0.0,8e-05
7054,0,0.22091,0.0,3e-05
7055,0,0.24994,0.0,4e-05
7056,0,0.15616,0.05,0.00049
7057,0,0.60912,0.005,0.00035
7058,0,0.43624,0.005,8e-05
7059,0,0.63235,0.0075,0.00015
7060,0,0.22477,0.0025,0.0001
7061,0,0.0676,0.0,1e-05
7062,0,0.7321,0.0225,0.00057
7063,0,0.66465,0.005,0.00027
7064,0,0.4192,0.0225,0.00033
7065,0,0.14562,0.0025,0.00025
7066,0,0.79178,0.005,0.00066
7067,0,0.2239,0.0,0.00011
7068,0,0.16834,0.01,0.00032
7069,0,0.41015,0.0075,0.00026
7070,0,0.37789,0.0,0.00014
7071,0,0.94061,0.2425,0.17559
7072,0,0.264,0.0,7e-05
7073,0,0.27744,0.0075,0.0027
7074,0,0.55648,0.0,0.00021
7075,0,0.24574,0.0,4e-05
7076,0,0.86275,0.0,0.00021
7077,0,0.40354,0.0,0.00018
7078,0,0.1107,0.0,5e-05
7079,0,0.81692,0.285,0.01486
7080,0,0.38563,0.015,0.00128
7081,0,0.89543,0.04,0.00378
7082,0,0.84137,0.5725,0.62837
7083,0,0.4301,0.245,0.04441
7084,1,0.98907,0.695,0.99768
7085,0,0.29748,0.245,0.0064
7086,0,0.55082,0.1875,0.01743
7087,0,0.9643,0.765,0.78899
7088,1,0.31783,0.0725,0.01325
7089,0,0.01739,0.0,3e-05
7090,0,0.04038,0.0,1e-05
7091,0,0.0316,0.0,3e-05
7092,0,0.13886,0.05,0.00103
7093,0,0.02351,0.0025,5e-05
7094,0,0.11497,0.035,0.00013
7095,0,0.1447,0.0,0.00026
7096,0,0.41955,0.025,0.00107
7097,0,0.29578,0.02,0.00051
7098,0,0.06416,0.0275,0.0001
7099,0,0.05501,0.0,4e-05
7100,0,0.04902,0.05,0.00046
7101,0,0.03104,0.0,0.0001
7102,0,0.04511,0.0,9e-05
7103,0,0.10481,0.0,0.0001
7104,0,0.06316,0.0,0.00013
7105,0,0.13384,0.0025,0.00017
7106,0,0.03907,0.0,4e-05
7107,0,0.06395,0.0,0.00015
7108,0,0.09426,0.0,3e-05
7109,0,0.02613,0.0,6e-05
7110,0,0.26075,0.0025,2e-05
7111,0,0.03401,0.0,6e-05
7112,0,0.04856,0.0,6e-05
7113,0,0.28487,0.0,0.00012
7114,0,0.04766,0.0,6e-05
7115,0,0.14707,0.0,5e-05
7116,0,0.68942,0.0,0.00024
7117,0,0.09009,0.0,0.00015
7118,0,0.24756,0.0,2e-05
7119,0,0.1142,0.0,6e-05
7120,0,0.15469,0.0175,0.00202
7121,0,0.51953,0.0825,0.00435
7122,0,0.12902,0.025,0.00079
7123,0,0.16572,0.0,0.00013
7124,0,0.25902,0.0,0.00012
7125,0,0.10826,0.0,8e-05
7126,0,0.58913,0.1075,0.00113
7127,0,0.06347,0.005,9e-05
7128,0,0.82656,0.09,0.01618
7129,0,0.13565,0.0,4e-05
7130,0,0.1099,0.005,0.00015
7131,0,0.59211,0.0325,0.0007
7132,0,0.23981,0.0,0.00048
7133,0,0.52365,0.0075,0.00074
7134,0,0.36309,0.0,0.0001
7135,0,0.53902,0.0075,0.00021
7136,0,0.62224,0.02,0.00078
7137,0,0.95393,0.5275,0.25281
7138,0,0.2601,0.0,9e-05
7139,0,0.36952,0.01,0.00034
7140,0,0.40161,0.0,0.00012
7141,0,0.40542,0.01,0.00069
7142,0,0.19306,0.0475,0.00054
7143,0,0.22216,0.0,0.00014
7144,0,0.07025,0.005,9e-05
7145,0,0.33161,0.0025,0.00012
7146,0,0.40157,0.0025,0.00039
7147,0,0.06723,0.0,0.00012
7148,0,0.34877,0.0,0.00012
7149,0,0.56353,0.0025,9e-05
7150,0,0.47599,0.0,8e-05
7151,0,0.68428,0.01,0.00021
7152,0,0.22423,0.0,3e-05
7153,0,0.30707,0.0,0.0001
7154,0,0.75388,0.0,0.00014
7155,0,0.31586,0.0,0.0002
7156,0,0.09065,0.0,7e-05
7157,0,0.17552,0.005,8e-05
7158,0,0.35877,0.0,0.00013
7159,0,0.85931,0.0325,0.00024
7160,0,0.4847,0.0,7e-05
7161,0,0.30871,0.0,0.00012
7162,0,0.38175,0.0,0.00042
7163,0,0.30673,0.0575,0.00146
7164,0,0.29147,0.0,0.00023
7165,0,0.52984,0.005,0.0003
7166,0,0.65024,0.0475,0.0037
7167,0,0.48393,0.0375,0.00425
7168,1,0.9655,0.8125,0.99402
7169,0,0.01953,0.0,6e-05
7170,0,0.41005,0.0025,9e-05
7171,0,0.01507,0.0,3e-05
7172,0,0.19557,0.035,0.00411
7173,0,0.05256,0.0,8e-05
7174,0,0.02554,0.0025,3e-05
7175,0,0.32592,0.08,0.0008
7176,0,0.17792,0.0,0.00014
7177,0,0.02508,0.0,7e-05
7178,0,0.17282,0.005,0.00013
7179,0,0.01603,0.0,2e-05
7180,0,0.12207,0.0,7e-05
7181,0,0.01356,0.0025,9e-05
7182,0,0.17357,0.0225,9e-05
7183,0,0.10286,0.02,0.00069
7184,0,0.31181,0.0,0.00013
7185,0,0.03643,0.0,3e-05
7186,0,0.0235,0.0,8e-05
7187,0,0.02142,0.0025,7e-05
7188,0,0.43872,0.0075,0.00019
7189,0,0.33555,0.08,0.00015
7190,0,0.25056,0.0,0.0001
7191,0,0.07649,0.0125,0.00043
7192,0,0.06481,0.0,4e-05
7193,0,0.06973,0.0,8e-05
7194,0,0.8276,0.5425,0.42813
7195,0,0.36636,0.0025,0.00038
7196,0,0.26908,0.0025,7e-05
7197,0,0.05707,0.005,8e-05
7198,0,0.1135,0.0,6e-05
7199,0,0.02788,0.0,7e-05
7200,0,0.15289,0.0,9e-05
7201,0,0.06958,0.0,9e-05
7202,0,0.10464,0.0,0.00039
7203,0,0.86149,0.0925,0.00193
7204,0,0.24167,0.0,0.00027
7205,0,0.21654,0.0,9e-05
7206,0,0.10044,0.0,5e-05
7207,0,0.64676,0.0,0.00019
7208,0,0.03937,0.0,0.00041
7209,0,0.07305,0.04,0.00438
7210,0,0.12282,0.0,5e-05
7211,0,0.233,0.0,0.00015
7212,0,0.08615,0.0,0.00017
7213,0,0.05427,0.015,0.00075
7214,0,0.17745,0.01,0.00044
7215,0,0.3882,0.0,5e-05
7216,0,0.52359,0.0,0.00019
7217,0,0.0343,0.0025,0.00015
7218,0,0.0996,0.0175,0.0004
7219,0,0.32193,0.0275,0.00094
7220,0,0.12238,0.0,0.00016
7221,0,0.20689,0.0,0.0002
7222,0,0.47572,0.0,0.00014
7223,0,0.85252,0.0875,0.00253
7224,0,0.61975,0.0,0.00017
7225,0,0.08959,0.0,7e-05
7226,0,0.12772,0.005,0.00046
7227,0,0.64587,0.0,0.00047
7228,0,0.11094,0.0075,0.00278
7229,0,0.27623,0.0225,0.00028
7230,0,0.43906,0.0375,0.00015
7231,0,0.30969,0.0,0.00013
7232,0,0.19162,0.0,0.0001
7233,0,0.63497,0.0,5e-05
7234,0,0.454,0.0,0.00026
7235,0,0.39401,0.0,0.00013
7236,0,0.7228,0.02,0.00079
7237,0,0.08581,0.0,4e-05
7238,0,0.17561,0.0,7e-05
7239,0,0.5128,0.005,0.0001
7240,0,0.48019,0.0,7e-05
7241,0,0.8061,0.0325,0.0016
7242,0,0.27976,0.0,9e-05
7243,0,0.73232,0.0025,0.00017
7244,0,0.6525,0.0,0.00011
7245,0,0.22794,0.01,0.00014
7246,0,0.12753,0.0,0.00034
7247,0,0.18801,0.0,0.00032
7248,0,0.60447,0.11,0.00045
7249,0,0.3266,0.0125,0.00181
7250,0,0.45274,0.0825,0.00347
7251,0,0.23722,0.085,0.00316
7252,0,0.23147,0.1475,0.05128
7253,0,0.48116,0.0475,0.0008
7254,0,0.42481,0.275,0.01016
7255,0,0.28758,0.145,0.03634
7256,0,0.23959,0.475,0.21267
7257,0,0.0162,0.005,0.00014
7258,0,0.06459,0.0,5e-05
7259,0,0.0134,0.0,3e-05
7260,0,0.05329,0.0,2e-05
7261,0,0.3606,0.205,0.00472
7262,0,0.02215,0.0025,3e-05
7263,0,0.01333,0.0,4e-05
7264,0,0.11037,0.0,0.00034
7265,0,0.05406,0.0125,0.00089
7266,0,0.09931,0.005,0.0001
7267,0,0.017,0.0,3e-05
7268,0,0.01348,0.0075,4e-05
7269,0,0.02907,0.0,0.00017
7270,0,0.01241,0.0,7e-05
7271,0,0.02933,0.0,7e-05
7272,0,0.04902,0.02,4e-05
7273,0,0.27482,0.0825,0.00041
7274,0,0.02041,0.005,0.00012
7275,0,0.02316,0.0,0.00012
7276,0,0.05105,0.0,5e-05
7277,0,0.08876,0.03,0.00018
7278,0,0.64234,0.0,0.00045
7279,0,0.01865,0.0,5e-05
7280,0,0.06917,0.0,0.00014
7281,1,0.91472,0.64,0.77175
7282,0,0.03192,0.0,0.00011
7283,0,0.03141,0.0025,8e-05
7284,0,0.74844,0.3325,0.0024
7285,0,0.4654,0.01,0.00027
7286,0,0.39542,0.0775,0.00034
7287,0,0.02699,0.0,8e-05
7288,0,0.03286,0.0,0.0001
7289,0,0.05965,0.0,0.00064
7290,0,0.59257,0.0025,0.00047
7291,0,0.03928,0.0,5e-05
7292,0,0.1993,0.0,0.00014
7293,0,0.08274,0.0,9e-05
7294,0,0.0261,0.0,0.00025
7295,0,0.03937,0.0,0.00023
7296,0,0.51229,0.01,0.00038
7297,0,0.03871,0.0,2e-05
7298,0,0.11048,0.0,6e-05
7299,0,0.0652,0.0,6e-05
7300,0,0.61704,0.0025,0.00014
7301,0,0.09961,0.0,8e-05
7302,0,0.18829,0.0,8e-05
7303,0,0.26285,0.0,9e-05
7304,0,0.12396,0.0075,0.00015
7305,0,0.14423,0.0025,0.00055
7306,0,0.04768,0.0,6e-05
7307,0,0.13734,0.0125,0.00014
7308,0,0.41341,0.01,0.00029
7309,0,0.23287,0.0275,0.00021
7310,0,0.39459,0.0,0.00012
7311,0,0.08046,0.0,3e-05
7312,0,0.0654,0.0,4e-05
7313,0,0.60832,0.005,0.00015
7314,0,0.04992,0.0,8e-05
7315,0,0.34905,0.065,0.00033
7316,0,0.64029,0.0075,9e-05
7317,0,0.53963,0.0,0.00012
7318,0,0.0535,0.125,0.01812
7319,0,0.35283,0.0,3e-05
7320,0,0.16605,0.0,8e-05
7321,0,0.39723,0.0025,0.0001
7322,0,0.22721,0.0,0.00085
7323,0,0.05778,0.0,3e-05
7324,0,0.56248,0.0,0.00015
7325,0,0.16533,0.0,0.0001
7326,0,0.36016,0.0,0.00034
7327,0,0.50484,0.0075,0.00031
7328,0,0.2514,0.0,5e-05
7329,0,0.42942,0.0,0.0001
7330,0,0.13011,0.0,0.00011
7331,0,0.14361,0.0,2e-05
7332,0,0.10831,0.0,6e-05
7333,0,0.09328,0.01,0.00018
7334,0,0.69603,0.1375,0.01019
7335,0,0.2057,0.0875,0.01021
7336,0,0.49225,0.2625,0.00263
7337,0,0.425,0.025,0.0003
7338,0,0.11712,0.175,0.03811
7339,0,0.22146,0.0275,0.00102
7340,0,0.01978,0.0,9e-05
7341,0,0.03179,0.0,5e-05
7342,0,0.01225,0.0025,3e-05
7343,0,0.01956,0.0075,2e-05
7344,0,0.12324,0.0,0.00011
7345,0,0.08872,0.0025,4e-05
7346,0,0.5794,0.075,0.01291
7347,0,0.08858,0.0,0.00017
7348,0,0.04378,0.0,7e-05
7349,0,0.01029,0.0,0.00014
7350,0,0.05417,0.0,7e-05
7351,0,0.02019,0.0,6e-05
7352,0,0.04669,0.0,6e-05
7353,0,0.02811,0.01,0.00028
7354,0,0.02312,0.0,0.00057
7355,0,0.073,0.0375,0.00036
7356,0,0.01879,0.0,4e-05
7357,0,0.10644,0.0175,0.00078
7358,0,0.07641,0.0,9e-05
7359,0,0.01644,0.0,5e-05
7360,0,0.07262,0.0,3e-05
7361,0,0.03254,0.0,5e-05
7362,0,0.03185,0.0,5e-05
7363,0,0.03968,0.0,3e-05
7364,0,0.15174,0.005,0.00014
7365,0,0.28212,0.0025,0.00037
7366,0,0.09574,0.0025,0.00023
7367,0,0.02417,0.0,3e-05
7368,0,0.6468,0.155,0.04173
7369,0,0.01292,0.0,0.0002
7370,0,0.01698,0.0025,0.00021
7371,0,0.13287,0.0,0.00025
7372,0,0.15696,0.0,0.00016
7373,0,0.09806,0.0,0.00011
7374,0,0.07778,0.0,8e-05
7375,0,0.24339,0.0175,0.0003
7376,0,0.11175,0.0,0.00011
7377,0,0.13688,0.0,0.0001
7378,0,0.31739,0.01,0.0003
7379,0,0.3921,0.0025,0.00064
7380,0,0.10549,0.02,0.00019
7381,0,0.02411,0.0,0.00101
7382,0,0.16662,0.0,0.0001
7383,0,0.0391,0.0,0.00043
7384,0,0.07527,0.0,0.00033
7385,0,0.09693,0.0,0.00012
7386,0,0.34961,0.005,0.00022
7387,0,0.02051,0.0,6e-05
7388,0,0.08939,0.0025,6e-05
7389,0,0.06118,0.0025,7e-05
7390,0,0.1225,0.0,0.0001
7391,0,0.09008,0.0,0.00011
7392,0,0.07276,0.0,8e-05
7393,0,0.06972,0.0,0.00023
7394,0,0.05905,0.0,6e-05
7395,0,0.06221,0.0025,0.0002
7396,0,0.10051,0.0025,0.00022
7397,0,0.11337,0.0,0.00016
7398,0,0.04685,0.0025,0.00049
7399,0,0.04664,0.0,6e-05
7400,0,0.14501,0.0,0.0001
7401,0,0.08044,0.0,7e-05
7402,0,0.5321,0.005,0.00016
7403,0,0.14912,0.0,7e-05
7404,0,0.26392,0.02,0.00017
7405,0,0.03314,0.0025,0.00015
7406,0,0.04762,0.0,6e-05
7407,0,0.23576,0.0,0.00013
7408,0,0.23923,0.0,6e-05
7409,0,0.29003,0.0625,6e-05
7410,0,0.16034,0.005,0.00013
7411,0,0.10029,0.0025,0.00083
7412,0,0.37135,0.005,0.00032
7413,0,0.12831,0.0,5e-05
7414,0,0.11475,0.0,0.0001
7415,0,0.14244,0.0,8e-05
7416,0,0.14785,0.0,0.00022
7417,0,0.16931,0.0025,0.00018
7418,0,0.13689,0.0,7e-05
7419,0,0.07153,0.0025,0.00024
7420,0,0.1625,0.0,0.00033
7421,0,0.2961,0.0025,0.00036
7422,0,0.189,0.1825,0.00078
7423,0,0.14128,0.15,0.00721
7424,0,0.39194,0.205,0.06783
7425,0,0.03512,0.4325,0.0841
7426,0,0.05059,0.0875,0.00625
7427,1,0.06582,0.1675,0.02947
7428,0,0.00606,0.0,2e-05
7429,0,0.00441,0.0025,9e-05
7430,0,0.00628,0.0,2e-05
7431,0,0.01168,0.0075,7e-05
7432,0,0.28284,0.0825,0.00115
7433,0,0.02623,0.0,3e-05
7434,0,0.00672,0.0,0.00014
7435,0,0.00875,0.0,4e-05
7436,0,0.0157,0.0,0.00013
7437,0,0.01988,0.0,6e-05
7438,0,0.0097,0.0,7e-05
7439,0,0.00353,0.0,0.00011
7440,0,0.02052,0.0,4e-05
7441,0,0.00522,0.0,4e-05
7442,0,0.07272,0.0125,3e-05
7443,0,0.02358,0.0,3e-05
7444,0,0.01846,0.0,2e-05
7445,0,0.09089,0.045,7e-05
7446,0,0.04878,0.0,5e-05
7447,0,0.08119,0.0275,0.00016
7448,0,0.00894,0.0075,2e-05
7449,0,0.01409,0.005,0.00016
7450,0,0.04535,0.0025,0.00024
7451,0,0.01888,0.0,8e-05
7452,0,0.05493,0.0,0.00015
7453,0,0.01004,0.0,3e-05
7454,0,0.05345,0.0175,0.00014
7455,0,0.08163,0.0025,0.00013
7456,0,0.03932,0.0025,3e-05
7457,0,0.07859,0.01,0.00012
7458,0,0.01878,0.0,5e-05
7459,0,0.14316,0.0025,0.00014
7460,0,0.00919,0.0,3e-05
7461,0,0.02372,0.0,9e-05
7462,0,0.02319,0.0,0.0002
7463,0,0.02403,0.0,9e-05
7464,0,0.16923,0.0,3e-05
7465,0,0.11258,0.0,0.00015
7466,0,0.17038,0.0025,0.00015
7467,0,0.00953,0.0,4e-05
7468,0,0.03073,0.0,5e-05
7469,0,0.05921,0.0,7e-05
7470,0,0.03101,0.0,3e-05
7471,0,0.29541,0.0075,0.00033
7472,0,0.29753,0.0125,0.00022
7473,0,0.02547,0.005,7e-05
7474,0,0.6399,0.26,0.00378
7475,0,0.07797,0.0,0.00028
7476,0,0.18853,0.0125,0.00013
7477,0,0.0872,0.0,4e-05
7478,0,0.07156,0.0,5e-05
7479,0,0.05314,0.0,4e-05
7480,0,0.01661,0.0,0.0001
7481,0,0.04303,0.0,4e-05
7482,0,0.02412,0.0,3e-05
7483,0,0.29831,0.0,0.00014
7484,0,0.03062,0.01,0.00367
7485,0,0.2323,0.01,0.00017
7486,0,0.18727,0.0,6e-05
7487,0,0.0548,0.0,4e-05
7488,0,0.12741,0.0,7e-05
7489,0,0.30097,0.0,8e-05
7490,0,0.04982,0.0025,0.00019
7491,0,0.05492,0.0075,0.00046
7492,0,0.60186,0.1125,0.00103
7493,0,0.20581,0.025,0.00016
7494,0,0.70424,0.0125,0.00028
7495,0,0.33556,0.01,0.00029
7496,0,0.07245,0.0,8e-05
7497,0,0.18107,0.0,0.00043
7498,0,0.21052,0.01,0.00029
7499,0,0.05453,0.015,0.00022
7500,0,0.06357,0.0,0.00015
7501,0,0.51308,0.04,0.00126
7502,0,0.07162,0.0025,0.00028
7503,0,0.04027,0.0,0.00014
7504,0,0.0329,0.0075,0.00178
7505,0,0.46422,0.005,0.00031
7506,0,0.21877,0.0575,0.0029
7507,0,0.2948,0.12,0.01581
7508,0,0.14261,0.1575,0.00514
7509,0,0.07816,0.315,0.01123
7510,1,0.91857,0.785,0.99626
7511,1,0.1796,0.0675,0.01555
7512,0,0.01233,0.0025,1e-05
7513,0,0.00802,0.0025,1e-05
7514,0,0.04204,0.14,0.00131
7515,0,0.00611,0.0,2e-05
7516,0,0.11188,0.025,0.00016
7517,0,0.0453,0.0475,0.00014
7518,0,0.05321,0.0,8e-05
7519,0,0.01633,0.0,6e-05
7520,0,0.01555,0.0,0.0001
7521,0,0.00728,0.0,9e-05
7522,0,0.0092,0.0,4e-05
7523,0,0.09381,0.01,0.00016
7524,0,0.0109,0.015,5e-05
7525,0,0.00904,0.0,4e-05
7526,0,0.02388,0.0125,3e-05
7527,0,0.01364,0.0,4e-05
7528,0,0.06583,0.01,0.00019
7529,0,0.007,0.0,8e-05
7530,0,0.00651,0.0025,5e-05
7531,0,0.04647,0.0,6e-05
7532,0,0.20397,0.03,7e-05
7533,0,0.00894,0.0,3e-05
7534,0,0.01692,0.0,5e-05
7535,0,0.06928,0.0025,0.00015
7536,0,0.01592,0.0025,7e-05
7537,1,0.56058,0.8575,0.71996
7538,0,0.6592,0.5,0.25776
7539,0,0.00989,0.0,7e-05
7540,0,0.01518,0.0025,4e-05
7541,0,0.0079,0.0,3e-05
7542,0,0.04319,0.0,7e-05
7543,0,0.10682,0.0,0.00029
7544,0,0.07095,0.0,9e-05
7545,0,0.0614,0.0,0.00018
7546,0,0.02654,0.0,0.00019
7547,0,0.03825,0.0,3e-05
7548,0,0.03129,0.0,0.00025
7549,0,0.09912,0.0,6e-05
7550,0,0.1292,0.0,0.00011
7551,0,0.02023,0.0,5e-05
7552,0,0.01941,0.0,6e-05
7553,0,0.10476,0.0,7e-05
7554,0,0.07098,0.0,9e-05
7555,0,0.14174,0.0225,0.00018
7556,0,0.72017,0.035,0.0008
7557,0,0.02818,0.0,5e-05
7558,0,0.03098,0.0025,0.00011
7559,0,0.10838,0.005,9e-05
7560,0,0.45157,0.015,0.00062
7561,0,0.37235,0.0625,0.00053
7562,0,0.29807,0.0,0.0001
7563,0,0.63774,0.0525,0.00033
7564,0,0.03594,0.0025,0.00013
7565,1,0.92281,0.435,0.47733
7566,0,0.03676,0.0025,9e-05
7567,0,0.11278,0.0,4e-05
7568,0,0.51642,0.1275,0.00367
7569,0,0.09234,0.0,4e-05
7570,1,0.96906,0.645,0.54761
7571,0,0.07242,0.0025,4e-05
7572,0,0.05378,0.0,5e-05
7573,0,0.06244,0.025,0.00103
7574,0,0.18598,0.0,3e-05
7575,0,0.09338,0.0,0.00028
7576,0,0.4388,0.0,0.00045
7577,0,0.247,0.0,0.00023
7578,0,0.03423,0.0,0.00023
7579,0,0.07767,0.0475,0.0096
7580,0,0.87553,0.0825,0.00933
7581,0,0.76026,0.005,0.00084
7582,0,0.70925,0.0475,0.01161
7583,0,0.35147,0.0025,0.00031
7584,0,0.52165,0.0,0.00026
7585,0,0.11438,0.0,0.00068
7586,0,0.59093,0.015,0.00018
7587,0,0.21856,0.0,0.00014
7588,0,0.78865,0.08,0.0006
7589,0,0.25526,0.005,0.00025
7590,0,0.20189,0.0025,0.00028
7591,0,0.39898,0.0075,0.0019
7592,1,0.87815,0.42,0.58249
7593,0,0.17747,0.3075,0.15428
7594,1,0.97099,0.95,0.9991
7595,0,0.02015,0.0,4e-05
7596,0,0.01292,0.0475,0.00012
7597,0,0.01762,0.0,2e-05
7598,0,0.03736,0.0,0.00033
7599,0,0.04015,0.0,2e-05
7600,0,0.01892,0.0025,4e-05
7601,0,0.01563,0.0,5e-05
7602,0,0.59062,0.25,0.00557
7603,0,0.01234,0.0,0.0007
7604,0,0.02205,0.0,0.0001
7605,0,0.02609,0.0,3e-05
7606,0,0.01848,0.005,7e-05
7607,0,0.18111,0.005,0.00014
7608,0,0.02012,0.0,5e-05
7609,0,0.00466,0.0175,5e-05
7610,0,0.04039,0.0,4e-05
7611,0,0.05279,0.0,6e-05
7612,0,0.01726,0.0,5e-05
7613,0,0.01353,0.0025,9e-05
7614,0,0.13697,0.0,0.00011
7615,0,0.10966,0.0075,0.00025
7616,0,0.10563,0.0125,0.00036
7617,0,0.02153,0.0,4e-05
7618,0,0.1855,0.0025,3e-05
7619,0,0.07766,0.03,7e-05
7620,0,0.12571,0.0,9e-05
7621,0,0.06842,0.0,3e-05
7622,0,0.02204,0.0,4e-05
7623,0,0.00348,0.0025,8e-05
7624,0,0.03075,0.0,9e-05
7625,0,0.13726,0.0,0.00011
7626,0,0.02346,0.0,4e-05
7627,0,0.17459,0.035,6e-05
7628,0,0.0806,0.0025,0.00066
7629,0,0.02672,0.0,5e-05
7630,0,0.56991,0.24,0.02437
7631,0,0.03818,0.0,0.00014
7632,0,0.25858,0.0475,0.00073
7633,0,0.02589,0.0,0.00017
7634,0,0.0961,0.01,0.00045
7635,0,0.06093,0.0,7e-05
7636,0,0.05714,0.0,8e-05
7637,0,0.03961,0.0,5e-05
7638,0,0.29661,0.0075,0.00014
7639,0,0.13372,0.005,7e-05
7640,0,0.07903,0.0,7e-05
7641,0,0.07817,0.0,6e-05
7642,0,0.48808,0.0225,0.00062
7643,0,0.01987,0.005,5e-05
7644,0,0.31038,0.0,4e-05
7645,0,0.13676,0.0,9e-05
7646,0,0.03781,0.005,0.00019
7647,0,0.14121,0.0,0.00031
7648,0,0.10249,0.0,5e-05
7649,0,0.01012,0.01,0.00348
7650,0,0.02013,0.0025,0.00017
7651,0,0.65849,0.04,0.0006
7652,0,0.0097,0.005,0.00018
7653,0,0.26305,0.005,0.00022
7654,0,0.27717,0.0,7e-05
7655,0,0.13742,0.0,6e-05
7656,0,0.0507,0.0,3e-05
7657,0,0.59397,0.0,0.00019
7658,0,0.05505,0.0325,0.00027
7659,0,0.48261,0.01,0.00079
7660,0,0.25849,0.0,7e-05
7661,0,0.15992,0.045,4e-05
7662,0,0.05505,0.0,7e-05
7663,0,0.05357,0.0125,0.00191
7664,0,0.68546,0.03,0.00054
7665,0,0.43049,0.0025,5e-05
7666,0,0.19245,0.0,0.00012
7667,0,0.46208,0.005,0.00017
7668,0,0.43406,0.0,9e-05
7669,0,0.13769,0.005,0.00037
7670,1,0.78173,0.635,0.48957
7671,0,0.1222,0.0,0.00026
7672,0,0.61216,0.015,0.00059
7673,0,0.23604,0.015,0.00066
7674,0,0.11036,0.005,0.00062
7675,0,0.64137,0.0075,0.00127
7676,0,0.34774,0.03,0.0033
7677,0,0.58003,0.1175,0.00164
7678,0,0.73458,0.7425,0.70491
7679,0,0.58097,0.26,0.06312
7680,0,0.18414,0.2275,0.00292
7681,0,0.24242,0.1225,0.00643
7682,0,0.28924,0.0575,0.00332
7683,0,0.49487,0.24,0.01041
7684,0,0.56103,0.1375,0.00541
7685,0,0.17238,0.1625,0.00407
7686,0,0.31097,0.145,0.05123
7687,0,0.12102,0.215,0.11003
7688,1,0.38502,0.4725,0.46166
7689,0,0.02677,0.0,4e-05
7690,0,0.00721,0.0025,8e-05
7691,0,0.00938,0.0025,2e-05
7692,0,0.14792,0.025,9e-05
7693,0,0.00528,0.0,1e-05
7694,0,0.02302,0.0,5e-05
7695,0,0.00545,0.0,4e-05
7696,0,0.10177,0.025,0.0007
7697,0,0.15912,0.1175,0.00029
7698,0,0.0303,0.0025,0.00022
7699,0,0.00962,0.0125,0.00081
7700,0,0.01572,0.0025,0.00024
7701,0,0.49031,0.3275,0.04991
7702,0,0.00951,0.0,2e-05
7703,0,0.01491,0.0,4e-05
7704,0,0.01124,0.0025,6e-05
7705,0,0.01068,0.0,3e-05
7706,0,0.05403,0.0175,6e-05
7707,0,0.03313,0.0,5e-05
7708,0,0.00538,0.0,6e-05
7709,0,0.04488,0.0,3e-05
7710,0,0.03961,0.0,9e-05
7711,0,0.18271,0.0025,0.0001
7712,0,0.21504,0.0225,0.0001
7713,0,0.02154,0.0,4e-05
7714,0,0.04848,0.0175,0.00016
7715,0,0.07369,0.0,4e-05
7716,0,0.06621,0.02,0.00015
7717,0,0.08504,0.07,0.00014
7718,0,0.2533,0.015,0.00023
7719,0,0.05398,0.0025,0.00034
7720,0,0.00896,0.0025,3e-05
7721,0,0.03965,0.0,4e-05
7722,0,0.05724,0.0,7e-05
7723,0,0.44911,0.0175,0.00048
7724,0,0.0516,0.0025,0.00017
7725,0,0.0431,0.0,0.00012
7726,0,0.03464,0.0,0.00028
7727,0,0.04418,0.01,8e-05
7728,0,0.02564,0.0025,0.00011
7729,0,0.15341,0.0075,0.00036
7730,0,0.43505,0.1275,0.00082
7731,0,0.14602,0.0,0.00052
7732,0,0.01002,0.0075,0.00064
7733,0,0.07483,0.0075,0.00015
7734,0,0.0625,0.0,5e-05
7735,0,0.03343,0.0,5e-05
7736,0,0.57789,0.02,0.00185
7737,0,0.06229,0.04,0.00011
7738,0,0.04484,0.03,0.00093
7739,0,0.46859,0.1275,0.00029
7740,0,0.02621,0.0,6e-05
7741,0,0.18119,0.0025,7e-05
7742,0,0.06057,0.0075,5e-05
7743,0,0.491,0.01,0.00049
7744,0,0.05243,0.0925,0.00075
7745,0,0.72116,0.0475,0.00023
7746,0,0.06197,0.0,9e-05
7747,0,0.25776,0.0,8e-05
7748,0,0.44268,0.025,0.00052
7749,0,0.51796,0.0,5e-05
7750,0,0.11826,0.0,8e-05
7751,0,0.59632,0.0125,0.00032
7752,0,0.06243,0.0075,9e-05
7753,0,0.05296,0.03,0.00025
7754,0,0.30504,0.0075,4e-05
7755,0,0.09484,0.0,0.00012
7756,0,0.15465,0.1275,0.00369
7757,1,0.82287,0.66,0.76386
7758,0,0.06466,0.0,0.0009
7759,0,0.12051,0.0025,0.00015
7760,1,0.71187,0.695,0.6201
7761,0,0.03418,0.065,0.00187
7762,0,0.10079,0.0375,0.0023
7763,0,0.00851,0.005,0.00014
7764,1,0.84284,0.395,0.28832
7765,0,0.01089,0.0,3e-05
7766,0,0.1602,0.02,0.00012
7767,0,0.06959,0.05,0.0001
7768,0,0.0561,0.05,4e-05
7769,0,0.00976,0.005,0.0002
7770,0,0.02353,0.0025,8e-05
7771,0,0.00504,0.0,5e-05
7772,0,0.01216,0.0,0.00013
7773,0,0.0104,0.0,7e-05
7774,0,0.00771,0.0,3e-05
7775,0,0.01223,0.0,3e-05
7776,0,0.0246,0.0,3e-05
7777,0,0.05256,0.0125,0.00027
7778,0,0.0055,0.0075,9e-05
7779,0,0.02022,0.0,3e-05
7780,0,0.01846,0.0,5e-05
7781,0,0.00937,0.0,4e-05
7782,0,0.03189,0.0,5e-05
7783,0,0.01008,0.0,4e-05
7784,0,0.01068,0.0,0.00011
7785,0,0.59538,0.2925,0.01028
7786,0,0.01391,0.0,3e-05
7787,0,0.10146,0.0,7e-05
7788,0,0.06222,0.0075,0.0003
7789,0,0.04053,0.0025,4e-05
7790,0,0.02342,0.0025,5e-05
7791,0,0.01949,0.0,7e-05
7792,0,0.08277,0.0,0.00013
7793,0,0.02414,0.0,2e-05
7794,0,0.01903,0.0,9e-05
7795,0,0.33584,0.03,0.00011
7796,0,0.00719,0.0025,3e-05
7797,0,0.37883,0.02,0.00045
7798,0,0.02781,0.0025,0.00014
7799,0,0.04131,0.0,0.00017
7800,0,0.02143,0.03,0.00016
7801,0,0.04613,0.0,7e-05
7802,0,0.1412,0.0,0.00014
7803,0,0.70197,0.205,0.01073
7804,0,0.05468,0.0,9e-05
7805,0,0.08283,0.0,0.0001
7806,0,0.02592,0.005,0.00031
7807,0,0.09657,0.025,0.00051
7808,0,0.17058,0.005,0.00019
7809,0,0.06827,0.0,3e-05
7810,0,0.02122,0.0,5e-05
7811,0,0.19208,0.005,0.00042
7812,0,0.02408,0.0,6e-05
7813,0,0.04813,0.0,4e-05
7814,0,0.06697,0.0,8e-05
7815,0,0.10382,0.0025,0.00027
7816,0,0.02007,0.0075,0.00027
7817,0,0.03322,0.0,7e-05
7818,0,0.01954,0.0,0.00012
7819,0,0.12299,0.01,0.00108
7820,0,0.0975,0.015,7e-05
7821,0,0.03443,0.0175,0.0026
7822,0,0.03339,0.0,0.00012
7823,0,0.03682,0.0,8e-05
7824,0,0.71279,0.0075,0.00034
7825,0,0.09397,0.0,0.00012
7826,0,0.05534,0.0,3e-05
7827,0,0.87514,0.4275,0.18711
7828,0,0.1474,0.0,0.00028
7829,0,0.06121,0.0,0.0001
7830,0,0.03546,0.025,0.00082
7831,0,0.03361,0.0025,2e-05
7832,0,0.19473,0.0,0.0001
7833,0,0.06187,0.0,6e-05
7834,0,0.25857,0.0,0.00011
7835,0,0.3435,0.0,0.00015
7836,0,0.05929,0.0025,0.0001
7837,0,0.14886,0.0,0.00012
7838,0,0.1006,0.0025,0.00011
7839,0,0.35613,0.145,0.00149
7840,0,0.28111,0.0275,0.00018
7841,0,0.06526,0.0025,0.00051
7842,0,0.45966,0.0025,0.00058
7843,0,0.09887,0.04,0.00144
7844,0,0.28366,0.105,0.0046
7845,0,0.26151,0.1075,0.00453
7846,0,0.05476,0.195,0.04459
7847,0,0.11386,0.15,0.01161
7848,0,0.34847,0.51,0.15784
7849,0,0.10737,0.1125,0.01302
7850,1,0.25268,0.2775,0.06419
7851,0,0.0022,0.0,0.00013
7852,0,0.01864,0.025,9e-05
7853,0,0.00661,0.0,2e-05
7854,0,0.12005,0.06,0.00017
7855,0,0.00995,0.0025,4e-05
7856,0,0.00347,0.0075,3e-05
7857,0,0.01263,0.0,4e-05
7858,0,0.01592,0.0025,0.00034
7859,0,0.04939,0.0175,0.00041
7860,0,0.01098,0.0425,0.0001
7861,0,0.01681,0.0025,0.00025
7862,0,0.03095,0.0,4e-05
7863,0,0.1052,0.0225,0.0002
7864,0,0.03836,0.005,0.00011
7865,0,0.29658,0.0975,0.00039
7866,0,0.07157,0.0275,0.00018
7867,0,0.0874,0.02,0.00012
7868,0,0.00867,0.0,3e-05
7869,0,0.02951,0.0925,0.00025
7870,0,0.01029,0.0,9e-05
7871,0,0.03691,0.0025,0.00022
7872,0,0.1088,0.0475,0.00022
7873,0,0.01497,0.0,4e-05
7874,0,0.01167,0.0025,8e-05
7875,0,0.02398,0.0,4e-05
7876,0,0.02608,0.0,6e-05
7877,0,0.02576,0.03,0.00015
7878,0,0.2249,0.0375,0.00076
7879,0,0.10245,0.0025,4e-05
7880,0,0.02948,0.0025,8e-05
7881,0,0.05368,0.005,0.00012
7882,0,0.0237,0.055,0.00023
7883,0,0.00494,0.005,0.00022
7884,0,0.03388,0.0125,0.0002
7885,1,0.73513,0.105,0.00483
7886,0,0.03809,0.0,7e-05
7887,0,0.08214,0.055,0.00431
7888,0,0.0454,0.025,0.00091
7889,0,0.01779,0.0,1e-05
7890,0,0.59039,0.2075,0.57934
7891,0,0.0161,0.0225,0.00019
7892,0,0.04381,0.015,3e-05
7893,0,0.05562,0.005,0.00011
7894,0,0.03615,0.0025,0.00011
7895,0,0.02318,0.0025,9e-05
7896,0,0.16437,0.035,0.0003
7897,0,0.27209,0.0175,0.00023
7898,0,0.234,0.04,0.00071
7899,0,0.13971,0.0,0.00012
7900,0,0.26868,0.01,0.00015
7901,0,0.02908,0.0225,3e-05
7902,0,0.0449,0.025,0.0002
7903,0,0.11591,0.0025,0.00042
7904,0,0.12193,0.0075,0.0001
7905,0,0.02966,0.0,0.00018
7906,0,0.08177,0.0375,4e-05
7907,0,0.22553,0.0025,0.00065
7908,0,0.09299,0.005,5e-05
7909,0,0.02038,0.01,0.00026
7910,0,0.13986,0.01,3e-05
7911,0,0.01152,0.0025,8e-05
7912,0,0.05818,0.0,6e-05
7913,0,0.20844,0.0,9e-05
7914,0,0.06673,0.005,4e-05
7915,0,0.13743,0.0,1e-05
7916,0,0.02835,0.0,0.0001
7917,0,0.07885,0.0,6e-05
7918,0,0.19755,0.0,5e-05
7919,0,0.19285,0.0,5e-05
7920,0,0.12119,0.0,6e-05
7921,0,0.36524,0.005,0.00027
7922,0,0.34027,0.01,0.00207
7923,0,0.11898,0.0,9e-05
7924,0,0.20105,0.0,8e-05
7925,0,0.18194,0.0225,0.00028
7926,0,0.04921,0.005,0.00023
7927,1,0.7358,0.9375,0.87743
7928,0,0.22537,0.005,0.00024
7929,0,0.39046,0.0025,5e-05
7930,0,0.06189,0.0325,0.00186
7931,0,0.59305,0.055,0.00697
7932,0,0.15003,0.01,0.00092
7933,0,0.2845,0.1075,0.00673
7934,0,0.20043,0.185,0.00844
7935,0,0.03547,0.1925,0.00307
7936,0,0.14858,0.29,0.03667
7937,0,0.65148,0.215,0.01769
7938,0,0.10031,0.2775,0.00867
7939,0,0.20157,0.2825,0.06918
7940,0,0.31633,0.08,0.00703
7941,0,0.01451,0.0,2e-05
7942,0,0.00849,0.0,3e-05
7943,0,0.03913,0.0,5e-05
7944,0,0.01397,0.0,3e-05
7945,0,0.0654,0.005,0.00024
7946,0,0.01226,0.0,2e-05
7947,0,0.00846,0.0,2e-05
7948,0,0.04537,0.0,0.00018
7949,0,0.01799,0.0,5e-05
7950,0,0.0139,0.005,7e-05
7951,0,0.01994,0.0,2e-05
7952,0,0.01071,0.0,7e-05
7953,0,0.01639,0.0025,3e-05
7954,0,0.0077,0.0,4e-05
7955,0,0.03046,0.0,6e-05
7956,0,0.12837,0.01,0.00026
7957,0,0.00932,0.0,5e-05
7958,0,0.03922,0.0,2e-05
7959,0,0.09195,0.015,0.00019
7960,0,0.01174,0.0,4e-05
7961,0,0.03071,0.0,2e-05
7962,0,0.23889,0.085,0.00053
7963,0,0.04218,0.01,0.00028
7964,0,0.02958,0.0,3e-05
7965,0,0.01851,0.0,3e-05
7966,0,0.00875,0.005,5e-05
7967,0,0.03608,0.0,9e-05
7968,0,0.01492,0.0,5e-05
7969,0,0.01003,0.0,5e-05
7970,0,0.01832,0.0,0.00021
7971,0,0.03635,0.035,6e-05
7972,0,0.08223,0.01,0.00015
7973,0,0.37832,0.0225,0.00045
7974,0,0.01988,0.0,0.00019
7975,0,0.04633,0.0025,0.00024
7976,0,0.0375,0.005,9e-05
7977,0,0.05634,0.0175,0.00029
7978,0,0.60734,0.2625,0.01194
7979,0,0.59765,0.1225,0.00154
7980,0,0.00789,0.0,0.00015
7981,0,0.04469,0.0,9e-05
7982,0,0.01567,0.0,3e-05
7983,0,0.08437,0.0,0.00026
7984,0,0.02944,0.0,6e-05
7985,0,0.0318,0.0,7e-05
7986,0,0.02673,0.0025,4e-05
7987,0,0.03574,0.0,5e-05
7988,0,0.04533,0.0,2e-05
7989,0,0.02253,0.0,2e-05
7990,0,0.02551,0.0175,0.00021
7991,0,0.029,0.0,3e-05
7992,0,0.09815,0.0,4e-05
7993,0,0.06702,0.0,0.00011
7994,0,0.03615,0.0,0.00011
7995,0,0.10005,0.0,5e-05
7996,0,0.08391,0.0,0.00016
7997,0,0.08724,0.0175,6e-05
7998,1,0.82721,0.895,0.78776
7999,0,0.34004,0.0075,0.00013
8000,0,0.02514,0.0,3e-05
8001,0,0.53695,0.01,0.00029
8002,0,0.32668,0.025,6e-05
8003,0,0.03812,0.0,0.00031
8004,0,0.89918,0.455,0.22892
8005,0,0.37884,0.0,3e-05
8006,0,0.06029,0.0025,6e-05
8007,0,0.27636,0.0,0.00016
8008,0,0.03043,0.0,0.00039
8009,0,0.07736,0.0,0.00014
8010,0,0.18731,0.005,0.00013
8011,0,0.86036,0.345,0.6624
8012,0,0.20951,0.0025,0.00056
8013,0,0.70863,0.08,0.00474
8014,0,0.47396,0.0075,6e-05
8015,0,0.40617,0.0,7e-05
8016,0,0.16469,0.0075,0.0002
8017,0,0.13193,0.0,9e-05
8018,0,0.21615,0.005,0.00022
8019,0,0.21346,0.0225,0.00019
8020,0,0.1421,0.01,0.00073
8021,0,0.06375,0.005,0.00013
8022,0,0.06196,0.065,0.0127
8023,0,0.30427,0.1525,0.01377
8024,0,0.13449,0.2025,0.00233
8025,0,0.16271,0.0775,0.00128
8026,0,0.58889,0.2625,0.01462
8027,1,0.62279,0.3275,0.24319
8028,0,0.34416,0.185,0.0257
8029,0,0.55691,0.225,0.0625
8030,0,0.00906,0.005,3e-05
8031,0,0.01819,0.0,9e-05
8032,0,0.00376,0.0,3e-05
8033,0,0.03363,0.0,4e-05
8034,0,0.00877,0.0025,4e-05
8035,0,0.01689,0.0025,3e-05
8036,0,0.00783,0.0,8e-05
8037,0,0.05037,0.0,0.00013
8038,0,0.01299,0.0,7e-05
8039,0,0.08856,0.01,0.00034
8040,0,0.00535,0.0,6e-05
8041,0,0.01466,0.0,3e-05
8042,0,0.06259,0.035,0.00011
8043,0,0.06844,0.0,4e-05
8044,0,0.00742,0.005,6e-05
8045,0,0.00946,0.0075,0.0002
8046,0,0.14345,0.0225,0.00091
8047,0,0.0278,0.0,6e-05
8048,0,0.01119,0.0,0.00011
8049,0,0.01152,0.0025,0.0001
8050,0,0.00428,0.0,4e-05
8051,0,0.11505,0.03,0.00015
8052,0,0.00618,0.0075,6e-05
8053,0,0.04176,0.0,0.0003
8054,0,0.01346,0.0,0.00014
8055,0,0.05959,0.0125,0.00025
8056,0,0.01901,0.0,2e-05
8057,0,0.06765,0.0025,6e-05
8058,0,0.027,0.0,4e-05
8059,0,0.09993,0.0,5e-05
8060,0,0.02326,0.0,6e-05
8061,0,0.02274,0.0,0.0001
8062,0,0.02326,0.0025,0.00019
8063,0,0.19516,0.0275,0.00024
8064,0,0.01645,0.005,5e-05
8065,0,0.03221,0.005,0.00011
8066,0,0.00562,0.0,0.00043
8067,0,0.01202,0.0025,0.00067
8068,0,0.02407,0.0025,5e-05
8069,0,0.05884,0.0025,3e-05
8070,0,0.01471,0.0075,0.00161
8071,0,0.01613,0.005,0.0008
8072,0,0.01412,0.0175,9e-05
8073,0,0.02117,0.0425,5e-05
8074,0,0.03734,0.0,9e-05
8075,0,0.04538,0.0,4e-05
8076,0,0.03143,0.0125,0.00019
8077,0,0.08109,0.03,0.00224
8078,0,0.0867,0.0,0.00041
8079,0,0.01712,0.0,7e-05
8080,0,0.03996,0.0,4e-05
8081,0,0.05247,0.0,6e-05
8082,0,0.31481,0.01,0.00014
8083,0,0.08691,0.0,0.00011
8084,0,0.08537,0.0325,0.00077
8085,0,0.21071,0.0,0.00014
8086,0,0.17256,0.0125,7e-05
8087,0,0.04474,0.02,0.00036
8088,0,0.0679,0.0025,0.0001
8089,0,0.09724,0.01,8e-05
8090,0,0.06252,0.0025,9e-05
8091,0,0.0924,0.0025,0.0004
8092,0,0.63902,0.0475,0.00025
8093,0,0.09696,0.0,4e-05
8094,0,0.03549,0.0,9e-05
8095,0,0.02132,0.005,0.00015
8096,0,0.46467,0.01,0.0002
8097,0,0.0638,0.0075,6e-05
8098,0,0.11386,0.0,5e-05
8099,0,0.08338,0.0,6e-05
8100,0,0.03283,0.0,0.00094
8101,0,0.04474,0.0175,0.00066
8102,0,0.14379,0.0025,0.0006
8103,0,0.22475,0.0,0.00042
8104,0,0.07668,0.0025,9e-05
8105,0,0.11076,0.0,0.00021
8106,0,0.49857,0.025,0.0003
8107,0,0.02995,0.0075,0.0007
8108,0,0.24097,0.0625,0.00023
8109,0,0.07598,0.01,0.00052
8110,0,0.15638,0.015,0.00058
8111,0,0.21119,0.145,0.08116
8112,1,0.05127,0.04,0.01281
8113,0,0.01451,0.0175,0.00052
8114,0,0.03781,0.0,8e-05
8115,0,0.13521,0.5575,0.19503
8116,0,0.17959,0.1125,0.00019
8117,0,0.01375,0.0,0.0001
8118,0,0.03319,0.0075,6e-05
8119,0,0.00404,0.005,0.00032
8120,0,0.10101,0.01,8e-05
8121,0,0.00619,0.0,0.00014
8122,0,0.01345,0.0,8e-05
8123,0,0.06183,0.0025,6e-05
8124,0,0.00551,0.0,2e-05
8125,0,0.04414,0.0,3e-05
8126,0,0.07431,0.005,9e-05
8127,0,0.00627,0.0,0.00017
8128,0,0.01672,0.0025,4e-05
8129,0,0.00992,0.0,5e-05
8130,0,0.02442,0.0,5e-05
8131,0,0.01088,0.0,9e-05
8132,0,0.03754,0.01,5e-05
8133,0,0.05963,0.0,0.00011
8134,0,0.07263,0.0,9e-05
8135,0,0.01903,0.0,5e-05
8136,0,0.01941,0.0025,8e-05
8137,0,0.0143,0.0,8e-05
8138,0,0.0074,0.0,4e-05
8139,0,0.22067,0.0375,0.00022
8140,0,0.04457,0.0,7e-05
8141,0,0.0076,0.0,9e-05
8142,0,0.14544,0.0925,0.0005
8143,0,0.13856,0.01,0.0001
8144,0,0.03362,0.0,0.00013
8145,0,0.05039,0.0,0.0001
8146,0,0.0254,0.0225,0.0002
8147,0,0.00854,0.0025,0.00014
8148,0,0.03072,0.0,0.00013
8149,0,0.02402,0.0,9e-05
8150,0,0.18552,0.0,0.0001
8151,0,0.02156,0.01,0.00011
8152,0,0.05593,0.0,0.00026
8153,0,0.12152,0.1025,0.01144
8154,0,0.11122,0.0,0.0001
8155,0,0.29731,0.0,0.00013
8156,0,0.11669,0.0325,0.00011
8157,0,0.03194,0.0,0.00012
8158,0,0.27108,0.0,0.00019
8159,0,0.03481,0.0,0.00017
8160,0,0.0307,0.0,4e-05
8161,0,0.01262,0.0,7e-05
8162,0,0.03288,0.0,8e-05
8163,0,0.04534,0.0,8e-05
8164,0,0.05792,0.0,6e-05
8165,0,0.08263,0.0,0.00015
8166,0,0.0237,0.0,6e-05
8167,0,0.02325,0.0,2e-05
8168,0,0.07292,0.0175,0.00014
8169,0,0.05324,0.0075,0.00017
8170,0,0.02586,0.0,0.00023
8171,0,0.30292,0.0025,0.0001
8172,0,0.05869,0.0,3e-05
8173,0,0.01928,0.0075,0.00151
8174,0,0.02852,0.0,4e-05
8175,0,0.42472,0.0075,0.00024
8176,0,0.05683,0.0,9e-05
8177,0,0.21031,0.0,8e-05
8178,0,0.21214,0.005,0.00032
8179,0,0.37649,0.02,8e-05
8180,0,0.08065,0.0,0.00018
8181,0,0.33493,0.005,0.0001
8182,0,0.06221,0.01,0.00017
8183,0,0.07825,0.0125,0.00013
8184,0,0.39142,0.0025,0.00033
8185,0,0.30667,0.0,0.00083
8186,0,0.24506,0.0,5e-05
8187,0,0.13087,0.0075,0.00048
8188,0,0.36686,0.0025,0.0013
8189,0,0.11964,0.01,0.00043
8190,0,0.1645,0.0375,0.0011
8191,0,0.19355,0.19,0.01084
8192,0,0.03881,0.225,0.03935
8193,1,0.8849,0.895,0.99758
8194,0,0.1197,0.355,0.02484
8195,0,0.30268,0.2775,0.02888
8196,1,0.65293,0.835,0.97338
8197,0,0.16441,0.275,0.15863
8198,0,0.40822,0.0975,0.00216
8199,0,0.33556,0.515,0.53546
8200,1,0.10549,0.2375,0.02705
8201,0,0.00936,0.0,0.00013
8202,0,0.00389,0.0,3e-05
8203,0,0.00687,0.0,4e-05
8204,0,0.00565,0.0,4e-05
8205,0,0.00709,0.0025,5e-05
8206,0,0.02753,0.015,7e-05
8207,0,0.02416,0.0,0.00024
8208,0,0.02898,0.0025,8e-05
8209,0,0.02396,0.0025,0.00012
8210,0,0.02495,0.005,0.001
8211,0,0.00258,0.0025,2e-05
8212,0,0.01745,0.0,4e-05
8213,0,0.01783,0.01,8e-05
8214,0,0.00458,0.0,6e-05
8215,0,0.02982,0.0,0.00086
8216,0,0.01896,0.025,0.00325
8217,0,0.51908,0.385,0.22693
8218,0,0.01667,0.0,5e-05
8219,0,0.00919,0.0,4e-05
8220,0,0.00597,0.0,5e-05
8221,0,0.00747,0.0,7e-05
8222,0,0.01833,0.0,7e-05
8223,0,0.012,0.0,5e-05
8224,0,0.13397,0.0175,7e-05
8225,0,0.00841,0.0,0.00011
8226,0,0.0165,0.0,6e-05
8227,0,0.61103,0.4725,0.18034
8228,0,0.31284,0.01,7e-05
8229,0,0.08188,0.0,0.00027
8230,0,0.01235,0.0025,5e-05
8231,0,0.01337,0.0025,0.00044
8232,0,0.09949,0.045,0.00057
8233,0,0.05022,0.03,0.00089
8234,0,0.0271,0.0,4e-05
8235,0,0.04679,0.0,8e-05
8236,0,0.17136,0.0025,5e-05
8237,0,0.04927,0.0025,0.00012
8238,0,0.02198,0.0025,0.00015
8239,0,0.14727,0.0,0.00056
8240,0,0.08706,0.01,0.00032
8241,0,0.05304,0.0,0.00012
8242,0,0.08355,0.0125,0.00041
8243,0,0.01961,0.0025,6e-05
8244,0,0.25962,0.05,0.00014
8245,0,0.04515,0.0,0.00014
8246,1,0.86695,0.62,0.93664
8247,0,0.09347,0.0,8e-05
8248,0,0.02057,0.0,0.00012
8249,0,0.08402,0.0,7e-05
8250,0,0.06966,0.0,0.0001
8251,0,0.05033,0.02,0.00019
8252,0,0.06902,0.0,0.00037
8253,0,0.04063,0.0,6e-05
8254,0,0.04124,0.0,0.0002
8255,0,0.07573,0.0,6e-05
8256,0,0.0234,0.0025,7e-05
8257,0,0.32155,0.0475,0.00026
8258,0,0.03033,0.0,3e-05
8259,0,0.17158,0.0,9e-05
8260,0,0.03751,0.0,8e-05
8261,0,0.05311,0.02,0.00013
8262,0,0.16337,0.0075,0.00034
8263,0,0.09594,0.015,0.00133
8264,0,0.05173,0.0025,3e-05
8265,0,0.19147,0.0025,0.00021
8266,0,0.05452,0.0125,5e-05
8267,0,0.04923,0.0075,0.00018
8268,0,0.06944,0.0075,0.00011
8269,0,0.07505,0.0,0.0001
8270,0,0.09037,0.005,0.0002
8271,0,0.07195,0.0,7e-05
8272,0,0.26042,0.125,0.00083
8273,0,0.43801,0.22,0.00703
8274,0,0.01771,0.01,0.00017
8275,0,0.03874,0.0025,0.0004
8276,0,0.02542,0.005,0.00013
8277,0,0.53288,0.29,0.0155
8278,0,0.38674,0.3575,0.12584
8279,0,0.35314,0.1525,0.02479
8280,0,0.07794,0.265,0.02458
8281,0,0.26972,0.135,0.00703
8282,0,0.07473,0.0475,0.006
8283,0,0.0826,0.185,0.01102
8284,0,0.05866,0.12,0.00572
8285,0,0.00534,0.0025,2e-05
8286,0,0.05657,0.01,0.00025
8287,0,0.00541,0.0,2e-05
8288,0,0.0114,0.0,2e-05
8289,0,0.00471,0.0,1e-05
8290,0,0.0105,0.0,0.0001
8291,0,0.01341,0.0,4e-05
8292,0,0.00334,0.0,0.00013
8293,0,0.00263,0.03,0.00021
8294,0,0.03502,0.0,0.00013
8295,0,0.00761,0.0,8e-05
8296,0,0.00474,0.0,0.0002
8297,0,0.00759,0.0,0.00033
8298,0,0.00629,0.0025,3e-05
8299,0,0.02302,0.2125,0.00226
8300,0,0.01149,0.0,4e-05
8301,0,0.01679,0.0,0.0001
8302,0,0.01351,0.0,5e-05
8303,0,0.00845,0.0,3e-05
8304,0,0.02982,0.0,0.00012
8305,0,0.17219,0.01,0.00046
8306,0,0.01426,0.07,0.00019
8307,0,0.0448,0.0025,0.0001
8308,1,0.88773,0.5425,0.989
8309,0,0.03818,0.0025,0.0012
8310,0,0.01292,0.0,0.00011
8311,0,0.02322,0.0025,0.00012
8312,0,0.07829,0.01,4e-05
8313,0,0.0244,0.0,0.00016
8314,0,0.07096,0.005,0.00021
8315,0,0.04707,0.0,0.00013
8316,0,0.01728,0.025,0.00126
8317,0,0.04032,0.0,0.00022
8318,0,0.02929,0.01,0.00113
8319,0,0.04819,0.0,3e-05
8320,0,0.08681,0.0,0.00037
8321,0,0.17077,0.0,0.00054
8322,0,0.34461,0.0,0.00013
8323,0,0.06796,0.0025,0.0004
8324,0,0.0319,0.0,5e-05
8325,0,0.08983,0.01,0.00063
8326,0,0.04707,0.0,7e-05
8327,0,0.01634,0.0,7e-05
8328,0,0.2913,0.0175,0.00059
8329,0,0.26181,0.005,0.00015
8330,0,0.35059,0.0,0.00018
8331,0,0.07699,0.0,0.00026
8332,0,0.18604,0.0,0.0003
8333,0,0.27331,0.0,0.00014
8334,0,0.31048,0.0,0.00023
8335,0,0.25936,0.0,0.00025
8336,0,0.27462,0.0275,0.00023
8337,0,0.44666,0.0025,0.00025
8338,0,0.07073,0.0,0.0001
8339,0,0.07997,0.005,0.00017
8340,0,0.10347,0.0,7e-05
8341,0,0.05297,0.0075,8e-05
8342,0,0.12441,0.0025,8e-05
8343,0,0.17198,0.0025,0.0001
8344,0,0.29538,0.0725,0.00157
8345,0,0.36007,0.0,9e-05
8346,0,0.03596,0.0,0.00013
8347,0,0.1654,0.0,0.00018
8348,0,0.10419,0.015,0.00033
8349,0,0.12935,0.0025,9e-05
8350,0,0.03551,0.0,0.00016
8351,0,0.27526,0.0075,0.00038
8352,0,0.02853,0.105,0.00483
8353,0,0.09032,0.0,0.00016
8354,0,0.87264,0.2825,0.05428
8355,0,0.53473,0.08,0.00042
8356,0,0.6114,0.0125,0.00069
8357,0,0.83159,0.335,0.41468
8358,1,0.28903,0.06,0.00365
8359,0,0.01299,0.0,0.00013
8360,0,0.02443,0.0,1e-05
8361,0,0.0087,0.0,5e-05
8362,0,0.02647,0.0,9e-05
8363,0,0.44923,0.365,0.07561
8364,0,0.13555,0.0,0.00017
8365,0,0.05292,0.005,0.00029
8366,0,0.00925,0.0,0.00019
8367,0,0.00581,0.0025,9e-05
8368,0,0.07808,0.0025,0.00042
8369,0,0.04714,0.0,2e-05
8370,0,0.01704,0.0,0.00015
8371,0,0.0154,0.0,4e-05
8372,0,0.00956,0.0,0.00017
8373,0,0.03199,0.005,0.00016
8374,0,0.05163,0.0075,0.0001
8375,0,0.35386,0.27,0.01001
8376,0,0.05094,0.005,0.00015
8377,0,0.04445,0.0325,0.00022
8378,0,0.06724,0.0025,0.00013
8379,0,0.37937,0.1025,0.00984
8380,0,0.01195,0.0,0.00011
8381,0,0.01141,0.0025,5e-05
8382,0,0.01322,0.0,3e-05
8383,0,0.01078,0.0,5e-05
8384,0,0.00656,0.0,0.0001
8385,0,0.04548,0.0025,0.00012
8386,0,0.03134,0.005,0.00032
8387,0,0.01471,0.0,7e-05
8388,0,0.05132,0.0075,0.00017
8389,0,0.05859,0.0,0.00193
8390,0,0.04262,0.0,0.00062
8391,0,0.4527,0.145,0.00203
8392,0,0.04226,0.0,0.0002
8393,0,0.02304,0.0,0.00011
8394,0,0.05276,0.005,0.00035
8395,0,0.0504,0.0,5e-05
8396,0,0.09431,0.0025,0.00051
8397,0,0.01876,0.0,2e-05
8398,0,0.01665,0.0,0.00133
8399,1,0.79422,0.925,0.96617
8400,0,0.48034,0.0425,0.00027
8401,0,0.10663,0.0,6e-05
8402,0,0.03497,0.0,3e-05
8403,0,0.28442,0.01,0.00039
8404,0,0.15334,0.005,0.00083
8405,0,0.04952,0.0,0.0005
8406,0,0.06558,0.0,7e-05
8407,0,0.04453,0.0075,0.00034
8408,0,0.20342,0.0025,0.00051
8409,0,0.02148,0.0,0.00011
8410,0,0.09872,0.0875,0.02425
8411,0,0.32579,0.0025,0.00057
8412,0,0.04449,0.0,0.00015
8413,0,0.10921,0.0025,0.00015
8414,0,0.22818,0.0025,0.00019
8415,0,0.02366,0.0125,0.00039
8416,0,0.46824,0.015,0.00047
8417,0,0.01504,0.0,7e-05
8418,0,0.0361,0.0025,7e-05
8419,0,0.15847,0.0025,0.00225
8420,0,0.06053,0.0,0.00018
8421,0,0.08558,0.0,0.00016
8422,0,0.0445,0.0025,5e-05
8423,0,0.62767,0.2675,0.0008
8424,0,0.25809,0.0,0.00035
8425,0,0.10033,0.005,0.00043
8426,0,0.15285,0.0025,9e-05
8427,0,0.13759,0.0,0.00015
8428,0,0.41393,0.0,0.00023
8429,0,0.13179,0.0175,0.00017
8430,0,0.26266,0.0025,9e-05
8431,0,0.62595,0.3275,0.01754
8432,0,0.41223,0.0175,0.00015
8433,0,0.21219,0.0,0.00013
8434,0,0.54282,0.005,0.00022
8435,0,0.03584,0.0325,0.00039
8436,0,0.10778,0.0375,0.00052
8437,0,0.47949,0.445,0.04428
8438,1,0.86095,0.8225,0.97209
8439,0,0.25324,0.0325,0.00152
8440,0,0.18168,0.02,0.00316
8441,0,0.15893,0.0425,0.00039
8442,0,0.00442,0.0,3e-05
8443,0,0.01065,0.0,6e-05
8444,0,0.00672,0.0,4e-05
8445,0,0.00471,0.0025,4e-05
8446,0,0.00568,0.0,3e-05
8447,0,0.01842,0.0,0.00055
8448,0,0.06521,0.0225,0.00116
8449,0,0.01392,0.0,0.00015
8450,0,0.00623,0.0425,0.00082
8451,0,0.05211,0.0025,4e-05
8452,0,0.01384,0.0,0.00081
8453,0,0.00666,0.0,9e-05
8454,0,0.01665,0.0,0.00014
8455,0,0.01968,0.0,5e-05
8456,0,0.33569,0.095,0.00245
8457,0,0.02397,0.0,0.00015
8458,0,0.02732,0.0,0.00057
8459,0,0.01079,0.0025,7e-05
8460,0,0.00681,0.0075,0.00019
8461,0,0.19246,0.0275,0.00154
8462,0,0.03256,0.0075,0.0001
8463,0,0.05069,0.0025,0.00037
8464,0,0.02593,0.065,0.00165
8465,0,0.00421,0.0025,4e-05
8466,0,0.01668,0.0025,0.0001
8467,0,0.01746,0.0,0.00011
8468,0,0.01417,0.0325,0.00084
8469,0,0.01103,0.0,5e-05
8470,0,0.51118,0.285,0.09363
8471,0,0.01563,0.0,0.00016
8472,0,0.0303,0.03,0.00044
8473,0,0.07924,0.0,0.00063
8474,0,0.03206,0.0025,7e-05
8475,0,0.08746,0.0,0.00022
8476,0,0.03186,0.0025,0.00014
8477,0,0.01639,0.0,0.0002
8478,0,0.01329,0.0,4e-05
8479,0,0.54571,0.065,0.0013
8480,0,0.03404,0.0025,0.0001
8481,0,0.01644,0.0025,0.00066
8482,0,0.00579,0.0175,0.00096
8483,0,0.04149,0.0,0.00032
8484,0,0.02282,0.0,4e-05
8485,0,0.21719,0.01,0.00102
8486,0,0.22926,0.0025,0.00075
8487,0,0.05544,0.0,5e-05
8488,0,0.25141,0.0,0.00066
8489,0,0.05328,0.01,0.0003
8490,0,0.21065,0.0,0.0003
8491,0,0.59429,0.0425,0.00096
8492,0,0.11322,0.0025,0.00016
8493,0,0.05101,0.0,8e-05
8494,0,0.04599,0.0,8e-05
8495,0,0.04906,0.0,0.0001
8496,0,0.01949,0.005,0.00026
8497,0,0.0204,0.0075,0.00037
8498,0,0.01497,0.0,5e-05
8499,0,0.0424,0.0,0.00035
8500,0,0.03978,0.04,0.00098
8501,0,0.07421,0.07,0.00092
8502,0,0.05176,0.0,0.00014
8503,0,0.26019,0.1175,8e-05
8504,0,0.09708,0.0,0.00074
8505,0,0.06216,0.0,0.00019
8506,0,0.08946,0.01,0.00019
8507,1,0.0413,0.0,0.00023
8508,0,0.11995,0.0125,0.00065
8509,0,0.08713,0.01,0.00017
8510,0,0.0463,0.0125,0.00029
8511,0,0.23197,0.0025,0.00052
8512,0,0.21633,0.0125,0.0005
8513,0,0.05959,0.005,0.00017
8514,0,0.03745,0.01,0.0001
8515,0,0.38442,0.0,0.00011
8516,0,0.27019,0.01,0.00021
8517,0,0.02637,0.02,0.00029
8518,0,0.77402,0.035,0.00512
8519,0,0.03005,0.06,0.00583
8520,0,0.21629,0.0075,0.00123
8521,0,0.72236,0.0075,0.00087
8522,0,0.47354,0.3925,0.06909
8523,0,0.00221,0.0,0.0
8524,0,0.01961,0.0,1e-05
8525,0,0.04888,0.0,4e-05
8526,0,0.07689,0.0125,4e-05
8527,0,0.10822,0.0175,5e-05
8528,0,0.01337,0.005,8e-05
8529,0,0.00901,0.0,0.00013
8530,0,0.09531,0.0075,0.00029
8531,0,0.00678,0.0,0.00018
8532,0,0.07367,0.0,0.00011
8533,0,0.15815,0.02,0.00034
8534,0,0.01778,0.0,6e-05
8535,0,0.01587,0.0,0.0001
8536,0,0.10757,0.0,9e-05
8537,0,0.03513,0.01,0.00038
8538,0,0.02566,0.0,0.0001
8539,0,0.0273,0.0,9e-05
8540,0,0.03277,0.0,9e-05
8541,0,0.01468,0.0,0.00012
8542,0,0.00851,0.0075,0.00069
8543,0,0.00738,0.0,4e-05
8544,0,0.05773,0.0,0.00022
8545,0,0.03167,0.0,2e-05
8546,0,0.03439,0.005,7e-05
8547,0,0.02031,0.035,0.00052
8548,0,0.00248,0.0075,0.00016
8549,0,0.03862,0.0,0.0001
8550,0,0.03248,0.0,3e-05
8551,0,0.10896,0.0025,0.0001
8552,0,0.1612,0.0025,0.0004
8553,0,0.10319,0.0,8e-05
8554,0,0.10319,0.0025,1e-05
8555,0,0.02849,0.0,3e-05
8556,0,0.06632,0.0,8e-05
8557,0,0.05991,0.0,7e-05
8558,0,0.26642,0.0,0.0003
8559,0,0.05682,0.0,9e-05
8560,0,0.08952,0.0,5e-05
8561,0,0.11365,0.005,0.00013
8562,0,0.04116,0.015,0.00043
8563,0,0.26876,0.0,0.00011
8564,0,0.03212,0.0,4e-05
8565,0,0.01493,0.0025,0.00011
8566,0,0.02912,0.0,8e-05
8567,0,0.02673,0.0,2e-05
8568,0,0.30355,0.0,0.00025
8569,0,0.05339,0.0,5e-05
8570,0,0.06148,0.0,7e-05
8571,0,0.02639,0.0,0.0001
8572,0,0.32156,0.2575,0.08098
8573,0,0.03973,0.0,6e-05
8574,0,0.05216,0.0,9e-05
8575,0,0.61459,0.015,0.00063
8576,0,0.02807,0.0,0.00012
8577,0,0.12107,0.0,9e-05
8578,0,0.22271,0.0,9e-05
8579,0,0.12501,0.0025,6e-05
8580,0,0.02819,0.0,2e-05
8581,0,0.06438,0.0,0.00056
8582,0,0.21358,0.0025,0.00016
8583,1,0.98062,0.655,0.97114
8584,0,0.05306,0.0125,0.00018
8585,0,0.31847,0.0,0.00012
8586,0,0.20741,0.0175,0.0001
8587,0,0.04216,0.0,0.00018
8588,0,0.09829,0.0,3e-05
8589,0,0.17284,0.01,0.00022
8590,0,0.65039,0.0,3e-05
8591,0,0.13766,0.0,0.00018
8592,0,0.13662,0.0,4e-05
8593,0,0.24146,0.0,0.00023
8594,0,0.09323,0.0,3e-05
8595,0,0.55343,0.015,0.0003
8596,0,0.06967,0.0,6e-05
8597,0,0.73333,0.605,0.47029
8598,0,0.38847,0.01,0.00018
8599,0,0.27719,0.0,7e-05
8600,0,0.19338,0.005,0.00015
8601,0,0.13367,0.01,0.00037
8602,0,0.20418,0.05,0.00135
8603,0,0.28151,0.035,0.00443
8604,0,0.38389,0.245,0.02089
8605,0,0.49168,0.6625,0.5476
8606,0,0.19862,0.095,0.00316
8607,0,0.11915,0.11,0.00666
8608,0,0.68557,0.625,0.62823
8609,1,0.53013,0.65,0.49568
8610,1,0.22953,0.1775,0.00622
8611,0,0.0175,0.0,2e-05
8612,0,0.03769,0.0075,3e-05
8613,0,0.02692,0.0,3e-05
8614,0,0.04302,0.005,6e-05
8615,0,0.01803,0.0,1e-05
8616,0,0.025,0.0025,3e-05
8617,0,0.01917,0.0,5e-05
8618,0,0.08025,0.0,0.00012
8619,0,0.01167,0.0,6e-05
8620,0,0.00927,0.0025,5e-05
8621,0,0.03018,0.0,5e-05
8622,0,0.13733,0.0025,0.00014
8623,0,0.02527,0.0025,6e-05
8624,0,0.05207,0.0,5e-05
8625,0,0.01348,0.0,2e-05
8626,0,0.01976,0.0,2e-05
8627,0,0.11214,0.0125,0.00035
8628,0,0.02799,0.005,0.00033
8629,0,0.03495,0.0,2e-05
8630,0,0.02057,0.0,4e-05
8631,0,0.36589,0.0125,0.00037
8632,0,0.0085,0.0,3e-05
8633,0,0.0277,0.0,8e-05
8634,0,0.17453,0.01,0.00026
8635,0,0.03375,0.0075,0.00015
8636,0,0.01232,0.0125,0.00013
8637,0,0.01487,0.005,7e-05
8638,0,0.0223,0.0,4e-05
8639,0,0.03369,0.0,2e-05
8640,0,0.38208,0.02,0.00054
8641,0,0.06935,0.0,0.00017
8642,0,0.05215,0.0025,0.00051
8643,0,0.03799,0.0,2e-05
8644,0,0.48052,0.0025,0.00022
8645,0,0.01385,0.0,0.00023
8646,0,0.0117,0.0,6e-05
8647,0,0.10316,0.0,4e-05
8648,0,0.04916,0.0,8e-05
8649,0,0.12098,0.0,0.00013
8650,0,0.65959,0.28,0.01157
8651,0,0.01982,0.0,7e-05
8652,0,0.02465,0.0,3e-05
8653,0,0.0391,0.0,4e-05
8654,0,0.48179,0.0475,0.00041
8655,0,0.13249,0.0,0.00014
8656,0,0.55286,0.0725,0.00589
8657,0,0.01897,0.0,0.00016
8658,0,0.13838,0.0025,0.00028
8659,0,0.02865,0.0,9e-05
8660,0,0.54743,0.01,7e-05
8661,0,0.18502,0.01,0.0002
8662,0,0.06836,0.0,3e-05
8663,0,0.04293,0.0,0.0001
8664,0,0.03365,0.0,4e-05
8665,0,0.5519,0.0325,0.00011
8666,0,0.25665,0.0125,0.00028
8667,0,0.076,0.0025,0.00011
8668,0,0.15713,0.0025,0.00014
8669,0,0.29511,0.0,4e-05
8670,0,0.50362,0.0025,0.00039
8671,0,0.0183,0.0,0.00038
8672,0,0.08001,0.0,6e-05
8673,0,0.18424,0.0075,0.0001
8674,0,0.19257,0.0,8e-05
8675,0,0.00781,0.005,0.00455
8676,0,0.03037,0.0075,3e-05
8677,0,0.17657,0.0,7e-05
8678,0,0.03329,0.0375,0.00087
8679,0,0.32786,0.0,0.0001
8680,0,0.76758,0.01,0.00151
8681,0,0.10346,0.0,0.0001
8682,0,0.03487,0.0,5e-05
8683,0,0.11497,0.005,0.00022
8684,0,0.38352,0.0,0.00049
8685,0,0.30898,0.0,0.00018
8686,0,0.17396,0.0,3e-05
8687,0,0.03601,0.0,5e-05
8688,0,0.09962,0.03,0.00214
8689,0,0.46434,0.07,0.00576
8690,0,0.24576,0.08,0.00753
8691,1,0.08225,0.17,0.01466
8692,0,0.00678,0.0,2e-05
8693,0,0.00337,0.0,2e-05
8694,0,0.01703,0.0,2e-05
8695,0,0.00529,0.0,2e-05
8696,0,0.02117,0.0,2e-05
8697,0,0.05216,0.0025,8e-05
8698,0,0.00299,0.0,1e-05
8699,0,0.0191,0.05,0.00262
8700,0,0.00849,0.0,1e-05
8701,0,0.0156,0.0025,4e-05
8702,0,0.00516,0.0,4e-05
8703,0,0.00359,0.0,2e-05
8704,0,0.02068,0.01,0.0001
8705,0,0.0075,0.0025,4e-05
8706,0,0.16025,0.005,7e-05
8707,0,0.07583,0.005,4e-05
8708,0,0.02321,0.0,0.0002
8709,0,0.10641,0.0,0.00011
8710,0,0.01198,0.0,3e-05
8711,0,0.02235,0.0,3e-05
8712,0,0.0114,0.0,0.0001
8713,0,0.01431,0.0,6e-05
8714,0,0.02336,0.0025,0.00011
8715,0,0.01207,0.0,9e-05
8716,0,0.00542,0.0025,7e-05
8717,0,0.01244,0.0,1e-05
8718,0,0.02404,0.0,0.00012
8719,0,0.02066,0.0,3e-05
8720,0,0.02968,0.0,4e-05
8721,0,0.01767,0.0,3e-05
8722,0,0.01333,0.0,2e-05
8723,0,0.09364,0.005,5e-05
8724,0,0.01468,0.0,2e-05
8725,0,0.01886,0.0,2e-05
8726,0,0.03363,0.0,2e-05
8727,0,0.0124,0.0,4e-05
8728,0,0.02256,0.0,3e-05
8729,0,0.00409,0.0,4e-05
8730,0,0.19833,0.0025,7e-05
8731,0,0.01053,0.0,2e-05
8732,0,0.07621,0.0,6e-05
8733,0,0.02667,0.005,0.00017
8734,0,0.05481,0.0,0.00011
8735,0,0.02647,0.0025,0.00011
8736,0,0.07363,0.0025,0.00017
8737,0,0.04385,0.0,3e-05
8738,0,0.04243,0.0,6e-05
8739,0,0.02826,0.0,0.00013
8740,0,0.0101,0.005,0.00016
8741,0,0.01842,0.0,4e-05
8742,0,0.09911,0.0,8e-05
8743,0,0.03175,0.0,0.00019
8744,0,0.09534,0.015,9e-05
8745,0,0.0149,0.0,6e-05
8746,0,0.13715,0.0,0.00031
8747,0,0.26221,0.0,7e-05
8748,0,0.12662,0.0,6e-05
8749,0,0.03195,0.01,0.00041
8750,0,0.01806,0.01,0.00023
8751,0,0.13107,0.0,7e-05
8752,0,0.07068,0.0,3e-05
8753,0,0.74424,0.0125,0.00024
8754,0,0.06375,0.0,4e-05
8755,0,0.0436,0.0,0.00013
8756,0,0.02307,0.0025,5e-05
8757,0,0.06005,0.0075,0.00023
8758,0,0.0704,0.0,4e-05
8759,0,0.56246,0.0125,8e-05
8760,0,0.36253,0.005,0.00016
8761,0,0.14264,0.0,0.00019
8762,0,0.39267,0.0025,0.00011
8763,0,0.04584,0.0075,7e-05
8764,0,0.15125,0.0,0.00017
8765,0,0.08066,0.0,4e-05
8766,0,0.25003,0.0525,0.00054
8767,0,0.39434,0.095,0.00067
8768,0,0.61882,0.33,0.00902
8769,0,0.50228,0.0575,0.00197
8770,0,0.1177,0.0,0.00046
8771,0,0.18067,0.0625,0.00163
8772,0,0.19663,0.0275,0.00138
8773,0,0.0029,0.0,3e-05
8774,0,0.01597,0.0,1e-05
8775,0,0.05286,0.005,8e-05
8776,0,0.00667,0.0,2e-05
8777,0,0.07131,0.0075,3e-05
8778,0,0.00538,0.0,1e-05
8779,0,0.03316,0.0025,9e-05
8780,0,0.04291,0.0025,5e-05
8781,0,0.03638,0.015,3e-05
8782,0,0.05353,0.0,3e-05
8783,0,0.03408,0.0,4e-05
8784,0,0.00557,0.0075,4e-05
8785,0,0.02186,0.0,7e-05
8786,0,0.00574,0.0,4e-05
8787,0,0.04655,0.0,5e-05
8788,0,0.00902,0.0,5e-05
8789,0,0.12617,0.015,8e-05
8790,0,0.04416,0.0,0.00012
8791,0,0.02352,0.0,6e-05
8792,0,0.02364,0.0,5e-05
8793,0,0.1583,0.005,0.00012
8794,0,0.01296,0.0,8e-05
8795,0,0.00858,0.0,5e-05
8796,0,0.0178,0.0,4e-05
8797,0,0.01027,0.0,3e-05
8798,0,0.00755,0.0,5e-05
8799,0,0.11101,0.0,4e-05
8800,0,0.03287,0.0,3e-05
8801,0,0.13239,0.0075,0.00052
8802,0,0.01268,0.0,2e-05
8803,0,0.07436,0.0,6e-05
8804,0,0.21207,0.0,0.00025
8805,0,0.24493,0.1725,0.00043
8806,0,0.03816,0.0,3e-05
8807,0,0.0679,0.0,6e-05
8808,0,0.01449,0.0,2e-05
8809,0,0.14966,0.0,9e-05
8810,0,0.08127,0.0,7e-05
8811,0,0.01873,0.0,7e-05
8812,0,0.03147,0.0,7e-05
8813,0,0.01623,0.005,0.00054
8814,0,0.02322,0.0,4e-05
8815,0,0.34369,0.005,0.00089
8816,0,0.41643,0.0125,0.00038
8817,0,0.06886,0.0,0.00014
8818,0,0.21641,0.0025,3e-05
8819,0,0.19077,0.0025,0.00011
8820,0,0.07181,0.0025,3e-05
8821,0,0.08385,0.0,7e-05
8822,0,0.02338,0.0,7e-05
8823,0,0.31607,0.005,0.00037
8824,0,0.60538,0.1375,0.00897
8825,0,0.0192,0.0,0.00016
8826,0,0.10289,0.0,6e-05
8827,0,0.20887,0.0025,0.0001
8828,0,0.34311,0.0075,0.00053
8829,0,0.06035,0.0,0.00012
8830,0,0.0814,0.005,2e-05
8831,0,0.05271,0.0,8e-05
8832,0,0.02339,0.005,2e-05
8833,0,0.10802,0.0075,0.00013
8834,0,0.15253,0.0,0.00012
8835,0,0.29563,0.0,0.00016
8836,0,0.23527,0.025,9e-05
8837,0,0.04946,0.005,0.00237
8838,0,0.07167,0.0125,0.00015
8839,0,0.41846,0.0525,0.00012
8840,0,0.02314,0.005,0.00033
8841,0,0.074,0.005,7e-05
8842,0,0.10843,0.0025,4e-05
8843,0,0.27372,0.0,0.0001
8844,0,0.09042,0.0,4e-05
8845,0,0.04635,0.0,5e-05
8846,0,0.74952,0.33,0.12377
8847,1,0.84995,0.6225,0.85858
8848,0,0.01367,0.0,1e-05
8849,0,0.01202,0.0,7e-05
8850,0,0.00283,0.0,3e-05
8851,0,0.02216,0.0,1e-05
8852,0,0.0059,0.0,1e-05
8853,0,0.02853,0.0,1e-05
8854,0,0.01186,0.0,3e-05
8855,0,0.00652,0.0,6e-05
8856,0,0.00434,0.0,0.00011
8857,0,0.37528,0.545,0.02589
8858,0,0.00548,0.0025,4e-05
8859,0,0.00405,0.0,0.00016
8860,0,0.03177,0.0,5e-05
8861,0,0.00658,0.0,2e-05
8862,0,0.01462,0.0,2e-05
8863,0,0.03477,0.0,3e-05
8864,0,0.0133,0.0,3e-05
8865,0,0.00957,0.0,2e-05
8866,0,0.03292,0.0075,6e-05
8867,0,0.00746,0.0025,6e-05
8868,0,0.07839,0.0025,4e-05
8869,0,0.08232,0.0,5e-05
8870,0,0.02085,0.0,3e-05
8871,0,0.04249,0.0,3e-05
8872,0,0.03004,0.0,3e-05
8873,0,0.04058,0.0,3e-05
8874,0,0.01142,0.0,6e-05
8875,0,0.05847,0.0075,0.00023
8876,0,0.05808,0.005,8e-05
8877,0,0.00684,0.0,0.0001
8878,0,0.08142,0.0,5e-05
8879,0,0.03525,0.0,2e-05
8880,0,0.04213,0.0,1e-05
8881,0,0.02416,0.0,3e-05
8882,0,0.02038,0.0,6e-05
8883,0,0.12529,0.005,9e-05
8884,0,0.0247,0.0,9e-05
8885,0,0.01189,0.0,5e-05
8886,0,0.03203,0.0,0.00011
8887,0,0.06079,0.0,2e-05
8888,0,0.03968,0.0,0.00026
8889,0,0.04049,0.0,5e-05
8890,0,0.08165,0.0025,0.00046
8891,0,0.05021,0.0,4e-05
8892,0,0.01468,0.0,0.00016
8893,0,0.10568,0.0,9e-05
8894,0,0.07965,0.0025,0.00015
8895,0,0.03634,0.0,6e-05
8896,0,0.03431,0.0,4e-05
8897,0,0.03857,0.0,2e-05
8898,0,0.03304,0.0,6e-05
8899,0,0.07344,0.0,3e-05
8900,0,0.02271,0.015,0.00018
8901,0,0.00757,0.0,2e-05
8902,0,0.3786,0.01,0.00011
8903,0,0.24803,0.0,0.0001
8904,0,0.19622,0.0125,9e-05
8905,0,0.11885,0.0,0.00014
8906,0,0.57988,0.0125,0.00012
8907,0,0.05336,0.0,9e-05
8908,0,0.06351,0.0,7e-05
8909,0,0.29398,0.005,9e-05
8910,0,0.13599,0.0,8e-05
8911,0,0.07936,0.0,3e-05
8912,0,0.0415,0.0,0.00015
8913,0,0.17306,0.0,0.00013
8914,0,0.31815,0.0,5e-05
8915,0,0.56941,0.025,0.00018
8916,0,0.65395,0.0225,0.00053
8917,0,0.45142,0.195,0.02923
8918,0,0.09178,0.0,0.00031
8919,0,0.50763,0.045,0.00041
8920,0,0.0609,0.0,0.00047
8921,0,0.43949,0.0,0.00013
8922,0,0.14097,0.0025,7e-05
8923,0,0.13548,0.0175,0.00028
8924,0,0.09612,0.02,0.00021
8925,0,0.23222,0.0025,4e-05
8926,0,0.13165,0.12,0.00625
8927,1,0.92582,0.3575,0.6822
8928,0,0.06322,0.0275,0.00237
8929,0,0.3635,0.1875,0.01496
8930,0,0.20972,0.1375,0.00287
8931,0,0.02361,0.0,1e-05
8932,0,0.0076,0.0025,2e-05
8933,0,0.02781,0.0,3e-05
8934,0,0.02241,0.0025,2e-05
8935,0,0.01591,0.0025,0.0001
8936,0,0.01304,0.0,1e-05
8937,0,0.02038,0.0,2e-05
8938,0,0.04896,0.0025,7e-05
8939,0,0.01765,0.0,6e-05
8940,0,0.01889,0.0025,0.0001
8941,0,0.00401,0.0025,9e-05
8942,0,0.00454,0.0,1e-05
8943,0,0.05924,0.05,0.00081
8944,0,0.02526,0.0,8e-05
8945,0,0.01014,0.0025,7e-05
8946,0,0.02359,0.0,2e-05
8947,0,0.01266,0.0,5e-05
8948,0,0.0078,0.01,7e-05
8949,0,0.02783,0.0,4e-05
8950,0,0.34681,0.05,0.00022
8951,0,0.15427,0.0075,0.00018
8952,0,0.02875,0.0,4e-05
8953,0,0.03581,0.0,4e-05
8954,0,0.01693,0.0025,7e-05
8955,0,0.18555,0.0,0.00011
8956,0,0.21316,0.0025,6e-05
8957,0,0.39642,0.0075,0.00014
8958,0,0.23748,0.005,0.00031
8959,0,0.01773,0.0,6e-05
8960,0,0.10292,0.0025,0.00017
8961,0,0.02366,0.0,0.0001
8962,0,0.05137,0.0025,0.00012
8963,0,0.01837,0.0025,3e-05
8964,0,0.01912,0.0,2e-05
8965,0,0.08312,0.0,0.00014
8966,0,0.14473,0.0,4e-05
8967,0,0.02118,0.0,5e-05
8968,0,0.10271,0.0,0.00014
8969,0,0.3718,0.0025,0.00064
8970,0,0.20411,0.0075,0.0003
8971,0,0.08129,0.0,0.00021
8972,0,0.02719,0.0,0.00021
8973,0,0.2929,0.0,8e-05
8974,0,0.50541,0.01,9e-05
8975,0,0.10259,0.0,0.0001
8976,0,0.06133,0.01,0.00035
8977,0,0.0342,0.0,0.0001
8978,0,0.01078,0.0,4e-05
8979,0,0.16381,0.0,0.00024
8980,0,0.1468,0.0175,0.00015
8981,0,0.20551,0.0,9e-05
8982,0,0.09863,0.0,9e-05
8983,0,0.70276,0.085,0.00451
8984,0,0.11451,0.03,0.00024
8985,0,0.87222,0.265,0.05974
8986,0,0.32045,0.0,5e-05
8987,0,0.1262,0.0,5e-05
8988,0,0.08919,0.0,0.00017
8989,0,0.08021,0.0,0.00012
8990,0,0.43943,0.0025,4e-05
8991,0,0.09752,0.0,0.00015
8992,0,0.02266,0.0,3e-05
8993,0,0.02438,0.0,6e-05
8994,0,0.19919,0.0,6e-05
8995,0,0.09262,0.0,0.0001
8996,0,0.26734,0.0,9e-05
8997,0,0.11822,0.0,8e-05
8998,0,0.22167,0.0,6e-05
8999,0,0.18426,0.0,3e-05
9000,0,0.12907,0.0,8e-05
9001,0,0.42256,0.0,0.00013
9002,0,0.15204,0.0,7e-05
9003,0,0.08824,0.0025,0.00038
9004,0,0.30799,0.0325,0.00035
9005,0,0.06359,0.0025,0.00023
9006,0,0.81868,0.2675,0.03036
9007,0,0.16285,0.0025,0.00019
9008,0,0.29589,0.0275,0.00035
9009,0,0.19104,0.005,0.00015
9010,0,0.14678,0.0075,0.00014
9011,0,0.15093,0.0025,0.00032
9012,0,0.10724,0.0125,0.00028
9013,0,0.0657,0.14,0.01492
9014,0,0.15777,0.065,0.00408
9015,1,0.86156,0.575,0.96313
9016,1,0.65195,0.24,0.03803
9017,1,0.72627,0.6375,0.75151
9018,0,0.58134,0.21,0.07408
9019,1,0.26336,0.07,0.00943
9020,0,0.00877,0.0025,1e-05
9021,0,0.00515,0.0,1e-05
9022,0,0.00494,0.0,1e-05
9023,0,0.10266,0.0025,3e-05
9024,0,0.01389,0.0,1e-05
9025,0,0.01779,0.0025,6e-05
9026,0,0.00397,0.0,4e-05
9027,0,0.0042,0.0075,5e-05
9028,0,0.01969,0.0025,7e-05
9029,0,0.05995,0.0075,0.00036
9030,0,0.01284,0.0,3e-05
9031,0,0.01378,0.0025,7e-05
9032,0,0.00424,0.0,2e-05
9033,0,0.01223,0.0,0.0004
9034,0,0.01112,0.0025,0.00014
9035,0,0.13186,0.0,8e-05
9036,0,0.01043,0.0,4e-05
9037,0,0.01965,0.0,5e-05
9038,0,0.03102,0.0,0.00018
9039,0,0.1957,0.14,0.00333
9040,0,0.06042,0.005,3e-05
9041,0,0.02383,0.0,5e-05
9042,0,0.46987,0.2925,0.0192
9043,0,0.01034,0.0,2e-05
9044,0,0.00689,0.0075,0.0005
9045,0,0.01085,0.005,0.0001
9046,0,0.02613,0.0,3e-05
9047,0,0.01028,0.0,6e-05
9048,0,0.01449,0.0,0.0001
9049,0,0.0879,0.0025,0.00015
9050,0,0.01217,0.0,6e-05
9051,0,0.00499,0.0,4e-05
9052,0,0.01712,0.0,0.00017
9053,0,0.01391,0.0,4e-05
9054,0,0.01784,0.0,4e-05
9055,0,0.02638,0.0,6e-05
9056,0,0.01734,0.0,1e-05
9057,0,0.04046,0.0,0.00012
9058,0,0.05546,0.0,7e-05
9059,0,0.27147,0.0325,0.0001
9060,0,0.03499,0.0,5e-05
9061,0,0.08862,0.0025,0.00017
9062,0,0.03603,0.0,5e-05
9063,0,0.04312,0.0,8e-05
9064,0,0.02551,0.0025,0.00017
9065,0,0.03907,0.0,0.00014
9066,0,0.11889,0.005,6e-05
9067,0,0.03613,0.0,5e-05
9068,0,0.48574,0.0075,0.00027
9069,0,0.07552,0.0,2e-05
9070,0,0.0158,0.0,8e-05
9071,0,0.12798,0.01,5e-05
9072,0,0.58967,0.015,0.00014
9073,0,0.03329,0.0,6e-05
9074,0,0.07812,0.005,0.00018
9075,0,0.17147,0.0,8e-05
9076,0,0.04982,0.0025,0.00012
9077,0,0.23545,0.0,7e-05
9078,0,0.05859,0.0,0.0002
9079,0,0.10769,0.0025,0.00024
9080,0,0.20969,0.0,5e-05
9081,0,0.1452,0.045,0.00076
9082,0,0.06907,0.0075,0.00011
9083,0,0.26997,0.085,0.00012
9084,0,0.07617,0.0,0.00013
9085,1,0.99571,0.8625,0.96881
9086,0,0.50103,0.0375,0.00155
9087,0,0.23071,0.0,0.00033
9088,0,0.06297,0.005,0.00015
9089,0,0.03553,0.005,0.00046
9090,0,0.19327,0.0,0.00058
9091,0,0.12977,0.0,6e-05
9092,0,0.22119,0.005,5e-05
9093,0,0.12403,0.0025,0.00018
9094,0,0.10445,0.005,8e-05
9095,0,0.85251,0.33,0.17269
9096,0,0.47793,0.04,0.00433
9097,0,0.19252,0.055,0.01027
9098,0,0.35847,0.2175,0.18076
9099,0,0.11413,0.01,0.00012
9100,0,0.13681,0.01,9e-05
9101,0,0.21529,0.01,0.00038
9102,0,0.00431,0.0,3e-05
9103,0,0.01113,0.0,2e-05
9104,0,0.01893,0.0025,7e-05
9105,0,0.14096,0.0025,0.00034
9106,0,0.01924,0.0,3e-05
9107,0,0.00801,0.0,4e-05
9108,0,0.00669,0.0,5e-05
9109,0,0.00625,0.0,3e-05
9110,0,0.01854,0.0,3e-05
9111,0,0.04959,0.0,6e-05
9112,0,0.07852,0.0025,7e-05
9113,0,0.00917,0.0,3e-05
9114,0,0.01774,0.0,3e-05
9115,0,0.01413,0.0,7e-05
9116,0,0.07224,0.0025,5e-05
9117,0,0.01177,0.0,3e-05
9118,0,0.06849,0.0,6e-05
9119,0,0.06548,0.0,2e-05
9120,0,0.00995,0.0,4e-05
9121,0,0.02955,0.0025,3e-05
9122,0,0.05486,0.0075,0.00027
9123,0,0.08567,0.0,7e-05
9124,0,0.04362,0.0,4e-05
9125,0,0.18928,0.0025,8e-05
9126,0,0.01769,0.0,5e-05
9127,0,0.03312,0.0,5e-05
9128,0,0.01975,0.0,0.00019
9129,0,0.07817,0.0,9e-05
9130,0,0.01923,0.0,5e-05
9131,0,0.01704,0.0,4e-05
9132,0,0.09914,0.0,7e-05
9133,0,0.12478,0.0,3e-05
9134,0,0.15724,0.0,9e-05
9135,0,0.03252,0.0,8e-05
9136,0,0.12204,0.0,5e-05
9137,0,0.02891,0.0,9e-05
9138,0,0.03209,0.0,0.00019
9139,0,0.03522,0.0,8e-05
9140,0,0.04773,0.0,3e-05
9141,0,0.01796,0.0025,0.00056
9142,0,0.06493,0.0,9e-05
9143,0,0.10038,0.0,6e-05
9144,0,0.09722,0.0,7e-05
9145,0,0.04977,0.0,8e-05
9146,0,0.0902,0.0,3e-05
9147,0,0.09369,0.0,7e-05
9148,0,0.02135,0.0,0.00024
9149,0,0.03872,0.0,9e-05
9150,0,0.27152,0.0,7e-05
9151,0,0.4588,0.01,0.0001
9152,0,0.15301,0.0,4e-05
9153,0,0.18847,0.0225,6e-05
9154,0,0.03733,0.0,6e-05
9155,0,0.08295,0.0,3e-05
9156,0,0.62038,0.015,0.00037
9157,0,0.48853,0.005,0.00011
9158,0,0.62763,0.0025,7e-05
9159,0,0.23844,0.0,8e-05
9160,0,0.03376,0.0,2e-05
9161,0,0.02345,0.005,4e-05
9162,0,0.02941,0.0,9e-05
9163,0,0.07923,0.0,4e-05
9164,0,0.31715,0.0,0.00013
9165,0,0.6313,0.42,0.0284
9166,0,0.8781,0.555,0.03002
9167,0,0.5298,0.0125,0.00016
9168,0,0.04045,0.005,9e-05
9169,0,0.08733,0.01,0.00028
9170,0,0.18583,0.0,9e-05
9171,0,0.45141,0.005,0.0003
9172,0,0.1684,0.0125,0.00011
9173,0,0.0586,0.0875,0.00175
9174,0,0.06668,0.0025,0.00019
9175,1,0.22455,0.0025,0.00018
9176,1,0.61786,0.5275,0.8347
9177,0,0.01802,0.0,3e-05
9178,0,0.02732,0.0,1e-05
9179,0,0.14041,0.02,6e-05
9180,0,0.01413,0.01,3e-05
9181,0,0.00734,0.0,1e-05
9182,0,0.00656,0.0,5e-05
9183,0,0.06542,0.0,0.0001
9184,0,0.01097,0.0,5e-05
9185,0,0.03524,0.0,3e-05
9186,0,0.11073,0.0,4e-05
9187,0,0.00459,0.0075,0.00018
9188,0,0.03038,0.0,6e-05
9189,0,0.02005,0.0,2e-05
9190,0,0.00749,0.0,2e-05
9191,0,0.00693,0.0,0.0001
9192,0,0.01764,0.0,4e-05
9193,0,0.01635,0.0,5e-05
9194,0,0.02603,0.0,3e-05
9195,0,0.0117,0.0,8e-05
9196,0,0.01716,0.0,4e-05
9197,0,0.0436,0.0,4e-05
9198,0,0.12572,0.005,0.00011
9199,0,0.02037,0.0,3e-05
9200,0,0.01345,0.0,2e-05
9201,0,0.01046,0.0,2e-05
9202,0,0.04127,0.0025,6e-05
9203,0,0.02471,0.0,2e-05
9204,0,0.02199,0.0,2e-05
9205,0,0.04646,0.0,4e-05
9206,0,0.01376,0.0,3e-05
9207,0,0.11155,0.0,5e-05
9208,0,0.10857,0.005,0.00021
9209,0,0.02239,0.0025,0.00016
9210,0,0.31413,0.0225,0.00011
9211,0,0.3552,0.1475,0.30184
9212,0,0.12269,0.0,8e-05
9213,0,0.3364,0.0125,0.00027
9214,0,0.04634,0.0,3e-05
9215,0,0.02966,0.0,6e-05
9216,0,0.04092,0.0,9e-05
9217,0,0.05777,0.0,5e-05
9218,0,0.22039,0.0075,0.0002
9219,0,0.14741,0.0,7e-05
9220,0,0.36614,0.0,9e-05
9221,0,0.35587,0.0075,0.00015
9222,0,0.02128,0.0,4e-05
9223,0,0.04182,0.0,4e-05
9224,0,0.05208,0.0,6e-05
9225,0,0.17973,0.0,9e-05
9226,0,0.02776,0.0,0.00016
9227,0,0.03417,0.0,0.00013
9228,0,0.14537,0.0,0.0001
9229,0,0.05299,0.005,0.00011
9230,0,0.05824,0.0,0.00032
9231,0,0.08439,0.0,8e-05
9232,0,0.06168,0.0,6e-05
9233,0,0.33489,0.0,0.00012
9234,0,0.13837,0.0075,0.0001
9235,0,0.05171,0.0025,0.00066
9236,0,0.05874,0.0,6e-05
9237,0,0.03432,0.0,0.00026
9238,0,0.062,0.0025,0.00011
9239,0,0.10174,0.0075,0.00022
9240,0,0.47387,0.0,0.00028
9241,0,0.28101,0.0025,0.00013
9242,0,0.0759,0.045,0.00265
9243,0,0.73346,0.1525,0.00065
9244,0,0.57667,0.01,0.0002
9245,0,0.14822,0.0475,0.00018
9246,0,0.0791,0.17,0.00551
9247,0,0.24657,0.115,0.01389
9248,0,0.14535,0.0,0.00018
9249,0,0.11153,0.0175,0.00012
9250,0,0.14315,0.0,0.00019
9251,0,0.10572,0.0175,8e-05
9252,0,0.04913,0.0875,0.00105
9253,0,0.08656,0.0025,0.00014
9254,0,0.20623,0.0,0.00011
9255,0,0.09823,0.005,0.00011
9256,0,0.13266,0.0,9e-05
9257,0,0.13406,0.0225,0.00033
9258,0,0.75697,0.23,0.1639
9259,0,0.00811,0.0025,2e-05
9260,0,0.0047,0.0,1e-05
9261,0,0.27606,0.0275,5e-05
9262,0,0.007,0.0,1e-05
9263,0,0.03364,0.0025,9e-05
9264,0,0.05626,0.0,5e-05
9265,0,0.01096,0.0,0.0001
9266,0,0.05871,0.0,0.00013
9267,0,0.00814,0.0,3e-05
9268,0,0.34158,0.0075,0.00029
9269,0,0.02086,0.0,3e-05
9270,0,0.55249,0.23,0.00418
9271,0,0.40782,0.0225,0.00197
9272,0,0.03629,0.0,2e-05
9273,0,0.2374,0.01,0.00017
9274,0,0.01127,0.0225,7e-05
9275,0,0.45295,0.0,0.00061
9276,0,0.00869,0.0,5e-05
9277,0,0.02326,0.0,4e-05
9278,0,0.16161,0.0025,9e-05
9279,0,0.0538,0.005,4e-05
9280,0,0.00828,0.0,5e-05
9281,0,0.03788,0.0,6e-05
9282,0,0.03089,0.0075,8e-05
9283,0,0.03441,0.0,0.00012
9284,0,0.02754,0.0,6e-05
9285,0,0.04417,0.0,4e-05
9286,0,0.09348,0.0,9e-05
9287,0,0.02528,0.0,4e-05
9288,0,0.02287,0.0,0.00015
9289,0,0.46368,0.0,0.00015
9290,0,0.0543,0.0,0.00013
9291,0,0.06494,0.005,0.00013
9292,0,0.53166,0.01,0.0003
9293,0,0.05311,0.0,7e-05
9294,0,0.02078,0.0,0.0001
9295,0,0.01249,0.0,7e-05
9296,0,0.12471,0.0025,0.0002
9297,0,0.0393,0.0,2e-05
9298,0,0.09574,0.0075,0.00018
9299,0,0.15386,0.0,0.0001
9300,0,0.13454,0.005,0.00019
9301,0,0.04222,0.005,0.00025
9302,0,0.3348,0.0,0.00014
9303,0,0.03284,0.0,0.00065
9304,0,0.06337,0.0,5e-05
9305,0,0.21985,0.0,7e-05
9306,0,0.01951,0.0,6e-05
9307,0,0.06188,0.0,0.00015
9308,0,0.32264,0.0,0.00012
9309,0,0.29285,0.0,0.00044
9310,0,0.09895,0.0,0.00011
9311,0,0.17852,0.0,9e-05
9312,0,0.26519,0.0,0.00018
9313,0,0.0264,0.0,5e-05
9314,0,0.1668,0.0,0.00028
9315,0,0.04146,0.0,9e-05
9316,0,0.25743,0.0,0.00053
9317,0,0.05951,0.0,0.0004
9318,0,0.08145,0.0025,0.00057
9319,0,0.10839,0.02,0.00074
9320,0,0.08926,0.0,0.00042
9321,0,0.12397,0.0025,0.00058
9322,0,0.50137,0.015,0.00018
9323,0,0.09147,0.0,0.0001
9324,0,0.11265,0.0,0.00012
9325,0,0.14952,0.0,0.0001
9326,0,0.19485,0.0175,0.00025
9327,0,0.1334,0.0,6e-05
9328,0,0.05993,0.0,0.00012
9329,0,0.20128,0.02,6e-05
9330,0,0.23986,0.0,0.00012
9331,0,0.09544,0.015,0.00013
9332,0,0.17463,0.01,0.00038
9333,0,0.1759,0.02,0.00036
9334,0,0.24483,0.0425,0.00822
9335,0,0.32418,0.145,0.0571
9336,0,0.8245,0.15,0.01269
9337,0,0.39737,0.0475,0.00134
9338,0,0.24928,0.0825,0.00525
9339,0,0.03977,0.06,0.0005
9340,0,0.53609,0.2125,0.01434
9341,0,0.01577,0.0,4e-05
9342,0,0.01763,0.0,5e-05
9343,0,0.01066,0.0,3e-05
9344,0,0.07247,0.0025,6e-05
9345,0,0.01624,0.0,5e-05
9346,0,0.07832,0.0,0.00016
9347,0,0.06375,0.0025,4e-05
9348,0,0.0163,0.005,0.00032
9349,0,0.13781,0.0075,9e-05
9350,0,0.02353,0.0,2e-05
9351,0,0.10675,0.055,0.0004
9352,0,0.01411,0.0,5e-05
9353,0,0.02762,0.0,4e-05
9354,0,0.02082,0.0075,0.00011
9355,0,0.00817,0.0,6e-05
9356,0,0.01366,0.0,4e-05
9357,0,0.08763,0.0125,0.00011
9358,0,0.00327,0.0,4e-05
9359,0,0.05891,0.0,0.00019
9360,0,0.27496,0.0,4e-05
9361,0,0.09251,0.0,3e-05
9362,0,0.02378,0.0,7e-05
9363,0,0.03861,0.0,6e-05
9364,0,0.01383,0.0,2e-05
9365,0,0.01962,0.0,0.00012
9366,0,0.14404,0.0025,0.0001
9367,0,0.22451,0.0025,0.00011
9368,0,0.11692,0.0,0.0001
9369,0,0.04009,0.0,4e-05
9370,0,0.02322,0.0025,6e-05
9371,0,0.23314,0.0025,9e-05
9372,0,0.10592,0.0025,0.0001
9373,0,0.07254,0.0,5e-05
9374,0,0.12029,0.0,0.00024
9375,0,0.0997,0.0,0.0001
9376,0,0.0464,0.005,4e-05
9377,0,0.01778,0.0,0.00023
9378,0,0.05975,0.0,3e-05
9379,0,0.10262,0.0,0.00012
9380,0,0.23502,0.0025,0.00017
9381,0,0.16116,0.0,0.00014
9382,0,0.09683,0.0,3e-05
9383,0,0.0569,0.0,5e-05
9384,0,0.06978,0.005,1e-05
9385,0,0.60539,0.0275,0.00048
9386,0,0.07533,0.0,0.00011
9387,0,0.05764,0.0,0.00015
9388,0,0.37997,0.01,0.0001
9389,0,0.1035,0.0,9e-05
9390,0,0.52196,0.0125,9e-05
9391,0,0.1478,0.0,6e-05
9392,0,0.09758,0.0,0.00038
9393,0,0.30405,0.0,9e-05
9394,0,0.16363,0.0,4e-05
9395,0,0.47697,0.0525,8e-05
9396,0,0.16125,0.0025,4e-05
9397,0,0.54848,0.0,0.00012
9398,0,0.55278,0.015,5e-05
9399,0,0.17646,0.0,2e-05
9400,0,0.41935,0.0025,9e-05
9401,0,0.27857,0.0025,0.00012
9402,0,0.04686,0.0075,0.00014
9403,0,0.25774,0.0025,0.00014
9404,0,0.12839,0.02,0.00335
9405,0,0.20445,0.0025,0.00119
9406,0,0.60602,0.0,0.00035
9407,0,0.34166,0.015,0.00054
9408,0,0.67827,0.025,0.00234
9409,0,0.15883,0.0,8e-05
9410,0,0.10086,0.0,0.00091
9411,0,0.13415,0.05,0.00109
9412,0,0.45034,0.055,0.0093
9413,0,0.12145,0.04,0.01575
9414,0,0.42695,0.1,0.02028
9415,1,0.75378,0.8825,0.97333
9416,0,0.01067,0.0,0.00011
9417,0,0.05373,0.0025,3e-05
9418,0,0.03757,0.0,3e-05
9419,0,0.06213,0.0025,0.00013
9420,0,0.02004,0.0,6e-05
9421,0,0.03549,0.0,0.0001
9422,0,0.17743,0.02,0.00043
9423,0,0.01275,0.005,0.00013
9424,0,0.01798,0.0,0.0004
9425,0,0.00746,0.0,6e-05
9426,0,0.03747,0.01,0.00016
9427,0,0.21191,0.0075,8e-05
9428,0,0.01202,0.0,4e-05
9429,0,0.03275,0.0,1e-05
9430,0,0.01362,0.0,1e-05
9431,0,0.01284,0.005,2e-05
9432,0,0.53667,0.035,0.00045
9433,0,0.09327,0.0,3e-05
9434,0,0.18384,0.0125,0.00037
9435,0,0.02689,0.0,4e-05
9436,0,0.18049,0.0025,9e-05
9437,0,0.06271,0.0,6e-05
9438,0,0.08343,0.0,2e-05
9439,0,0.2175,0.005,0.00013
9440,0,0.11528,0.0,6e-05
9441,0,0.22725,0.0075,0.00019
9442,0,0.05359,0.0,5e-05
9443,0,0.08605,0.0025,0.0001
9444,0,0.26497,0.01,5e-05
9445,0,0.06336,0.1425,0.00217
9446,0,0.09088,0.005,6e-05
9447,0,0.25123,0.0125,0.00012
9448,0,0.09771,0.0,6e-05
9449,0,0.06171,0.0,0.0001
9450,0,0.04072,0.0,9e-05
9451,0,0.08848,0.0075,4e-05
9452,0,0.06062,0.0,9e-05
9453,0,0.34012,0.0,0.00018
9454,0,0.45186,0.0125,0.00125
9455,0,0.05608,0.0,6e-05
9456,0,0.08054,0.0,0.00026
9457,0,0.05619,0.0,6e-05
9458,0,0.01377,0.0075,0.00029
9459,0,0.04979,0.005,0.00042
9460,0,0.09359,0.0,5e-05
9461,0,0.09136,0.0225,0.0011
9462,0,0.14047,0.0125,0.00047
9463,0,0.17962,0.0,9e-05
9464,0,0.06279,0.0,0.0001
9465,0,0.35163,0.005,0.00026
9466,0,0.14447,0.0,8e-05
9467,0,0.42127,0.0,0.00015
9468,0,0.05648,0.0325,0.00461
9469,0,0.64343,0.0175,0.00028
9470,0,0.17239,0.015,0.0001
9471,0,0.20613,0.0025,0.00026
9472,0,0.07416,0.0,0.0003
9473,0,0.24201,0.0,0.00011
9474,0,0.10095,0.0075,0.0001
9475,0,0.24741,0.0,0.00016
9476,0,0.25957,0.0,7e-05
9477,0,0.11448,0.0,0.0001
9478,0,0.16748,0.0275,8e-05
9479,0,0.14856,0.055,0.00102
9480,0,0.07788,0.0025,4e-05
9481,0,0.20336,0.0025,0.00028
9482,0,0.53057,0.0125,0.00035
9483,0,0.63606,0.0325,0.00039
9484,0,0.08657,0.0,4e-05
9485,0,0.23612,0.065,0.00016
9486,0,0.15976,0.0,0.00018
9487,0,0.44838,0.005,0.00023
9488,0,0.42782,0.01,0.00134
9489,0,0.12519,0.06,0.00121
9490,0,0.1837,0.1725,0.03564
9491,0,0.28189,0.15,0.04345
9492,0,0.19869,0.0225,0.00161
9493,0,0.28192,0.05,0.00439
9494,1,0.88026,0.785,0.92467
9495,0,0.40812,0.095,0.00334
9496,0,0.21306,0.33,0.02949
9497,0,0.50662,0.2775,0.37715
9498,0,0.00686,0.055,0.0009
9499,0,0.00573,0.0,1e-05
9500,0,0.0156,0.0,3e-05
9501,0,0.01113,0.005,3e-05
9502,0,0.04245,0.0025,0.00032
9503,0,0.15023,0.0025,0.00013
9504,0,0.05837,0.0025,0.00033
9505,0,0.05066,0.0025,0.00071
9506,0,0.01063,0.0,0.0001
9507,0,0.02535,0.0,3e-05
9508,0,0.01617,0.0,8e-05
9509,0,0.02523,0.0,7e-05
9510,0,0.01549,0.0,6e-05
9511,0,0.03391,0.0,4e-05
9512,0,0.0145,0.0075,0.0001
9513,0,0.02849,0.0,0.0001
9514,0,0.0084,0.0,2e-05
9515,0,0.05047,0.005,0.00123
9516,0,0.00873,0.0,0.0001
9517,0,0.16948,0.02,0.00016
9518,0,0.02784,0.0,7e-05
9519,0,0.08535,0.0,5e-05
9520,0,0.01635,0.0,8e-05
9521,0,0.07167,0.045,0.00066
9522,0,0.0191,0.0,6e-05
9523,0,0.0151,0.0025,2e-05
9524,0,0.03729,0.005,0.00011
9525,0,0.0034,0.0,0.00016
9526,0,0.02715,0.0,0.00013
9527,0,0.27148,0.0175,0.00047
9528,0,0.13721,0.0,0.00011
9529,0,0.18059,0.0575,0.00049
9530,0,0.13439,0.0,0.00029
9531,0,0.19496,0.01,0.00011
9532,0,0.07638,0.0025,0.00016
9533,0,0.09793,0.0175,0.00016
9534,0,0.02241,0.0025,9e-05
9535,0,0.08926,0.0,0.00012
9536,0,0.01204,0.0025,7e-05
9537,0,0.04186,0.0,0.00156
9538,0,0.03759,0.0,5e-05
9539,0,0.12293,0.0,5e-05
9540,0,0.12604,0.0025,0.00012
9541,0,0.11875,0.0025,3e-05
9542,0,0.05726,0.005,4e-05
9543,0,0.03298,0.0,0.00048
9544,0,0.08669,0.0025,0.00022
9545,0,0.05448,0.0025,9e-05
9546,0,0.02196,0.0,0.00011
9547,0,0.16599,0.0025,7e-05
9548,0,0.03989,0.0,3e-05
9549,0,0.03391,0.0,5e-05
9550,0,0.04869,0.0,4e-05
9551,0,0.07325,0.0025,0.00013
9552,0,0.18434,0.01,0.00016
9553,0,0.08565,0.0,4e-05
9554,0,0.06481,0.01,0.00012
9555,0,0.13029,0.0,8e-05
9556,0,0.01294,0.0,4e-05
9557,0,0.20873,0.0275,0.00041
9558,0,0.07104,0.0,7e-05
9559,0,0.03841,0.0,6e-05
9560,0,0.07849,0.0,0.00013
9561,0,0.17593,0.0,0.00029
9562,0,0.11988,0.01,0.00062
9563,0,0.3971,0.0,0.00013
9564,0,0.03324,0.0,7e-05
9565,0,0.07455,0.0,0.00015
9566,0,0.06437,0.0,0.00028
9567,0,0.12806,0.0025,0.00018
9568,0,0.1243,0.0,0.0001
9569,0,0.21102,0.0,0.00015
9570,0,0.08152,0.02,0.00134
9571,0,0.33994,0.0775,0.00132
9572,0,0.16832,0.0,0.00017
9573,0,0.25482,0.005,0.00045
9574,0,0.18789,0.0,0.00024
9575,0,0.26914,0.005,7e-05
9576,0,0.13602,0.0225,0.00112
9577,1,0.19539,0.055,0.00419
9578,0,0.02258,0.0375,0.00026
9579,0,0.02743,0.0,4e-05
9580,0,0.0059,0.0,1e-05
9581,0,0.19489,0.0425,0.00015
9582,0,0.12229,0.0025,4e-05
9583,0,0.02391,0.0225,6e-05
9584,0,0.16777,0.055,0.00057
9585,0,0.02631,0.0,0.00011
9586,0,0.03263,0.0025,8e-05
9587,0,0.13225,0.015,0.0001
9588,0,0.0098,0.0,8e-05
9589,0,0.03841,0.02,8e-05
9590,0,0.03033,0.0,7e-05
9591,0,0.04536,0.01,9e-05
9592,0,0.01931,0.0025,7e-05
9593,0,0.03702,0.0325,0.00046
9594,0,0.11821,0.0325,0.00069
9595,0,0.01205,0.0,6e-05
9596,0,0.09964,0.0425,0.00054
9597,0,0.04278,0.0,6e-05
9598,0,0.01602,0.0,5e-05
9599,0,0.02875,0.0,4e-05
9600,0,0.01026,0.0,5e-05
9601,0,0.11671,0.0,0.00044
9602,0,0.04553,0.01,0.00021
9603,0,0.03417,0.0025,8e-05
9604,0,0.03552,0.0,7e-05
9605,0,0.05295,0.0,4e-05
9606,0,0.01336,0.0,0.0001
9607,0,0.04343,0.0,0.00112
9608,0,0.03093,0.0,2e-05
9609,0,0.0384,0.0,7e-05
9610,0,0.03762,0.0,8e-05
9611,0,0.06718,0.0,0.00021
9612,0,0.04025,0.0,0.00015
9613,0,0.0143,0.0,7e-05
9614,1,0.75296,0.285,0.34306
9615,0,0.04735,0.0025,0.00038
9616,0,0.06715,0.0,4e-05
9617,0,0.05209,0.0,0.00024
9618,0,0.02172,0.0,8e-05
9619,0,0.07211,0.0,0.00018
9620,0,0.1562,0.005,0.00025
9621,0,0.17892,0.0,0.00019
9622,0,0.06713,0.0,4e-05
9623,0,0.05426,0.0025,0.0002
9624,0,0.09268,0.0125,0.00042
9625,0,0.04926,0.0,5e-05
9626,0,0.23774,0.0,6e-05
9627,0,0.57726,0.0425,0.00031
9628,0,0.02257,0.0,3e-05
9629,0,0.02738,0.0,3e-05
9630,0,0.09891,0.0,7e-05
9631,0,0.07131,0.0,5e-05
9632,0,0.11085,0.0075,0.00016
9633,0,0.57103,0.0175,0.00028
9634,0,0.04986,0.0,0.00012
9635,0,0.58517,0.0075,0.00038
9636,0,0.07396,0.0,0.00016
9637,0,0.16862,0.0,9e-05
9638,0,0.07536,0.0,7e-05
9639,0,0.08881,0.005,0.00015
9640,0,0.05987,0.0225,0.00097
9641,0,0.07597,0.0,0.00017
9642,0,0.5796,0.06,0.00069
9643,0,0.20315,0.025,0.0006
9644,0,0.19596,0.0,0.0001
9645,0,0.10561,0.0,0.00014
9646,0,0.10586,0.015,0.00045
9647,0,0.06288,0.0,6e-05
9648,0,0.45571,0.0,0.00017
9649,0,0.12342,0.0,0.00037
9650,0,0.1113,0.0,4e-05
9651,0,0.12164,0.005,0.00098
9652,0,0.13307,0.0,7e-05
9653,0,0.38715,0.0,0.00027
9654,1,0.79227,0.6525,0.46801
9655,1,0.80599,0.9625,0.98653
9656,0,0.45659,0.075,0.0008
9657,0,0.13064,0.0275,0.00051
9658,0,0.18083,0.025,0.00059
9659,0,0.12562,0.0525,0.0038
9660,1,0.90275,0.9025,0.99453
9661,0,0.16199,0.2525,0.00492
9662,0,0.35435,0.0675,0.00468
9663,0,0.05313,0.355,0.14305
9664,1,0.67117,0.47,0.54251
9665,1,0.72035,0.845,0.98405
9666,0,0.18582,0.3975,0.06264
9667,0,0.10706,0.155,0.04172
9668,1,0.47045,0.69,0.87466
9669,0,0.28269,0.1625,0.07807
9670,0,0.14363,0.1375,0.06149
9671,0,0.21612,0.1175,0.04469
9672,0,0.35809,0.215,0.10905
9673,0,0.00925,0.0,1e-05
9674,0,0.00748,0.0,4e-05
9675,0,0.00854,0.0,2e-05
9676,0,0.08072,0.0475,0.0001
9677,0,0.00649,0.0,1e-05
9678,0,0.01748,0.0,0.0001
9679,0,0.00581,0.0,0.00029
9680,0,0.01016,0.0,6e-05
9681,0,0.02216,0.0,0.00023
9682,0,0.01799,0.0075,0.0003
9683,0,0.03876,0.005,0.0002
9684,0,0.13951,0.015,0.00017
9685,0,0.06774,0.0625,0.00105
9686,0,0.04022,0.01,0.00013
9687,0,0.0281,0.0,9e-05
9688,0,0.01143,0.0,2e-05
9689,0,0.02664,0.015,0.00024
9690,0,0.4351,0.145,0.0025
9691,0,0.00772,0.0,4e-05
9692,0,0.00864,0.0,2e-05
9693,0,0.00978,0.0,5e-05
9694,0,0.01405,0.0025,0.00031
9695,0,0.01148,0.0,6e-05
9696,0,0.01259,0.0,6e-05
9697,0,0.0123,0.0075,0.00018
9698,0,0.04125,0.0025,0.00044
9699,0,0.01187,0.0875,0.0007
9700,0,0.01587,0.0,0.00014
9701,0,0.18118,0.005,0.0001
9702,0,0.06642,0.0,0.0001
9703,0,0.01829,0.0,8e-05
9704,0,0.04653,0.0275,0.00037
9705,0,0.09768,0.005,4e-05
9706,0,0.04941,0.0,0.00011
9707,0,0.0204,0.0,5e-05
9708,0,0.05896,0.0,0.00012
9709,0,0.01801,0.01,0.00022
9710,0,0.00984,0.0,0.00012
9711,0,0.67003,0.23,0.00208
9712,0,0.0336,0.0,7e-05
9713,0,0.16888,0.005,0.00033
9714,0,0.17401,0.0,0.00014
9715,0,0.02577,0.0,0.00034
9716,0,0.48147,0.0875,0.00038
9717,0,0.04086,0.08,0.0004
9718,0,0.18549,0.0,0.0001
9719,0,0.04481,0.0,0.00013
9720,0,0.40766,0.0425,0.00076
9721,0,0.35674,0.01,0.00028
9722,0,0.08043,0.0,0.00019
9723,0,0.0327,0.0025,0.00059
9724,0,0.05465,0.0,9e-05
9725,0,0.13347,0.02,0.00043
9726,0,0.01521,0.005,0.00012
9727,0,0.08412,0.0,0.00015
9728,0,0.07122,0.0025,0.00018
9729,0,0.05081,0.0025,0.00012
9730,0,0.05393,0.3325,0.52141
9731,0,0.05488,0.0,0.00012
9732,0,0.28629,0.005,0.00026
9733,0,0.40209,0.025,0.00426
9734,0,0.08642,0.0,0.00028
9735,0,0.11419,0.0,4e-05
9736,0,0.33428,0.005,0.00019
9737,0,0.66318,0.0175,0.00013
9738,0,0.11595,0.035,0.00032
9739,0,0.11488,0.0,0.00017
9740,0,0.28342,0.0,0.0001
9741,0,0.06359,0.0,4e-05
9742,0,0.23331,0.0,0.0001
9743,0,0.17983,0.0,3e-05
9744,0,0.32678,0.0,0.00012
9745,0,0.1211,0.0025,0.0001
9746,0,0.07396,0.0,9e-05
9747,0,0.19784,0.0075,0.00039
9748,0,0.46554,0.0,0.00042
9749,0,0.0964,0.0025,0.00026
9750,0,0.25785,0.0525,8e-05
9751,0,0.0458,0.0025,8e-05
9752,0,0.04255,0.02,0.03038
9753,0,0.06191,0.005,0.00074
9754,0,0.13341,0.0075,0.00169
9755,0,0.05805,0.0225,0.00539
9756,0,0.07834,0.1125,0.00088
9757,0,0.19862,0.05,0.00259
9758,0,0.0528,0.0275,0.0063
9759,1,0.60076,0.1175,0.01334
9760,0,0.01515,0.0,4e-05
9761,0,0.06206,0.0,3e-05
9762,0,0.0031,0.0,4e-05
9763,0,0.01079,0.005,4e-05
9764,0,0.00309,0.0,3e-05
9765,1,0.61007,0.65,0.21265
9766,0,0.01169,0.0,3e-05
9767,0,0.01411,0.0025,4e-05
9768,0,0.01155,0.0,8e-05
9769,0,0.01832,0.0,4e-05
9770,0,0.05487,0.0,0.00035
9771,0,0.00407,0.0,2e-05
9772,0,0.0929,0.005,0.00028
9773,0,0.01133,0.0,4e-05
9774,0,0.02934,0.0,9e-05
9775,0,0.00722,0.015,0.0001
9776,0,0.00632,0.005,0.00027
9777,0,0.17629,0.0,0.00035
9778,0,0.39073,0.015,0.00052
9779,0,0.08575,0.0175,9e-05
9780,0,0.01318,0.0,4e-05
9781,0,0.08777,0.015,0.00016
9782,0,0.02772,0.01,0.00017
9783,0,0.06804,0.005,0.00019
9784,0,0.04153,0.0125,9e-05
9785,0,0.11519,0.005,0.0003
9786,0,0.01466,0.0,6e-05
9787,0,0.01376,0.01,0.00012
9788,0,0.1591,0.0025,0.00016
9789,0,0.05018,0.0,8e-05
9790,0,0.02326,0.0,0.00043
9791,0,0.10205,0.0,0.00013
9792,0,0.02843,0.0,5e-05
9793,0,0.02993,0.0,4e-05
9794,0,0.07899,0.01,0.00022
9795,0,0.04209,0.0,5e-05
9796,0,0.04613,0.0,9e-05
9797,0,0.0368,0.0,2e-05
9798,0,0.02729,0.0,7e-05
9799,0,0.17639,0.0,0.00034
9800,0,0.03284,0.0,0.0001
9801,0,0.24527,0.005,0.00032
9802,0,0.21226,0.0,0.00012
9803,0,0.04352,0.005,6e-05
9804,0,0.07071,0.005,9e-05
9805,0,0.17201,0.0,9e-05
9806,0,0.03245,0.0025,0.00052
9807,0,0.89797,0.2675,0.01243
9808,0,0.68193,0.0125,0.00033
9809,0,0.14745,0.0,4e-05
9810,0,0.25253,0.0,4e-05
9811,0,0.16867,0.0,6e-05
9812,0,0.06732,0.0,8e-05
9813,0,0.16237,0.0,0.00019
9814,0,0.52271,0.01,9e-05
9815,0,0.06555,0.0,8e-05
9816,0,0.20084,0.0025,8e-05
9817,0,0.09137,0.0,0.00019
9818,0,0.13194,0.0,0.00018
9819,0,0.18864,0.015,0.00157
9820,0,0.05766,0.0225,0.0003
9821,0,0.09856,0.0,7e-05
9822,0,0.32576,0.01,0.00011
9823,1,0.9081,0.585,0.96518
9824,0,0.31049,0.0075,0.00019
9825,0,0.16946,0.005,0.00012
9826,0,0.13279,0.0075,0.00032
9827,0,0.59976,0.2575,0.02798
9828,0,0.77546,0.1225,0.01681
9829,0,0.52265,0.22,0.03139
9830,0,0.14141,0.0575,0.00631
9831,1,0.73863,0.775,0.94654
9832,0,0.1345,0.0875,0.00705
9833,0,0.38372,0.1125,0.01823
9834,0,0.29075,0.3275,0.04494
9835,0,0.00636,0.0,6e-05
9836,0,0.01242,0.0,9e-05
9837,0,0.09502,0.0125,9e-05
9838,0,0.03662,0.0075,7e-05
9839,0,0.03719,0.0075,8e-05
9840,0,0.15604,0.0025,0.00023
9841,0,0.01961,0.0,4e-05
9842,0,0.06147,0.0025,6e-05
9843,0,0.04709,0.0025,0.0002
9844,0,0.12038,0.01,6e-05
9845,0,0.00591,0.0,1e-05
9846,0,0.07429,0.0,0.00016
9847,0,0.3853,0.0225,0.00032
9848,0,0.03832,0.0025,0.00018
9849,0,0.0489,0.0025,4e-05
9850,0,0.16522,0.2275,0.00663
9851,0,0.00659,0.0,7e-05
9852,0,0.01472,0.0,5e-05
9853,0,0.09412,0.0075,0.00029
9854,0,0.02984,0.0,8e-05
9855,0,0.02306,0.015,0.00013
9856,0,0.03294,0.0,9e-05
9857,0,0.06609,0.0,0.00022
9858,0,0.22513,0.0,0.00018
9859,0,0.01212,0.0,0.00048
9860,0,0.0156,0.0,3e-05
9861,0,0.01532,0.0025,2e-05
9862,0,0.01359,0.0025,0.00011
9863,0,0.07619,0.0325,0.00463
9864,0,0.54072,0.025,0.0009
9865,0,0.0186,0.0,8e-05
9866,0,0.38347,0.27,0.42686
9867,0,0.05038,0.0,8e-05
9868,0,0.07865,0.0025,0.00114
9869,0,0.02615,0.0,9e-05
9870,0,0.01755,0.0,7e-05
9871,0,0.05781,0.0025,0.0001
9872,0,0.04752,0.0,8e-05
9873,0,0.29009,0.0175,0.00046
9874,0,0.08768,0.0,7e-05
9875,0,0.08006,0.0025,0.00012
9876,0,0.15047,0.005,0.00036
9877,0,0.60703,0.0125,0.00153
9878,0,0.70422,0.01,0.00078
9879,0,0.54435,0.0175,0.00028
9880,0,0.04509,0.0,5e-05
9881,0,0.04839,0.0025,0.00019
9882,0,0.06808,0.0,0.0002
9883,0,0.05861,0.0,0.00049
9884,0,0.07873,0.0,2e-05
9885,0,0.07108,0.0,0.00014
9886,0,0.01977,0.0025,0.00108
9887,0,0.08042,0.07,0.00153
9888,0,0.13693,0.0025,0.00058
9889,0,0.05291,0.0,0.00012
9890,0,0.11262,0.0,5e-05
9891,0,0.12882,0.0,5e-05
9892,0,0.29803,0.005,0.00025
9893,0,0.27089,0.0,0.00016
9894,0,0.4397,0.015,5e-05
9895,0,0.11498,0.0,5e-05
9896,0,0.72329,0.02,0.00122
9897,0,0.16456,0.0025,8e-05
9898,0,0.30065,0.03,0.00017
9899,0,0.25458,0.0,0.00044
9900,0,0.07934,0.0,0.00022
9901,0,0.14842,0.0,0.00016
9902,0,0.51507,0.0125,0.00029
9903,0,0.22191,0.0375,0.00033
9904,0,0.38789,0.01,0.0004
9905,0,0.16526,0.0075,0.00099
9906,0,0.54448,0.015,0.00072
9907,0,0.27811,0.15,0.00673
9908,0,0.37972,0.0025,0.00032
9909,0,0.09456,0.005,4e-05
9910,0,0.01079,0.0,2e-05
9911,0,0.06852,0.0,4e-05
9912,0,0.01805,0.0,2e-05
9913,0,0.32713,0.0475,0.00033
9914,0,0.00752,0.0,3e-05
9915,0,0.01349,0.0,6e-05
9916,0,0.00745,0.0,8e-05
9917,0,0.01244,0.0,0.00012
9918,0,0.01657,0.0,8e-05
9919,0,0.31647,0.0075,0.00038
9920,0,0.36516,0.02,0.00078
9921,0,0.04431,0.0,0.00011
9922,0,0.04669,0.0,0.00016
9923,0,0.03482,0.0,0.0001
9924,0,0.02297,0.0,2e-05
9925,0,0.30735,0.0175,0.0002
9926,0,0.06096,0.015,0.00031
9927,0,0.0175,0.0025,6e-05
9928,0,0.03895,0.0,3e-05
9929,0,0.00499,0.005,8e-05
9930,0,0.02814,0.0,4e-05
9931,0,0.1671,0.0,0.00013
9932,0,0.18387,0.005,0.00021
9933,0,0.03095,0.0125,0.00011
9934,0,0.03568,0.0,3e-05
9935,0,0.18362,0.0,4e-05
9936,0,0.35451,0.005,0.0003
9937,0,0.01454,0.0,0.00022
9938,0,0.36954,0.0,6e-05
9939,0,0.04323,0.0,0.00011
9940,0,0.84367,0.6825,0.35655
9941,0,0.05511,0.0025,6e-05
9942,0,0.13151,0.0025,0.00017
9943,0,0.40731,0.015,0.00024
9944,0,0.04211,0.0,0.0003
9945,0,0.334,0.0075,0.00035
9946,0,0.18634,0.0,0.00023
9947,0,0.26771,0.0,0.00013
9948,0,0.07969,0.0,8e-05
9949,0,0.10358,0.0,0.0004
9950,0,0.63578,0.015,0.00022
9951,0,0.75953,0.0075,0.00023
9952,0,0.87145,0.02,0.00223
9953,0,0.39777,0.0025,0.00021
9954,0,0.12536,0.0,8e-05
9955,0,0.16619,0.0,9e-05
9956,0,0.09514,0.0,0.00021
9957,0,0.11178,0.0,9e-05
9958,0,0.1431,0.0,5e-05
9959,0,0.09651,0.0025,0.00022
9960,0,0.44786,0.0025,0.00013
9961,0,0.19545,0.0,7e-05
9962,0,0.8172,0.0225,0.0002
9963,0,0.6339,0.0025,0.00024
9964,0,0.16834,0.0025,0.00015
9965,0,0.15482,0.0075,0.00289
9966,0,0.15381,0.02,0.00316
9967,0,0.37137,0.0,9e-05
9968,0,0.12913,0.0,7e-05
9969,0,0.15291,0.0,7e-05
9970,0,0.82074,0.0025,0.00029
9971,0,0.23934,0.005,7e-05
9972,0,0.63204,0.0,7e-05
9973,0,0.75822,0.025,0.00047
9974,0,0.23759,0.0025,0.0001
9975,1,0.99267,0.64,0.99203
9976,0,0.19356,0.005,0.00033
9977,0,0.16283,0.0725,0.00223
9978,0,0.21816,0.0025,0.00015
9979,0,0.70693,0.005,0.00024
9980,0,0.57193,0.1,0.00192
9981,0,0.33147,0.0,0.00023
9982,0,0.43748,0.035,0.00066
9983,0,0.70262,0.005,0.00032
9984,0,0.24535,0.0,0.00066
9985,0,0.29958,0.0,0.00044
9986,0,0.27292,0.07,0.00238
9987,0,0.45878,0.0025,0.00063
9988,0,0.23922,0.0275,0.00376
9989,0,0.2105,0.095,0.00116
9990,0,0.01067,0.0,8e-05
9991,0,0.02548,0.0,6e-05
9992,0,0.02807,0.0,8e-05
9993,0,0.03484,0.0,6e-05
9994,0,0.1058,0.0,0.00011
9995,0,0.01231,0.0,7e-05
9996,0,0.00977,0.0,2e-05
9997,0,0.02255,0.0,3e-05
9998,0,0.03931,0.0,4e-05
9999,0,0.12548,0.02,0.00017
10000,0,0.04191,0.0,0.00011
