udi,machine_failure,"ML, raw features (HGB)",Rules only,ML + physics (LogReg),ML + physics (RandomForest),ML + physics (HGB),Hybrid: rules + HGB (physics)
1,0,7e-05,0.0,0.00578,0.0,2e-05,2e-05
2,0,2e-05,0.0,0.03701,0.0,7e-05,7e-05
3,0,7e-05,0.0,0.04561,0.0025,3e-05,3e-05
4,0,3e-05,0.0,0.01132,0.0025,2e-05,2e-05
5,0,3e-05,0.0,0.01307,0.0,2e-05,2e-05
6,0,3e-05,0.0,0.0137,0.0,3e-05,3e-05
7,0,1e-05,0.0,0.01123,0.0,1e-05,1e-05
8,0,5e-05,0.0,0.01057,0.0,2e-05,2e-05
9,0,0.0001,0.0,0.00206,0.0,3e-05,3e-05
10,0,9e-05,0.0,0.00155,0.0,2e-05,2e-05
11,0,1e-05,0.0,0.00236,0.0,1e-05,1e-05
12,0,0.00031,0.0,0.01694,0.0025,0.00011,0.00011
13,0,8e-05,0.0,0.1451,0.0,5e-05,5e-05
14,0,4e-05,0.0,0.00296,0.0,3e-05,3e-05
15,0,9e-05,0.0,0.01096,0.0025,5e-05,5e-05
16,0,0.00012,0.0,0.04424,0.005,5e-05,5e-05
17,0,0.00012,0.0,0.07319,0.0,6e-05,6e-05
18,0,0.00011,0.0,0.05258,0.0025,7e-05,7e-05
19,0,4e-05,0.0,0.38241,0.0,1e-05,1e-05
20,0,3e-05,0.0,0.00519,0.0,1e-05,1e-05
21,0,0.00027,0.0,0.04372,0.0,0.0001,0.0001
22,0,0.00021,0.0,0.06137,0.0,3e-05,3e-05
23,0,3e-05,0.0,0.00663,0.0,1e-05,1e-05
24,0,0.0001,0.0,0.01074,0.0,5e-05,5e-05
25,0,4e-05,0.0,0.01446,0.0,1e-05,1e-05
26,0,0.00623,0.0,0.01255,0.0025,7e-05,7e-05
27,0,0.00017,0.0,0.02903,0.0,4e-05,4e-05
28,0,1e-05,0.0,0.01204,0.0,1e-05,1e-05
29,0,0.0004,0.0,0.08752,0.0375,0.00022,0.00022
30,0,0.00021,0.0,0.01327,0.0,2e-05,2e-05
31,0,0.00037,0.0,0.21234,0.0,4e-05,4e-05
32,0,0.00023,0.0,0.01661,0.0,5e-05,5e-05
33,0,0.00065,0.0,0.19484,0.0,0.00012,0.00012
34,0,0.00012,0.0,0.01863,0.0025,3e-05,3e-05
35,0,2e-05,0.0,0.01971,0.0,1e-05,1e-05
36,0,0.00029,0.0,0.13075,0.005,6e-05,6e-05
37,0,0.00011,0.0,0.02533,0.0,1e-05,1e-05
38,0,0.00037,0.0,0.07032,0.0,4e-05,4e-05
39,0,7e-05,0.0,0.25316,0.0025,3e-05,3e-05
40,0,0.00021,0.0,0.55309,0.0,2e-05,2e-05
41,0,0.00047,0.0,0.21592,0.0,3e-05,3e-05
42,0,0.00012,0.0,0.44447,0.0025,6e-05,6e-05
43,0,0.00012,0.0,0.31542,0.0,5e-05,5e-05
44,0,0.00016,0.0,0.29081,0.005,2e-05,2e-05
45,0,0.00011,0.0,0.14544,0.0,4e-05,4e-05
46,0,6e-05,0.0,0.22565,0.0,2e-05,2e-05
47,0,5e-05,0.0,0.04172,0.0,2e-05,2e-05
48,0,0.00022,0.0,0.26655,0.0025,3e-05,3e-05
49,0,0.00042,0.0,0.34757,0.005,3e-05,3e-05
50,0,0.00016,0.0,0.18959,0.0025,2e-05,2e-05
51,1,0.79564,1.0,0.99998,0.9925,0.97662,1.0
52,0,9e-05,0.0,0.69078,0.0,1e-05,1e-05
53,0,6e-05,0.0,0.13992,0.0,1e-05,1e-05
54,0,8e-05,0.0,0.08912,0.0,4e-05,4e-05
55,0,0.00016,0.0,0.07848,0.0,6e-05,6e-05
56,0,0.0001,0.0,0.16624,0.0,1e-05,1e-05
57,0,0.00012,0.0,0.21946,0.0,1e-05,1e-05
58,0,7e-05,0.0,0.15013,0.0,1e-05,1e-05
59,0,0.00038,0.0,0.06226,0.005,2e-05,2e-05
60,0,0.00026,0.0,0.71943,0.0025,1e-05,1e-05
61,0,0.00013,0.0,0.64252,0.0,5e-05,5e-05
62,0,5e-05,0.0,0.10472,0.0,3e-05,3e-05
63,0,0.00028,0.0,0.19595,0.0025,0.0001,0.0001
64,0,0.0003,0.0,0.13265,0.0525,0.00047,0.00047
65,0,5e-05,0.0,0.19193,0.0,2e-05,2e-05
66,0,0.0005,0.0,0.45997,0.0025,9e-05,9e-05
67,0,0.00025,0.0,0.10734,0.0175,0.00032,0.00032
68,0,0.00025,0.0,0.23914,0.0025,6e-05,6e-05
69,0,9e-05,0.0,0.16834,0.0,4e-05,4e-05
70,1,0.99924,1.0,0.91161,0.96,0.99984,1.0
71,0,0.00013,0.0,0.28142,0.0125,0.00034,0.00034
72,0,0.00062,0.0,0.4425,0.005,6e-05,6e-05
73,0,0.00672,0.0,0.57289,0.0275,0.00054,0.00054
74,0,0.00028,0.0,0.20568,0.0,6e-05,6e-05
75,0,0.00019,0.0,0.19485,0.0025,4e-05,4e-05
76,0,0.02608,0.0,0.6325,0.075,0.00055,0.00055
77,0,0.004,0.0,0.56193,0.02,0.00181,0.00181
78,1,0.00172,0.0,0.41549,0.01,0.00045,0.00045
79,0,2e-05,0.0,0.13505,0.0,0.00012,0.00012
80,0,0.00213,0.0,0.0089,0.0175,0.0011,0.0011
81,0,2e-05,0.0,0.04264,0.0,3e-05,3e-05
82,0,7e-05,0.0,0.05709,0.0,3e-05,3e-05
83,0,9e-05,0.0,0.01786,0.0,4e-05,4e-05
84,0,3e-05,0.0,0.01483,0.0,1e-05,1e-05
85,0,0.00013,0.0,0.08169,0.0025,6e-05,6e-05
86,0,8e-05,0.0,0.00216,0.0025,2e-05,2e-05
87,0,0.00043,0.0,0.03022,0.0,6e-05,6e-05
88,0,2e-05,0.0,0.00559,0.0,1e-05,1e-05
89,0,0.00014,0.0,0.04415,0.0125,8e-05,8e-05
90,0,6e-05,0.0,0.01215,0.0,2e-05,2e-05
91,0,5e-05,0.0,0.00417,0.0,4e-05,4e-05
92,0,3e-05,0.0,0.00533,0.0,3e-05,3e-05
93,0,5e-05,0.0,0.00343,0.0,3e-05,3e-05
94,0,7e-05,0.0,0.04775,0.0,1e-05,1e-05
95,0,3e-05,0.0,0.00729,0.0,2e-05,2e-05
96,0,6e-05,0.0,0.30509,0.0,1e-05,1e-05
97,0,4e-05,0.0,0.00824,0.0,2e-05,2e-05
98,0,3e-05,0.0,0.00619,0.0,2e-05,2e-05
99,0,4e-05,0.0,0.01213,0.0,3e-05,3e-05
100,0,0.00013,0.0,0.05182,0.0,2e-05,2e-05
101,0,5e-05,0.0,0.01049,0.0,5e-05,5e-05
102,0,0.0001,0.0,0.03207,0.0,4e-05,4e-05
103,0,0.0001,0.0,0.03106,0.0,2e-05,2e-05
104,0,0.00017,0.0,0.03712,0.0,1e-05,1e-05
105,0,8e-05,0.0,0.08159,0.0,1e-05,1e-05
106,0,4e-05,0.0,0.01318,0.0,1e-05,1e-05
107,0,0.00057,0.0,0.17652,0.0225,3e-05,3e-05
108,0,7e-05,0.0,0.06862,0.0,1e-05,1e-05
109,0,1e-05,0.0,0.01443,0.0,1e-05,1e-05
110,0,4e-05,0.0,0.02526,0.0,1e-05,1e-05
111,0,0.00015,0.0,0.02829,0.0,5e-05,5e-05
112,0,3e-05,0.0,0.05643,0.0025,1e-05,1e-05
113,0,4e-05,0.0,0.04515,0.0,1e-05,1e-05
114,0,0.00012,0.0,0.05794,0.0,2e-05,2e-05
115,0,8e-05,0.0,0.02616,0.0,3e-05,3e-05
116,0,0.00018,0.0,0.20178,0.0025,4e-05,4e-05
117,0,4e-05,0.0,0.03933,0.0,1e-05,1e-05
118,0,9e-05,0.0,0.03414,0.0,1e-05,1e-05
119,0,0.00015,0.0,0.02233,0.0,3e-05,3e-05
120,0,0.00012,0.0,0.10764,0.0,6e-05,6e-05
121,0,0.00069,0.0,0.19649,0.0,3e-05,3e-05
122,0,0.00017,0.0,0.08446,0.0,2e-05,2e-05
123,0,0.00014,0.0,0.64708,0.0,4e-05,4e-05
124,0,8e-05,0.0,0.13043,0.0,2e-05,2e-05
125,0,0.0001,0.0,0.04329,0.0,1e-05,1e-05
126,0,0.00016,0.0,0.04863,0.0,4e-05,4e-05
127,0,0.00729,0.0,0.92315,0.0325,4e-05,4e-05
128,0,0.00022,0.0,0.34566,0.0,2e-05,2e-05
129,0,9e-05,0.0,0.10605,0.0,4e-05,4e-05
130,0,6e-05,0.0,0.08358,0.0,5e-05,5e-05
131,0,0.00022,0.0,0.17883,0.0,4e-05,4e-05
132,0,0.00019,0.0,0.0676,0.0,0.00013,0.00013
133,0,0.00034,0.0,0.18505,0.0,4e-05,4e-05
134,0,0.00046,0.0,0.37107,0.0,0.00013,0.00013
135,0,0.0003,0.0,0.72216,0.0025,7e-05,7e-05
136,0,0.00025,0.0,0.06228,0.0025,5e-05,5e-05
137,0,0.00028,0.0,0.22016,0.0125,3e-05,3e-05
138,0,0.00017,0.0,0.86479,0.0,3e-05,3e-05
139,0,0.00032,0.0,0.31656,0.0,9e-05,9e-05
140,0,0.00015,0.0,0.9148,0.005,3e-05,3e-05
141,0,0.00024,0.0,0.14664,0.0,2e-05,2e-05
142,0,7e-05,0.0,0.14485,0.0,5e-05,5e-05
143,0,0.00012,0.0,0.09273,0.0,5e-05,5e-05
144,0,7e-05,0.0,0.52716,0.005,4e-05,4e-05
145,0,0.00027,0.0,0.32755,0.0,0.00012,0.00012
146,0,0.00016,0.0,0.14303,0.0025,2e-05,2e-05
147,0,0.0001,0.0,0.12028,0.0,2e-05,2e-05
148,0,0.00044,0.0,0.24833,0.0025,0.00034,0.00034
149,0,0.00051,0.0,0.54442,0.0025,9e-05,9e-05
150,0,0.00114,0.0,0.30141,0.0,0.00015,0.00015
151,0,0.00028,0.0,0.44011,0.0025,0.00016,0.00016
152,0,0.00049,0.0,0.24344,0.0075,0.00117,0.00117
153,0,0.00023,0.0,0.19307,0.0025,2e-05,2e-05
154,0,0.00142,0.0,0.34162,0.0075,0.00026,0.00026
155,0,0.00059,0.0,0.25963,0.0125,0.00029,0.00029
156,0,0.01185,0.0,0.50471,0.085,0.03089,0.03089
157,0,0.00601,0.0,0.4268,0.05,0.00124,0.00124
158,0,0.00067,0.0,0.3918,0.035,0.00031,0.00031
159,0,0.01177,0.0,0.33556,0.1825,0.01107,0.01107
160,0,0.01933,0.0,0.59807,0.0475,0.00094,0.00094
161,1,0.99728,1.0,0.98091,0.945,0.99996,1.0
162,1,0.8686,1.0,0.80084,0.8675,0.98661,1.0
163,0,2e-05,0.0,0.00456,0.0,1e-05,1e-05
164,0,7e-05,0.0,0.01896,0.0,1e-05,1e-05
165,0,8e-05,0.0,0.0201,0.0,4e-05,4e-05
166,0,4e-05,0.0,0.0021,0.0,2e-05,2e-05
167,0,2e-05,0.0,0.0025,0.0,2e-05,2e-05
168,0,0.00011,0.0,0.02404,0.005,3e-05,3e-05
169,1,0.73798,1.0,0.60114,0.8875,0.99558,1.0
170,0,0.00099,0.0,0.73608,0.01,0.00014,0.00014
171,0,3e-05,0.0,0.0065,0.0,2e-05,2e-05
172,0,8e-05,0.0,0.11838,0.0,4e-05,4e-05
173,0,0.00014,0.0,0.00764,0.0,5e-05,5e-05
174,0,7e-05,0.0,0.00528,0.0,1e-05,1e-05
175,0,0.00021,0.0,0.74975,0.0,7e-05,7e-05
176,0,6e-05,0.0,0.06691,0.0,3e-05,3e-05
177,0,3e-05,0.0,0.00902,0.0,2e-05,2e-05
178,0,8e-05,0.0,0.01195,0.0,3e-05,3e-05
179,0,0.00019,0.0,0.15886,0.0025,3e-05,3e-05
180,0,5e-05,0.0,0.26455,0.0,4e-05,4e-05
181,0,0.0002,0.0,0.11183,0.0075,4e-05,4e-05
182,0,1e-05,0.0,0.00453,0.0,0.0,0.0
183,0,8e-05,0.0,0.17424,0.0,3e-05,3e-05
184,0,4e-05,0.0,0.03483,0.0,1e-05,1e-05
185,0,6e-05,0.0,0.01053,0.0025,1e-05,1e-05
186,0,0.00015,0.0,0.03069,0.0025,6e-05,6e-05
187,0,0.0002,0.0,0.69498,0.0,7e-05,7e-05
188,0,0.00016,0.0,0.06733,0.0,3e-05,3e-05
189,0,7e-05,0.0,0.01282,0.0,3e-05,3e-05
190,0,9e-05,0.0,0.03184,0.0,2e-05,2e-05
191,0,0.00021,0.0,0.14177,0.0025,3e-05,3e-05
192,0,3e-05,0.0,0.01462,0.0,2e-05,2e-05
193,0,0.00043,0.0,0.18566,0.0,4e-05,4e-05
194,0,0.00011,0.0,0.00962,0.0,2e-05,2e-05
195,1,0.65752,1.0,0.97985,0.97,0.97275,1.0
196,0,0.00012,0.0,0.07897,0.0,3e-05,3e-05
197,0,0.00032,0.0,0.12311,0.0125,6e-05,6e-05
198,0,0.0001,0.0,0.03963,0.0,2e-05,2e-05
199,0,0.00017,0.0,0.02677,0.0,1e-05,1e-05
200,0,0.00049,0.0,0.18735,0.005,6e-05,6e-05
201,0,5e-05,0.0,0.03113,0.0,2e-05,2e-05
202,0,7e-05,0.0,0.06104,0.0,1e-05,1e-05
203,0,6e-05,0.0,0.02609,0.0,2e-05,2e-05
204,0,0.00036,0.0,0.06343,0.0,8e-05,8e-05
205,0,7e-05,0.0,0.03988,0.0,4e-05,4e-05
206,0,0.00061,0.0,0.56257,0.0,5e-05,5e-05
207,0,0.00016,0.0,0.04398,0.0,2e-05,2e-05
208,1,0.22405,1.0,0.60528,0.7675,0.18396,1.0
209,0,0.00013,0.0,0.05502,0.0,4e-05,4e-05
210,0,0.00011,0.0,0.15561,0.0,2e-05,2e-05
211,0,0.00011,0.0,0.06012,0.0,6e-05,6e-05
212,0,9e-05,0.0,0.05262,0.0,3e-05,3e-05
213,0,0.00045,0.0,0.48116,0.0025,2e-05,2e-05
214,0,0.00073,0.0,0.27931,0.0,9e-05,9e-05
215,0,9e-05,0.0,0.04456,0.0,2e-05,2e-05
216,0,7e-05,0.0,0.10632,0.0,1e-05,1e-05
217,0,0.00012,0.0,0.0966,0.0,4e-05,4e-05
218,0,8e-05,0.0,0.06819,0.0,2e-05,2e-05
219,0,0.00023,0.0,0.11626,0.0025,6e-05,6e-05
220,0,0.00029,0.0,0.24386,0.0,4e-05,4e-05
221,0,0.00029,0.0,0.55861,0.0075,4e-05,4e-05
222,0,7e-05,0.0,0.06542,0.0,3e-05,3e-05
223,0,0.00052,0.0,0.48684,0.05,0.00059,0.00059
224,0,0.00011,0.0,0.11387,0.0075,2e-05,2e-05
225,0,0.00059,0.0,0.06836,0.0325,0.00018,0.00018
226,0,0.00055,0.0,0.73064,0.0,5e-05,5e-05
227,0,0.00012,0.0,0.64141,0.0,3e-05,3e-05
228,0,8e-05,0.0,0.13461,0.0,9e-05,9e-05
229,0,0.00015,0.0,0.08369,0.0,2e-05,2e-05
230,0,0.00022,0.0,0.13627,0.0,6e-05,6e-05
231,0,8e-05,0.0,0.11802,0.0,2e-05,2e-05
232,0,0.0003,0.0,0.36139,0.0,9e-05,9e-05
233,0,0.00035,0.0,0.47884,0.0025,9e-05,9e-05
234,0,7e-05,0.0,0.17331,0.0,0.0001,0.0001
235,0,0.00015,0.0,0.33051,0.0,7e-05,7e-05
236,0,5e-05,0.0,0.1025,0.0,2e-05,2e-05
237,0,0.00016,0.0,0.22509,0.0,3e-05,3e-05
238,0,0.00018,0.0,0.17488,0.005,0.00018,0.00018
239,0,0.00033,0.0,0.65665,0.0,4e-05,4e-05
240,0,0.00084,0.0,0.20248,0.0025,0.00021,0.00021
241,0,0.00045,0.0,0.7576,0.0,3e-05,3e-05
242,0,0.00016,0.0,0.31955,0.0,0.00031,0.00031
243,1,0.91399,1.0,0.91157,0.95,0.99446,1.0
244,0,0.02424,0.0,0.49158,0.15,0.00738,0.00738
245,0,0.00837,0.0,0.60093,0.0625,0.0002,0.0002
246,0,0.00562,0.0,0.18508,0.075,0.00042,0.00042
247,0,0.04779,0.0,0.25734,0.0825,0.00383,0.00383
248,0,0.01915,0.0,0.51085,0.09,0.00201,0.00201
249,1,0.99464,1.0,0.88276,0.9725,0.99993,1.0
250,1,0.98412,1.0,0.82424,0.955,0.99994,1.0
251,0,5e-05,0.0,0.0029,0.0,2e-05,2e-05
252,0,2e-05,0.0,0.01373,0.0,2e-05,2e-05
253,0,5e-05,0.0,0.00489,0.0,7e-05,7e-05
254,0,0.00014,0.0,0.09515,0.0,4e-05,4e-05
255,0,2e-05,0.0,0.00632,0.0,2e-05,2e-05
256,0,2e-05,0.0,0.0116,0.0,2e-05,2e-05
257,0,0.1462,0.0,0.81464,0.16,0.00089,0.00089
258,0,0.0001,0.0,0.00295,0.0,3e-05,3e-05
259,0,6e-05,0.0,0.00842,0.0,2e-05,2e-05
260,1,0.91893,1.0,0.57196,0.96,0.99887,1.0
261,0,0.00038,0.0,0.03498,0.0075,2e-05,2e-05
262,0,2e-05,0.0,0.0042,0.0,2e-05,2e-05
263,0,0.0001,0.0,0.00261,0.0,0.00011,0.00011
264,0,2e-05,0.0,0.00448,0.0,2e-05,2e-05
265,0,0.00014,0.0,0.10713,0.0025,8e-05,8e-05
266,0,7e-05,0.0,0.01085,0.005,2e-05,2e-05
267,0,5e-05,0.0,0.02332,0.0,1e-05,1e-05
268,0,0.00062,0.0,0.01193,0.0,0.00016,0.00016
269,0,1e-05,0.0,0.00519,0.0,1e-05,1e-05
270,0,6e-05,0.0,0.01733,0.0,3e-05,3e-05
271,0,5e-05,0.0,0.01182,0.0,2e-05,2e-05
272,0,9e-05,0.0,0.03236,0.0,1e-05,1e-05
273,0,4e-05,0.0,0.03256,0.0,3e-05,3e-05
274,0,0.00011,0.0,0.10998,0.0,3e-05,3e-05
275,0,0.00014,0.0,0.01068,0.0,8e-05,8e-05
276,0,0.00046,0.0,0.40676,0.0,0.00021,0.00021
277,0,4e-05,0.0,0.00812,0.0,3e-05,3e-05
278,0,7e-05,0.0,0.08729,0.0,5e-05,5e-05
279,0,4e-05,0.0,0.00855,0.0,1e-05,1e-05
280,0,0.00012,0.0,0.01585,0.0,1e-05,1e-05
281,0,5e-05,0.0,0.06525,0.0,3e-05,3e-05
282,0,0.0001,0.0,0.02851,0.0,2e-05,2e-05
283,0,0.00018,0.0,0.2355,0.0,3e-05,3e-05
284,0,5e-05,0.0,0.08784,0.005,4e-05,4e-05
285,0,0.00029,0.0,0.08796,0.0,0.0001,0.0001
286,0,9e-05,0.0,0.03271,0.0,3e-05,3e-05
287,0,5e-05,0.0,0.02513,0.0,1e-05,1e-05
288,0,4e-05,0.0,0.02314,0.0,1e-05,1e-05
289,0,7e-05,0.0,0.09429,0.0025,1e-05,1e-05
290,0,0.0002,0.0,0.16686,0.0,4e-05,4e-05
291,0,0.0004,0.0,0.14656,0.005,0.00018,0.00018
292,0,6e-05,0.0,0.09245,0.0,3e-05,3e-05
293,0,0.00041,0.0,0.1228,0.0175,0.00017,0.00017
294,0,0.00017,0.0,0.12568,0.005,6e-05,6e-05
295,0,0.00029,0.0,0.3521,0.0025,7e-05,7e-05
296,0,0.0001,0.0,0.0192,0.0,3e-05,3e-05
297,0,0.00013,0.0,0.20801,0.0,2e-05,2e-05
298,0,0.00031,0.0,0.03181,0.0,3e-05,3e-05
299,0,1e-05,0.0,0.16135,0.0,0.0,0.0
300,0,3e-05,0.0,0.03684,0.0,3e-05,3e-05
301,0,4e-05,0.0,0.05411,0.0,1e-05,1e-05
302,0,0.00022,0.0,0.03843,0.0,4e-05,4e-05
303,0,5e-05,0.0,0.03066,0.0,2e-05,2e-05
304,0,0.00012,0.0,0.10975,0.0,2e-05,2e-05
305,0,0.00014,0.0,0.05223,0.0025,7e-05,7e-05
306,0,0.0008,0.0,0.36164,0.0025,9e-05,9e-05
307,0,9e-05,0.0,0.37579,0.0,2e-05,2e-05
308,0,0.00013,0.0,0.04583,0.0,5e-05,5e-05
309,0,0.00018,0.0,0.51792,0.0,4e-05,4e-05
310,0,0.00012,0.0,0.11022,0.0,8e-05,8e-05
311,0,4e-05,0.0,0.07847,0.0,1e-05,1e-05
312,0,0.00013,0.0,0.1513,0.0,5e-05,5e-05
313,0,3e-05,0.0,0.1016,0.0,7e-05,7e-05
314,0,0.0002,0.0,0.68834,0.0,4e-05,4e-05
315,0,6e-05,0.0,0.69008,0.0,1e-05,1e-05
316,0,5e-05,0.0,0.10613,0.0,1e-05,1e-05
317,0,0.0001,0.0,0.09387,0.0,3e-05,3e-05
318,0,0.0011,0.0,0.09984,0.035,0.00545,0.00545
319,0,0.00013,0.0,0.1787,0.0,0.0001,0.0001
320,0,7e-05,0.0,0.09583,0.0,1e-05,1e-05
321,0,0.00017,0.0,0.11227,0.0,6e-05,6e-05
322,0,0.00026,0.0,0.13891,0.0,0.0001,0.0001
323,0,0.00036,0.0,0.22361,0.0,9e-05,9e-05
324,0,0.00028,0.0,0.26216,0.0,5e-05,5e-05
325,0,9e-05,0.0,0.18968,0.0025,3e-05,3e-05
326,0,0.0019,0.0,0.1454,0.01,0.00024,0.00024
327,0,0.00188,0.0,0.24308,0.01,0.0012,0.0012
328,1,0.99024,1.0,0.79603,0.9825,0.99668,1.0
329,0,0.00315,0.0,0.12006,0.065,0.00047,0.00047
330,0,0.00405,0.0,0.10121,0.045,0.00078,0.00078
331,0,0.08467,0.0,0.29729,0.4025,0.28811,0.28811
332,0,0.36966,0.0,0.6158,0.2875,0.01575,0.01575
333,0,7e-05,0.0,0.00376,0.0,1e-05,1e-05
334,0,1e-05,0.0,0.00188,0.0,1e-05,1e-05
335,0,1e-05,0.0,0.01508,0.0,2e-05,2e-05
336,0,2e-05,0.0,0.0014,0.0,0.00011,0.00011
337,0,3e-05,0.0,0.00259,0.0,2e-05,2e-05
338,0,1e-05,0.0,0.00203,0.0,3e-05,3e-05
339,0,3e-05,0.0,0.00596,0.0,3e-05,3e-05
340,0,8e-05,0.0,0.00148,0.0,1e-05,1e-05
341,0,0.00011,0.0,0.00874,0.0025,4e-05,4e-05
342,0,5e-05,0.0,0.00231,0.0,1e-05,1e-05
343,0,7e-05,0.0,0.02788,0.0,5e-05,5e-05
344,0,0.00015,0.0,0.07544,0.0,8e-05,8e-05
345,0,0.47967,0.0,0.22608,0.035,0.64293,0.64293
346,0,2e-05,0.0,0.0033,0.0,2e-05,2e-05
347,0,8e-05,0.0,0.01885,0.0225,0.00018,0.00018
348,0,3e-05,0.0,0.01054,0.0,2e-05,2e-05
349,0,3e-05,0.0,0.00332,0.0,2e-05,2e-05
350,0,3e-05,0.0,0.00524,0.0,3e-05,3e-05
351,0,0.00022,0.0,0.03084,0.0125,0.00013,0.00013
352,0,2e-05,0.0,0.003,0.0,2e-05,2e-05
353,0,7e-05,0.0,0.02595,0.0,1e-05,1e-05
354,0,5e-05,0.0,0.00209,0.0,2e-05,2e-05
355,0,3e-05,0.0,0.00774,0.0,1e-05,1e-05
356,0,6e-05,0.0,0.00996,0.0,4e-05,4e-05
357,0,0.00012,0.0,0.09749,0.0,2e-05,2e-05
358,0,4e-05,0.0,0.00942,0.0,2e-05,2e-05
359,0,3e-05,0.0,0.00926,0.0,2e-05,2e-05
360,0,4e-05,0.0,0.00694,0.0,2e-05,2e-05
361,0,7e-05,0.0,0.01252,0.0,4e-05,4e-05
362,0,3e-05,0.0,0.01367,0.0,0.0,0.0
363,0,1e-05,0.0,0.00601,0.0,1e-05,1e-05
364,0,0.00079,0.0,0.11737,0.05,0.0004,0.0004
365,0,0.0003,0.0,0.34974,0.0025,3e-05,3e-05
366,0,0.00029,0.0,0.59785,0.0,6e-05,6e-05
367,0,8e-05,0.0,0.01798,0.0,2e-05,2e-05
368,0,3e-05,0.0,0.01612,0.0075,1e-05,1e-05
369,0,4e-05,0.0,0.03327,0.0,4e-05,4e-05
370,0,7e-05,0.0,0.00925,0.0,2e-05,2e-05
371,0,3e-05,0.0,0.01663,0.0,1e-05,1e-05
372,0,5e-05,0.0,0.02762,0.0,2e-05,2e-05
373,0,8e-05,0.0,0.20998,0.0,6e-05,6e-05
374,0,8e-05,0.0,0.0806,0.0,6e-05,6e-05
375,0,0.00014,0.0,0.08675,0.0,7e-05,7e-05
376,0,7e-05,0.0,0.03438,0.0,1e-05,1e-05
377,0,7e-05,0.0,0.22335,0.0,8e-05,8e-05
378,0,0.00086,0.0,0.2995,0.0075,8e-05,8e-05
379,0,5e-05,0.0,0.02349,0.0,3e-05,3e-05
380,0,7e-05,0.0,0.02565,0.0,4e-05,4e-05
381,1,0.79,1.0,0.9604,0.9675,0.73502,1.0
382,0,4e-05,0.0,0.05422,0.0,3e-05,3e-05
383,0,5e-05,0.0,0.296,0.0,6e-05,6e-05
384,0,3e-05,0.0,0.02339,0.0,1e-05,1e-05
385,0,0.0002,0.0,0.02609,0.0,6e-05,6e-05
386,0,0.0001,0.0,0.12034,0.0,2e-05,2e-05
387,0,0.0001,0.0,0.43936,0.0,7e-05,7e-05
388,0,0.00025,0.0,0.93658,0.0025,2e-05,2e-05
389,0,0.00018,0.0,0.20057,0.0,5e-05,5e-05
390,0,0.00024,0.0,0.38883,0.0,4e-05,4e-05
391,0,0.00024,0.0,0.17178,0.0,8e-05,8e-05
392,0,0.00013,0.0,0.06857,0.0,5e-05,5e-05
393,0,5e-05,0.0,0.09858,0.0,3e-05,3e-05
394,0,5e-05,0.0,0.48425,0.0,1e-05,1e-05
395,0,6e-05,0.0,0.08998,0.0,1e-05,1e-05
396,0,9e-05,0.0,0.07947,0.0,7e-05,7e-05
397,0,7e-05,0.0,0.15662,0.0,4e-05,4e-05
398,0,5e-05,0.0,0.04486,0.0025,6e-05,6e-05
399,0,5e-05,0.0,0.08949,0.0,4e-05,4e-05
400,0,0.00021,0.0,0.4137,0.0025,3e-05,3e-05
401,0,0.00082,0.0,0.46157,0.0075,0.00309,0.00309
402,0,0.00024,0.0,0.08703,0.0,7e-05,7e-05
403,0,4e-05,0.0,0.06904,0.005,0.00014,0.00014
404,0,0.01473,0.0,0.92031,0.255,0.01706,0.01706
405,0,0.00024,0.0,0.36879,0.0225,0.00046,0.00046
406,0,0.0237,0.0,0.77636,0.275,0.05882,0.05882
407,0,0.00112,0.0,0.42649,0.0075,0.001,0.001
408,0,8e-05,0.0,0.1054,0.0,2e-05,2e-05
409,0,0.00021,0.0,0.19756,0.0,6e-05,6e-05
410,0,0.00065,0.0,0.18795,0.0025,6e-05,6e-05
411,0,6e-05,0.0,0.17496,0.0,2e-05,2e-05
412,0,0.00145,0.0,0.28802,0.01,0.00024,0.00024
413,0,0.00785,0.0,0.50877,0.1375,0.0014,0.0014
414,0,0.00932,0.0,0.14726,0.0825,0.01113,0.01113
415,0,0.01231,0.0,0.1446,0.055,0.00289,0.00289
416,0,0.002,0.0,0.26192,0.0275,0.00062,0.00062
417,0,0.27416,0.0,0.20303,0.2975,0.13158,0.13158
418,0,0.48408,0.0,0.60229,0.2075,0.01528,0.01528
419,0,9e-05,0.0,0.00589,0.005,8e-05,8e-05
420,0,2e-05,0.0,0.00244,0.0,2e-05,2e-05
421,0,9e-05,0.0,0.00825,0.035,4e-05,4e-05
422,0,1e-05,0.0,0.00124,0.0,1e-05,1e-05
423,0,6e-05,0.0,0.26856,0.0025,8e-05,8e-05
424,0,3e-05,0.0,0.01158,0.0,1e-05,1e-05
425,0,0.00027,0.0,0.02348,0.005,0.00012,0.00012
426,0,0.00021,0.0,0.00094,0.0,5e-05,5e-05
427,0,0.00013,0.0,0.01347,0.0025,5e-05,5e-05
428,0,5e-05,0.0,0.00857,0.0,1e-05,1e-05
429,0,1e-05,0.0,0.00261,0.0,1e-05,1e-05
430,0,0.00328,0.0,0.92127,0.0225,0.00029,0.00029
431,0,3e-05,0.0,0.00506,0.0,2e-05,2e-05
432,0,6e-05,0.0,0.01506,0.0,3e-05,3e-05
433,0,4e-05,0.0,0.00736,0.0,3e-05,3e-05
434,0,3e-05,0.0,0.00246,0.0,7e-05,7e-05
435,0,6e-05,0.0,0.01789,0.0125,3e-05,3e-05
436,0,4e-05,0.0,0.01319,0.0,3e-05,3e-05
437,0,3e-05,0.0,0.00718,0.0,2e-05,2e-05
438,0,5e-05,0.0,0.00858,0.0025,5e-05,5e-05
439,0,0.00018,0.0,0.23364,0.0,8e-05,8e-05
440,0,3e-05,0.0,0.00396,0.0,3e-05,3e-05
441,0,0.00028,0.0,0.01708,0.0,0.00012,0.00012
442,0,0.00013,0.0,0.03706,0.0,5e-05,5e-05
443,1,0.28881,1.0,0.53359,0.75,0.65709,1.0
444,0,7e-05,0.0,0.01855,0.0,2e-05,2e-05
445,0,8e-05,0.0,0.00979,0.0,3e-05,3e-05
446,0,7e-05,0.0,0.0071,0.005,4e-05,4e-05
447,0,8e-05,0.0,0.01521,0.0,3e-05,3e-05
448,0,0.00062,0.0,0.47686,0.04,0.00012,0.00012
449,0,0.00021,0.0,0.03283,0.005,0.0001,0.0001
450,0,5e-05,0.0,0.01165,0.0,1e-05,1e-05
451,0,9e-05,0.0,0.02802,0.0025,2e-05,2e-05
452,0,8e-05,0.0,0.03383,0.01,6e-05,6e-05
453,0,2e-05,0.0,0.00598,0.0,4e-05,4e-05
454,0,0.00015,0.0,0.01214,0.0,1e-05,1e-05
455,0,0.00015,0.0,0.0623,0.0,4e-05,4e-05
456,0,0.01125,0.0,0.33771,0.0125,0.0001,0.0001
457,0,2e-05,0.0,0.0346,0.0,4e-05,4e-05
458,0,9e-05,0.0,0.50303,0.0,5e-05,5e-05
459,0,5e-05,0.0,0.04394,0.0,2e-05,2e-05
460,0,3e-05,0.0,0.04737,0.0025,4e-05,4e-05
461,0,6e-05,0.0,0.03725,0.0,4e-05,4e-05
462,0,6e-05,0.0,0.04779,0.0,3e-05,3e-05
463,0,0.00018,0.0,0.06982,0.0,1e-05,1e-05
464,1,0.53194,1.0,0.99995,0.99,0.74961,1.0
465,0,8e-05,0.0,0.02626,0.0,2e-05,2e-05
466,0,4e-05,0.0,0.04921,0.0,2e-05,2e-05
467,0,5e-05,0.0,0.04303,0.0,2e-05,2e-05
468,0,0.00011,0.0,0.27214,0.0,7e-05,7e-05
469,0,4e-05,0.0,0.01707,0.0,1e-05,1e-05
470,0,2e-05,0.0,0.01439,0.0,2e-05,2e-05
471,0,3e-05,0.0,0.0467,0.0,1e-05,1e-05
472,0,4e-05,0.0,0.03924,0.0,3e-05,3e-05
473,0,2e-05,0.0,0.0438,0.0,1e-05,1e-05
474,0,0.0001,0.0,0.02933,0.0,1e-05,1e-05
475,0,0.0001,0.0,0.1391,0.01,0.00012,0.00012
476,0,0.00014,0.0,0.1004,0.005,8e-05,8e-05
477,0,0.0001,0.0,0.0411,0.0,1e-05,1e-05
478,0,7e-05,0.0,0.05731,0.0,1e-05,1e-05
479,0,0.00034,0.0,0.04681,0.01,2e-05,2e-05
480,0,0.00012,0.0,0.67165,0.0025,4e-05,4e-05
481,0,6e-05,0.0,0.03449,0.0,1e-05,1e-05
482,0,3e-05,0.0,0.03714,0.0,2e-05,2e-05
483,0,0.00015,0.0,0.05282,0.0,2e-05,2e-05
484,0,0.00023,0.0,0.73599,0.0025,6e-05,6e-05
485,0,0.00018,0.0,0.04704,0.0,1e-05,1e-05
486,0,0.00038,0.0,0.03888,0.0025,3e-05,3e-05
487,0,4e-05,0.0,0.03587,0.0,2e-05,2e-05
488,0,3e-05,0.0,0.05415,0.0025,8e-05,8e-05
489,0,6e-05,0.0,0.07038,0.0,1e-05,1e-05
490,0,0.00042,0.0,0.59267,0.03,0.00019,0.00019
491,0,0.00027,0.0,0.10397,0.0,0.00016,0.00016
492,0,0.00043,0.0,0.24459,0.0025,8e-05,8e-05
493,0,0.00018,0.0,0.182,0.0025,2e-05,2e-05
494,0,0.00014,0.0,0.13097,0.0125,4e-05,4e-05
495,0,0.00225,0.0,0.5372,0.0225,0.00015,0.00015
496,0,4e-05,0.0,0.20846,0.0025,3e-05,3e-05
497,0,0.00122,0.0,0.08131,0.005,9e-05,9e-05
498,0,0.0039,0.0,0.14159,0.13,0.0015,0.0015
499,0,0.00279,0.0,0.10584,0.08,0.00149,0.00149
500,0,0.00785,0.0,0.14912,0.04,0.00174,0.00174
501,0,0.0011,0.0,0.08189,0.0425,0.00053,0.00053
502,0,0.011,0.0,0.22032,0.0475,0.00094,0.00094
503,0,0.02099,0.0,0.36982,0.095,0.00267,0.00267
504,0,4e-05,0.0,0.01402,0.005,0.0,0.0
505,0,1e-05,0.0,0.00256,0.0,1e-05,1e-05
506,0,1e-05,0.0,0.00118,0.0,1e-05,1e-05
507,0,2e-05,0.0,0.00134,0.0,1e-05,1e-05
508,0,7e-05,0.0,0.01039,0.0075,3e-05,3e-05
509,0,0.00021,0.0,0.00117,0.0,1e-05,1e-05
510,0,3e-05,0.0,0.00405,0.0,2e-05,2e-05
511,0,6e-05,0.0,0.00206,0.0,2e-05,2e-05
512,0,5e-05,0.0,0.00431,0.0,1e-05,1e-05
513,0,4e-05,0.0,0.01522,0.0025,1e-05,1e-05
514,0,5e-05,0.0,0.00498,0.0,1e-05,1e-05
515,0,5e-05,0.0,0.00191,0.0,2e-05,2e-05
516,0,3e-05,0.0,0.00103,0.005,2e-05,2e-05
517,0,2e-05,0.0,0.00148,0.0,1e-05,1e-05
518,0,0.00286,0.0,0.1578,0.0225,0.00043,0.00043
519,0,0.00036,0.0,0.0026,0.0025,5e-05,5e-05
520,0,0.0003,0.0,0.00393,0.0,6e-05,6e-05
521,0,3e-05,0.0,0.00264,0.0,1e-05,1e-05
522,0,4e-05,0.0,0.00339,0.0,1e-05,1e-05
523,0,5e-05,0.0,0.00975,0.0,1e-05,1e-05
524,0,9e-05,0.0,0.0271,0.0,4e-05,4e-05
525,0,3e-05,0.0,0.00253,0.0,2e-05,2e-05
526,0,5e-05,0.0,0.01593,0.0,2e-05,2e-05
527,0,0.00021,0.0,0.08474,0.005,4e-05,4e-05
528,0,8e-05,0.0,0.00245,0.0,1e-05,1e-05
529,0,3e-05,0.0,0.00571,0.0,1e-05,1e-05
530,0,7e-05,0.0,0.00463,0.0,2e-05,2e-05
531,0,5e-05,0.0,0.00233,0.0,0.0,0.0
532,0,4e-05,0.0,0.00382,0.0,1e-05,1e-05
533,0,0.00016,0.0,0.03055,0.0025,2e-05,2e-05
534,0,6e-05,0.0,0.00404,0.0,1e-05,1e-05
535,0,1e-05,0.0,0.00446,0.0,0.0,0.0
536,0,5e-05,0.0,0.09169,0.0,2e-05,2e-05
537,0,6e-05,0.0,0.00393,0.0,2e-05,2e-05
538,0,0.00011,0.0,0.01384,0.015,2e-05,2e-05
539,0,5e-05,0.0,0.00677,0.0,1e-05,1e-05
540,0,0.00012,0.0,0.00407,0.0,3e-05,3e-05
541,0,8e-05,0.0,0.0366,0.0,2e-05,2e-05
542,0,0.00022,0.0,0.29459,0.0,3e-05,3e-05
543,0,0.00268,0.0,0.00842,0.0,1e-05,1e-05
544,0,3e-05,0.0,0.00572,0.0,1e-05,1e-05
545,0,1e-05,0.0,0.00619,0.0025,1e-05,1e-05
546,0,0.00097,0.0,0.01907,0.0,5e-05,5e-05
547,0,0.00085,0.0,0.01166,0.0,1e-05,1e-05
548,0,4e-05,0.0,0.01381,0.0,1e-05,1e-05
549,0,0.00032,0.0,0.33222,0.0,2e-05,2e-05
550,0,7e-05,0.0,0.03442,0.0,1e-05,1e-05
551,0,0.00013,0.0,0.01106,0.0,2e-05,2e-05
552,0,6e-05,0.0,0.56943,0.0,2e-05,2e-05
553,0,2e-05,0.0,0.00988,0.0,2e-05,2e-05
554,0,6e-05,0.0,0.01092,0.0,2e-05,2e-05
555,0,7e-05,0.0,0.07518,0.0,3e-05,3e-05
556,0,7e-05,0.0,0.02209,0.0025,1e-05,1e-05
557,0,5e-05,0.0,0.2405,0.0,2e-05,2e-05
558,0,5e-05,0.0,0.08193,0.0,3e-05,3e-05
559,0,4e-05,0.0,0.01972,0.0,2e-05,2e-05
560,0,4e-05,0.0,0.04526,0.0,1e-05,1e-05
561,0,0.00036,0.0,0.68106,0.005,2e-05,2e-05
562,0,5e-05,0.0,0.01478,0.0,2e-05,2e-05
563,0,0.0002,0.0,0.01805,0.0,2e-05,2e-05
564,0,7e-05,0.0,0.03116,0.0,3e-05,3e-05
565,0,3e-05,0.0,0.01787,0.0025,1e-05,1e-05
566,0,6e-05,0.0,0.02427,0.0025,2e-05,2e-05
567,0,0.00023,0.0,0.0238,0.0025,3e-05,3e-05
568,0,0.00031,0.0,0.01903,0.01,2e-05,2e-05
569,0,0.00676,0.0,0.10247,0.0225,8e-05,8e-05
570,0,6e-05,0.0,0.02723,0.0,1e-05,1e-05
571,0,0.00047,0.0,0.08396,0.0,2e-05,2e-05
572,0,0.00131,0.0,0.02337,0.04,0.00016,0.00016
573,0,0.00069,0.0,0.31198,0.01,3e-05,3e-05
574,0,9e-05,0.0,0.13433,0.0025,9e-05,9e-05
575,0,0.0007,0.0,0.07325,0.0125,0.00017,0.00017
576,0,0.00037,0.0,0.36893,0.04,4e-05,4e-05
577,0,0.00013,0.0,0.20761,0.01,7e-05,7e-05
578,0,0.00014,0.0,0.07847,0.0,4e-05,4e-05
579,0,0.00054,0.0,0.09082,0.0025,0.00014,0.00014
580,0,0.00168,0.0,0.05093,0.045,0.00015,0.00015
581,0,0.0039,0.0,0.07496,0.035,0.00059,0.00059
582,0,0.00384,0.0,0.1977,0.125,0.00211,0.00211
583,0,0.1609,0.0,0.50618,0.17,0.01859,0.01859
584,0,0.00267,0.0,0.04589,0.0225,0.00027,0.00027
585,0,0.0133,0.0,0.25394,0.1875,0.01483,0.01483
586,0,0.01677,0.0,0.42949,0.14,0.0016,0.0016
587,1,0.03376,1.0,0.26664,0.5825,0.8958,1.0
588,0,0.00465,0.0,0.08118,0.0875,0.0008,0.0008
589,0,0.01828,0.0,0.10367,0.11,0.0077,0.0077
590,0,0.01403,0.0,0.19938,0.16,0.00948,0.00948
591,0,0.00952,0.0,0.15298,0.08,0.00243,0.00243
592,0,0.00717,0.0,0.16665,0.03,0.00099,0.00099
593,0,0.05666,0.0,0.09377,0.14,0.04487,0.04487
594,0,9e-05,0.0,0.05819,0.005,1e-05,1e-05
595,0,3e-05,0.0,0.0298,0.0075,3e-05,3e-05
596,0,4e-05,0.0,0.07255,0.0,3e-05,3e-05
597,0,0.00011,0.0,0.00124,0.0,1e-05,1e-05
598,0,4e-05,0.0,0.00729,0.0,2e-05,2e-05
599,0,0.00058,0.0,0.01436,0.0025,8e-05,8e-05
600,0,0.00025,0.0,0.00037,0.0,2e-05,2e-05
601,0,0.0002,0.0,0.0024,0.0,4e-05,4e-05
602,0,0.00216,0.0,0.016,0.015,0.0003,0.0003
603,0,0.00019,0.0,0.00385,0.0025,6e-05,6e-05
604,1,0.98375,1.0,0.90454,0.7925,0.99933,1.0
605,0,3e-05,0.0,0.00183,0.0025,2e-05,2e-05
606,0,8e-05,0.0,0.00108,0.0075,2e-05,2e-05
607,0,0.00023,0.0,0.03339,0.0175,5e-05,5e-05
608,0,5e-05,0.0,0.00146,0.005,3e-05,3e-05
609,0,6e-05,0.0,0.03593,0.0,2e-05,2e-05
610,0,0.00011,0.0,0.00275,0.0,1e-05,1e-05
611,0,0.00014,0.0,0.00254,0.0,2e-05,2e-05
612,0,6e-05,0.0,0.0062,0.0,1e-05,1e-05
613,0,0.00012,0.0,0.00263,0.0,4e-05,4e-05
614,0,0.00012,0.0,0.0021,0.0,3e-05,3e-05
615,0,0.00039,0.0,0.01402,0.0575,0.00011,0.00011
616,0,0.00016,0.0,0.00258,0.0,4e-05,4e-05
617,0,0.00034,0.0,0.00159,0.0175,6e-05,6e-05
618,0,0.00012,0.0,0.01371,0.0025,1e-05,1e-05
619,0,0.00038,0.0,0.0204,0.0275,3e-05,3e-05
620,0,7e-05,0.0,0.02148,0.0,1e-05,1e-05
621,0,0.00016,0.0,0.06695,0.0025,8e-05,8e-05
622,0,0.00051,0.0,0.03647,0.0125,2e-05,2e-05
623,0,0.00019,0.0,0.00353,0.0,2e-05,2e-05
624,0,0.00071,0.0,0.00855,0.0225,3e-05,3e-05
625,0,3e-05,0.0,0.00583,0.0,2e-05,2e-05
626,0,0.00018,0.0,0.00983,0.0,1e-05,1e-05
627,0,0.00056,0.0,0.0109,0.0,1e-05,1e-05
628,0,0.00049,0.0,0.02638,0.0,2e-05,2e-05
629,0,0.00142,0.0,0.4526,0.0025,5e-05,5e-05
630,0,0.00013,0.0,0.03503,0.0,2e-05,2e-05
631,0,0.00029,0.0,0.06522,0.005,4e-05,4e-05
632,0,0.0012,0.0,0.01789,0.0,4e-05,4e-05
633,0,0.00019,0.0,0.06591,0.0175,1e-05,1e-05
634,0,0.00029,0.0,0.05659,0.0,1e-05,1e-05
635,0,0.00025,0.0,0.03709,0.0,2e-05,2e-05
636,0,0.00171,0.0,0.0171,0.0025,5e-05,5e-05
637,0,0.00026,0.0,0.05894,0.0,3e-05,3e-05
638,0,0.00041,0.0,0.02227,0.0,7e-05,7e-05
639,0,0.0001,0.0,0.02095,0.0,2e-05,2e-05
640,0,0.0001,0.0,0.217,0.0,2e-05,2e-05
641,0,0.0001,0.0,0.02043,0.0,2e-05,2e-05
642,0,0.00046,0.0,0.15647,0.0,3e-05,3e-05
643,0,5e-05,0.0,0.78186,0.0075,3e-05,3e-05
644,0,4e-05,0.0,0.02017,0.0,2e-05,2e-05
645,0,2e-05,0.0,0.01117,0.0,2e-05,2e-05
646,0,6e-05,0.0,0.10718,0.0,2e-05,2e-05
647,0,6e-05,0.0,0.0558,0.0,1e-05,1e-05
648,0,0.00011,0.0,0.03731,0.0,1e-05,1e-05
649,0,7e-05,0.0,0.16638,0.0025,2e-05,2e-05
650,0,0.00146,0.0,0.02362,0.0175,0.00018,0.00018
651,0,6e-05,0.0,0.03536,0.0,1e-05,1e-05
652,0,6e-05,0.0,0.05679,0.0,2e-05,2e-05
653,0,6e-05,0.0,0.16779,0.0,2e-05,2e-05
654,0,0.00046,0.0,0.1729,0.005,0.00063,0.00063
655,0,0.00018,0.0,0.03539,0.0175,4e-05,4e-05
656,0,0.0001,0.0,0.1032,0.0,1e-05,1e-05
657,0,0.00023,0.0,0.03023,0.1225,0.00064,0.00064
658,0,0.00132,0.0,0.70203,0.035,4e-05,4e-05
659,0,4e-05,0.0,0.06765,0.0,3e-05,3e-05
660,0,0.00011,0.0,0.25385,0.0025,5e-05,5e-05
661,0,0.0068,0.0,0.04055,0.2175,0.00104,0.00104
662,0,0.0001,0.0,0.17951,0.0025,0.00034,0.00034
663,0,0.00058,0.0,0.0769,0.0,6e-05,6e-05
664,0,5e-05,0.0,0.18066,0.0,2e-05,2e-05
665,0,0.00011,0.0,0.33476,0.0,2e-05,2e-05
666,0,0.00029,0.0,0.0799,0.025,0.00061,0.00061
667,0,8e-05,0.0,0.19428,0.0,0.0001,0.0001
668,0,0.00019,0.0,0.30347,0.0025,6e-05,6e-05
669,0,0.00065,0.0,0.1115,0.0375,0.00052,0.00052
670,0,0.00015,0.0,0.09322,0.025,0.00014,0.00014
671,0,0.01149,0.0,0.14756,0.2725,0.00221,0.00221
672,0,0.00147,0.0,0.09513,0.035,0.00043,0.00043
673,0,0.00222,0.0,0.20367,0.035,0.0002,0.0002
674,0,0.17007,0.0,0.3425,0.0925,0.0024,0.0024
675,0,5e-05,0.0,0.00516,0.0,1e-05,1e-05
676,0,3e-05,0.0,0.01266,0.0075,3e-05,3e-05
677,0,1e-05,0.0,0.001,0.0025,1e-05,1e-05
678,0,1e-05,0.0,0.0048,0.0,1e-05,1e-05
679,0,0.00085,0.0,0.58772,0.035,6e-05,6e-05
680,0,0.00011,0.0,0.03767,0.0,3e-05,3e-05
681,0,0.00043,0.0,0.0077,0.0,2e-05,2e-05
682,0,6e-05,0.0,0.00117,0.0,1e-05,1e-05
683,0,5e-05,0.0,0.03199,0.0075,6e-05,6e-05
684,0,0.00018,0.0,0.00193,0.0,3e-05,3e-05
685,0,3e-05,0.0,0.00934,0.0,1e-05,1e-05
686,0,2e-05,0.0,0.00149,0.0,1e-05,1e-05
687,0,1e-05,0.0,0.00644,0.0,1e-05,1e-05
688,0,2e-05,0.0,0.00706,0.0,1e-05,1e-05
689,0,0.00014,0.0,0.00084,0.0,2e-05,2e-05
690,0,9e-05,0.0,0.23011,0.0,4e-05,4e-05
691,0,8e-05,0.0,0.00998,0.0025,3e-05,3e-05
692,0,2e-05,0.0,0.00793,0.0,1e-05,1e-05
693,0,6e-05,0.0,0.01676,0.0,2e-05,2e-05
694,0,2e-05,0.0,0.00823,0.0,1e-05,1e-05
695,0,0.0001,0.0,0.09533,0.0025,2e-05,2e-05
696,0,4e-05,0.0,0.02739,0.0,1e-05,1e-05
697,0,2e-05,0.0,0.00295,0.0,1e-05,1e-05
698,0,5e-05,0.0,0.01274,0.0,2e-05,2e-05
699,0,2e-05,0.0,0.01541,0.0,1e-05,1e-05
700,0,0.0001,0.0,0.0144,0.0025,5e-05,5e-05
701,0,3e-05,0.0,0.00468,0.0,1e-05,1e-05
702,0,3e-05,0.0,0.02129,0.0,1e-05,1e-05
703,0,0.00017,0.0,0.03993,0.0,2e-05,2e-05
704,0,3e-05,0.0,0.01472,0.0,6e-05,6e-05
705,0,4e-05,0.0,0.01198,0.0,3e-05,3e-05
706,0,0.00011,0.0,0.01699,0.0,1e-05,1e-05
707,0,0.00011,0.0,0.03369,0.0,2e-05,2e-05
708,0,0.00302,0.0,0.01226,0.015,0.00011,0.00011
709,0,0.00024,0.0,0.07134,0.0025,0.00017,0.00017
710,0,5e-05,0.0,0.17957,0.0,3e-05,3e-05
711,0,6e-05,0.0,0.00861,0.0025,3e-05,3e-05
712,0,7e-05,0.0,0.09911,0.0,3e-05,3e-05
713,0,7e-05,0.0,0.03063,0.0,3e-05,3e-05
714,0,0.00053,0.0,0.09907,0.0075,0.00012,0.00012
715,0,6e-05,0.0,0.02013,0.0,2e-05,2e-05
716,0,0.00115,0.0,0.74476,0.0,0.00022,0.00022
717,0,0.00014,0.0,0.09204,0.035,0.00018,0.00018
718,0,5e-05,0.0,0.02675,0.0,1e-05,1e-05
719,0,7e-05,0.0,0.04483,0.0,5e-05,5e-05
720,0,0.02631,0.0,0.39014,0.07,0.00029,0.00029
721,0,0.00043,0.0,0.02127,0.0025,3e-05,3e-05
722,0,3e-05,0.0,0.02277,0.0,2e-05,2e-05
723,0,0.00024,0.0,0.10641,0.0,3e-05,3e-05
724,0,6e-05,0.0,0.06571,0.0,2e-05,2e-05
725,0,9e-05,0.0,0.12134,0.0,3e-05,3e-05
726,0,6e-05,0.0,0.03021,0.0,1e-05,1e-05
727,0,2e-05,0.0,0.02352,0.0,1e-05,1e-05
728,0,8e-05,0.0,0.02433,0.0,2e-05,2e-05
729,0,8e-05,0.0,0.18149,0.0,3e-05,3e-05
730,0,6e-05,0.0,0.04934,0.0,7e-05,7e-05
731,0,0.00014,0.0,0.15299,0.0025,4e-05,4e-05
732,0,0.0001,0.0,0.2514,0.0025,6e-05,6e-05
733,0,0.00086,0.0,0.104,0.01,5e-05,5e-05
734,0,0.00012,0.0,0.10901,0.0025,3e-05,3e-05
735,0,6e-05,0.0,0.61158,0.0125,0.0001,0.0001
736,0,3e-05,0.0,0.05053,0.0,1e-05,1e-05
737,0,9e-05,0.0,0.07466,0.0,3e-05,3e-05
738,0,6e-05,0.0,0.04981,0.0,5e-05,5e-05
739,0,5e-05,0.0,0.15641,0.0,2e-05,2e-05
740,0,0.00023,0.0,0.20385,0.005,0.0002,0.0002
741,0,5e-05,0.0,0.14804,0.0,1e-05,1e-05
742,0,8e-05,0.0,0.10524,0.0,5e-05,5e-05
743,0,4e-05,0.0,0.07954,0.0,5e-05,5e-05
744,0,0.18487,0.0,0.62791,0.065,0.00324,0.00324
745,0,0.00029,0.0,0.15657,0.005,4e-05,4e-05
746,0,0.00119,0.0,0.36196,0.0125,0.00011,0.00011
747,1,0.91021,1.0,0.93503,0.9,0.99953,1.0
748,0,0.00201,0.0,0.51914,0.045,0.00017,0.00017
749,0,0.00674,0.0,0.14594,0.0375,0.0008,0.0008
750,0,0.05663,0.0,0.31511,0.255,0.01802,0.01802
751,0,0.00922,0.0,0.1697,0.205,0.03831,0.03831
752,0,0.00167,0.0,0.13088,0.1025,0.00649,0.00649
753,0,0.05391,0.0,0.44782,0.315,0.03103,0.03103
754,0,0.00662,0.0,0.18104,0.0425,0.0004,0.0004
755,0,0.00309,0.0,0.22539,0.035,0.00039,0.00039
756,0,0.00095,0.0,0.20466,0.015,0.00025,0.00025
757,0,0.09067,0.0,0.18088,0.0925,0.00968,0.00968
758,0,0.04828,0.0,0.16021,0.125,0.00387,0.00387
759,0,0.02134,0.0,0.29145,0.01,0.00059,0.00059
760,0,0.03449,0.0,0.14084,0.1375,0.00322,0.00322
761,0,0.03773,0.0,0.28912,0.1625,0.02377,0.02377
762,0,0.03569,0.0,0.23916,0.135,0.00658,0.00658
763,0,0.00214,0.0,0.50022,0.0225,0.00026,0.00026
764,0,0.00025,0.0,0.03115,0.0075,5e-05,5e-05
765,0,0.00045,0.0,0.28605,0.005,9e-05,9e-05
766,0,0.00011,0.0,0.19783,0.0,0.00017,0.00017
767,0,1e-05,0.0,0.00296,0.0,2e-05,2e-05
768,0,6e-05,0.0,0.00137,0.0,4e-05,4e-05
769,0,2e-05,0.0,0.00161,0.0,5e-05,5e-05
770,0,0.00047,0.0,0.02813,0.0025,0.00015,0.00015
771,0,0.00038,0.0,0.1414,0.005,5e-05,5e-05
772,0,0.00055,0.0,0.3948,0.0075,0.00044,0.00044
773,0,0.00022,0.0,0.04003,0.015,0.00028,0.00028
774,0,4e-05,0.0,0.00623,0.0,2e-05,2e-05
775,0,0.00011,0.0,0.04438,0.0,0.00017,0.00017
776,0,0.0001,0.0,0.02805,0.0,7e-05,7e-05
777,0,5e-05,0.0,0.00849,0.0,2e-05,2e-05
778,0,5e-05,0.0,0.04908,0.0025,0.00017,0.00017
779,0,2e-05,0.0,0.00277,0.0,2e-05,2e-05
780,0,5e-05,0.0,0.00262,0.0025,9e-05,9e-05
781,0,0.00018,0.0,0.06681,0.0025,5e-05,5e-05
782,0,2e-05,0.0,0.00309,0.0,6e-05,6e-05
783,0,9e-05,0.0,0.00314,0.0,1e-05,1e-05
784,0,8e-05,0.0,0.00209,0.0,4e-05,4e-05
785,0,3e-05,0.0,0.00391,0.005,8e-05,8e-05
786,0,8e-05,0.0,0.01808,0.0,3e-05,3e-05
787,0,0.0001,0.0,0.00359,0.0,3e-05,3e-05
788,0,0.00017,0.0,0.04096,0.0025,5e-05,5e-05
789,0,8e-05,0.0,0.02907,0.005,9e-05,9e-05
790,0,3e-05,0.0,0.00477,0.0025,2e-05,2e-05
791,0,7e-05,0.0,0.04712,0.0,7e-05,7e-05
792,0,3e-05,0.0,0.00767,0.0,4e-05,4e-05
793,0,0.00018,0.0,0.05318,0.015,3e-05,3e-05
794,0,2e-05,0.0,0.0052,0.0025,2e-05,2e-05
795,0,0.00021,0.0,0.00449,0.0,5e-05,5e-05
796,0,0.00028,0.0,0.01356,0.0,7e-05,7e-05
797,0,0.0002,0.0,0.02555,0.0075,0.00022,0.00022
798,0,3e-05,0.0,0.02282,0.0,1e-05,1e-05
799,0,0.00018,0.0,0.00987,0.0,6e-05,6e-05
800,0,0.00024,0.0,0.01103,0.0,3e-05,3e-05
801,0,0.00016,0.0,0.01304,0.0,2e-05,2e-05
802,0,0.00013,0.0,0.51505,0.0,0.00013,0.00013
803,0,7e-05,0.0,0.01913,0.0,6e-05,6e-05
804,0,0.00046,0.0,0.01894,0.005,0.00019,0.00019
805,0,0.00028,0.0,0.02022,0.0,0.00014,0.00014
806,0,0.00016,0.0,0.1209,0.0,2e-05,2e-05
807,0,0.00064,0.0,0.20349,0.0075,0.00012,0.00012
808,0,0.00027,0.0,0.03518,0.0,8e-05,8e-05
809,0,0.0001,0.0,0.09459,0.0,2e-05,2e-05
810,0,0.00029,0.0,0.13471,0.0,3e-05,3e-05
811,0,6e-05,0.0,0.04977,0.0,5e-05,5e-05
812,0,0.0001,0.0,0.03996,0.0,6e-05,6e-05
813,0,0.0001,0.0,0.16582,0.0025,5e-05,5e-05
814,0,5e-05,0.0,0.05878,0.0,2e-05,2e-05
815,0,7e-05,0.0,0.11413,0.0,5e-05,5e-05
816,0,3e-05,0.0,0.03915,0.0,4e-05,4e-05
817,0,8e-05,0.0,0.23108,0.0,6e-05,6e-05
818,0,0.00028,0.0,0.45232,0.0,4e-05,4e-05
819,0,0.00029,0.0,0.42239,0.0,3e-05,3e-05
820,0,0.00025,0.0,0.23834,0.0,4e-05,4e-05
821,0,0.00026,0.0,0.06754,0.0,3e-05,3e-05
822,0,7e-05,0.0,0.09969,0.0,2e-05,2e-05
823,0,0.00014,0.0,0.03964,0.0,4e-05,4e-05
824,0,8e-05,0.0,0.06551,0.0,2e-05,2e-05
825,0,0.0001,0.0,0.15149,0.0,4e-05,4e-05
826,0,0.00015,0.0,0.11725,0.0,0.00011,0.00011
827,0,8e-05,0.0,0.09487,0.0,2e-05,2e-05
828,0,0.00024,0.0,0.14404,0.0,1e-05,1e-05
829,0,4e-05,0.0,0.0756,0.0,3e-05,3e-05
830,0,0.00011,0.0,0.06885,0.0,2e-05,2e-05
831,0,0.00015,0.0,0.07461,0.0,3e-05,3e-05
832,0,5e-05,0.0,0.0928,0.0,2e-05,2e-05
833,0,0.00021,0.0,0.11227,0.0,6e-05,6e-05
834,0,0.00055,0.0,0.05963,0.015,0.00014,0.00014
835,0,0.00014,0.0,0.4525,0.01,0.00012,0.00012
836,0,9e-05,0.0,0.08244,0.0,6e-05,6e-05
837,0,0.00021,0.0,0.35279,0.0025,4e-05,4e-05
838,0,0.0001,0.0,0.3224,0.0025,9e-05,9e-05
839,0,0.00076,0.0,0.21,0.0075,7e-05,7e-05
840,0,5e-05,0.0,0.11101,0.0,1e-05,1e-05
841,0,0.0001,0.0,0.12561,0.01,0.00015,0.00015
842,0,0.00045,0.0,0.33184,0.0275,0.0005,0.0005
843,0,0.00181,0.0,0.09572,0.0725,0.00066,0.00066
844,0,0.00035,0.0,0.25574,0.0175,0.00016,0.00016
845,0,0.04853,0.0,0.13412,0.205,0.03453,0.03453
846,0,0.11467,0.0,0.25505,0.335,0.25137,0.25137
847,0,0.00958,0.0,0.42961,0.2725,0.00166,0.00166
848,1,0.02079,1.0,1.0,0.6475,0.03353,1.0
849,0,0.02576,0.0,0.36516,0.105,0.00055,0.00055
850,0,0.00045,0.0,0.00154,0.0,0.00024,0.00024
851,0,4e-05,0.0,0.00138,0.0,4e-05,4e-05
852,0,3e-05,0.0,0.02933,0.0025,5e-05,5e-05
853,0,2e-05,0.0,0.0483,0.0025,0.0001,0.0001
854,0,5e-05,0.0,0.03518,0.0,2e-05,2e-05
855,0,5e-05,0.0,0.00505,0.0,2e-05,2e-05
856,0,5e-05,0.0,0.00166,0.0,8e-05,8e-05
857,0,0.00251,0.0,0.00277,0.0,6e-05,6e-05
858,0,0.00011,0.0,0.15272,0.0025,2e-05,2e-05
859,0,7e-05,0.0,0.0038,0.0,3e-05,3e-05
860,0,4e-05,0.0,0.00716,0.0025,4e-05,4e-05
861,0,9e-05,0.0,0.0013,0.0,2e-05,2e-05
862,0,0.0002,0.0,0.0036,0.0025,6e-05,6e-05
863,0,4e-05,0.0,0.00158,0.0,3e-05,3e-05
864,0,0.00011,0.0,0.03655,0.0,2e-05,2e-05
865,0,7e-05,0.0,0.00784,0.0,2e-05,2e-05
866,0,0.00017,0.0,0.1167,0.0,6e-05,6e-05
867,0,0.0003,0.0,0.00411,0.0,0.00013,0.00013
868,0,7e-05,0.0,0.00547,0.0025,5e-05,5e-05
869,0,4e-05,0.0,0.00878,0.0,2e-05,2e-05
870,0,0.00016,0.0,0.16944,0.0,5e-05,5e-05
871,0,0.00033,0.0,0.56079,0.0,0.00023,0.00023
872,0,0.00021,0.0,0.33799,0.0,7e-05,7e-05
873,0,6e-05,0.0,0.24774,0.005,4e-05,4e-05
874,0,0.00096,0.0,0.01501,0.0,0.00015,0.00015
875,0,0.00028,0.0,0.00641,0.0,6e-05,6e-05
876,0,0.00035,0.0,0.05435,0.0,3e-05,3e-05
877,0,0.00033,0.0,0.01532,0.005,0.00014,0.00014
878,0,0.0007,0.0,0.00836,0.0,0.00012,0.00012
879,0,0.00014,0.0,0.00954,0.0,3e-05,3e-05
880,0,0.00057,0.0,0.49035,0.0,0.0001,0.0001
881,1,0.5327,1.0,0.9979,0.8525,0.99922,1.0
882,0,4e-05,0.0,0.08975,0.0,5e-05,5e-05
883,0,0.00655,0.0,0.00868,0.005,8e-05,8e-05
884,0,7e-05,0.0,0.01791,0.0,3e-05,3e-05
885,0,0.00017,0.0,0.23918,0.0,4e-05,4e-05
886,0,0.00059,0.0,0.31099,0.0025,6e-05,6e-05
887,0,6e-05,0.0,0.05649,0.0,2e-05,2e-05
888,0,0.03906,0.0,0.18508,0.0275,0.00623,0.00623
889,0,0.00255,0.0,0.01372,0.0,0.00018,0.00018
890,0,0.00017,0.0,0.19781,0.0,7e-05,7e-05
891,0,0.00075,0.0,0.42257,0.0,0.00011,0.00011
892,0,0.00011,0.0,0.24628,0.0025,3e-05,3e-05
893,0,0.00031,0.0,0.61508,0.005,8e-05,8e-05
894,0,0.00045,0.0,0.07438,0.0,3e-05,3e-05
895,0,0.0003,0.0,0.21106,0.0,7e-05,7e-05
896,0,0.00017,0.0,0.25012,0.005,0.00015,0.00015
897,0,0.00023,0.0,0.03779,0.0,9e-05,9e-05
898,0,0.00025,0.0,0.03006,0.0,0.00014,0.00014
899,0,0.00046,0.0,0.2636,0.0,8e-05,8e-05
900,0,0.00015,0.0,0.54504,0.0075,0.00022,0.00022
901,0,0.00157,0.0,0.04519,0.0,4e-05,4e-05
902,0,0.00303,0.0,0.93943,0.02,0.00052,0.00052
903,0,5e-05,0.0,0.3814,0.0075,2e-05,2e-05
904,1,0.00104,1.0,0.79815,0.6375,0.01909,1.0
905,0,5e-05,0.0,0.17471,0.0025,0.00014,0.00014
906,0,0.00032,0.0,0.12904,0.0,2e-05,2e-05
907,0,0.00056,0.0,0.24677,0.0,6e-05,6e-05
908,0,0.0015,0.0,0.05087,0.0775,0.03739,0.03739
909,0,2e-05,0.0,0.07135,0.0,1e-05,1e-05
910,0,0.0003,0.0,0.14724,0.0025,0.00012,0.00012
911,0,0.00059,0.0,0.0952,0.0,0.00018,0.00018
912,0,0.00033,0.0,0.14543,0.0,4e-05,4e-05
913,0,0.0004,0.0,0.14864,0.0,6e-05,6e-05
914,0,0.00156,0.0,0.10035,0.0075,0.00033,0.00033
915,0,0.00027,0.0,0.09552,0.005,2e-05,2e-05
916,0,0.00025,0.0,0.11843,0.0,0.00012,0.00012
917,0,5e-05,0.0,0.09034,0.0,4e-05,4e-05
918,0,0.00156,0.0,0.45318,0.01,8e-05,8e-05
919,0,0.0003,0.0,0.15741,0.0025,0.00039,0.00039
920,0,0.00017,0.0,0.57623,0.0,7e-05,7e-05
921,0,0.00024,0.0,0.168,0.0,1e-05,1e-05
922,0,0.00073,0.0,0.11808,0.005,0.00021,0.00021
923,0,0.03225,0.0,0.55565,0.0425,7e-05,7e-05
924,0,0.00258,0.0,0.34846,0.0325,0.00116,0.00116
925,0,0.01046,0.0,0.25434,0.0675,0.00074,0.00074
926,0,0.01802,0.0,0.09987,0.1175,0.00279,0.00279
927,1,0.854,1.0,0.81273,0.7125,0.90939,1.0
928,0,0.00059,0.0,0.08336,0.005,0.00018,0.00018
929,0,0.00103,0.0,0.00375,0.0,0.00023,0.00023
930,0,7e-05,0.0,0.0875,0.0,0.00012,0.00012
931,0,0.00016,0.0,0.02425,0.0,4e-05,4e-05
932,0,0.00019,0.0,0.00364,0.0,3e-05,3e-05
933,0,3e-05,0.0,0.12698,0.0025,6e-05,6e-05
934,0,8e-05,0.0,0.00413,0.0,3e-05,3e-05
935,0,0.00023,0.0,0.09517,0.0025,5e-05,5e-05
936,0,0.00018,0.0,0.00301,0.0,6e-05,6e-05
937,0,8e-05,0.0,0.02966,0.0,5e-05,5e-05
938,0,0.02753,0.0,0.83562,0.0275,0.00092,0.00092
939,0,0.00201,0.0,0.00346,0.0,0.00064,0.00064
940,0,0.00011,0.0,0.01084,0.0,5e-05,5e-05
941,0,0.0001,0.0,0.05824,0.0,3e-05,3e-05
942,0,0.00052,0.0,0.00268,0.0,7e-05,7e-05
943,0,0.00017,0.0,0.01934,0.0025,3e-05,3e-05
944,0,0.00048,0.0,0.0209,0.0075,6e-05,6e-05
945,0,0.00034,0.0,0.00229,0.005,0.00017,0.00017
946,0,7e-05,0.0,0.1388,0.005,3e-05,3e-05
947,0,0.00044,0.0,0.53092,0.0,0.00061,0.00061
948,0,0.0005,0.0,0.04093,0.0,6e-05,6e-05
949,0,0.00057,0.0,0.03553,0.0,4e-05,4e-05
950,0,5e-05,0.0,0.00597,0.0,4e-05,4e-05
951,0,0.00032,0.0,0.03312,0.0,2e-05,2e-05
952,0,0.00086,0.0,0.00662,0.0,0.00013,0.00013
953,0,0.00032,0.0,0.09019,0.0025,0.0001,0.0001
954,0,0.00015,0.0,0.00815,0.0,3e-05,3e-05
955,0,0.00016,0.0,0.02409,0.0025,5e-05,5e-05
956,0,0.00048,0.0,0.01297,0.0,0.00014,0.00014
957,0,7e-05,0.0,0.00472,0.0,5e-05,5e-05
958,0,7e-05,0.0,0.02229,0.0075,6e-05,6e-05
959,0,6e-05,0.0,0.14688,0.0,2e-05,2e-05
960,0,0.0002,0.0,0.0168,0.0,3e-05,3e-05
961,0,4e-05,0.0,0.0224,0.0,2e-05,2e-05
962,0,3e-05,0.0,0.03563,0.0,1e-05,1e-05
963,0,8e-05,0.0,0.03366,0.0,1e-05,1e-05
964,0,0.0001,0.0,0.01258,0.0,4e-05,4e-05
965,0,0.00055,0.0,0.01185,0.0,8e-05,8e-05
966,0,0.00011,0.0,0.07108,0.0,4e-05,4e-05
967,0,3e-05,0.0,0.01083,0.0,1e-05,1e-05
968,0,3e-05,0.0,0.02245,0.0,2e-05,2e-05
969,0,3e-05,0.0,0.03575,0.0,1e-05,1e-05
970,0,7e-05,0.0,0.05753,0.0,3e-05,3e-05
971,0,7e-05,0.0,0.02647,0.0,6e-05,6e-05
972,0,7e-05,0.0,0.04486,0.0,3e-05,3e-05
973,0,0.00012,0.0,0.02412,0.0,4e-05,4e-05
974,0,0.00041,0.0,0.01978,0.0,5e-05,5e-05
975,0,0.00012,0.0,0.03768,0.0,4e-05,4e-05
976,0,3e-05,0.0,0.02444,0.0,1e-05,1e-05
977,0,6e-05,0.0,0.29193,0.0,2e-05,2e-05
978,0,0.00405,0.0,0.06215,0.0,9e-05,9e-05
979,0,2e-05,0.0,0.06089,0.0,2e-05,2e-05
980,0,0.00016,0.0,0.4852,0.0,3e-05,3e-05
981,0,6e-05,0.0,0.14868,0.0,1e-05,1e-05
982,0,2e-05,0.0,0.03568,0.0,3e-05,3e-05
983,0,6e-05,0.0,0.06412,0.0,3e-05,3e-05
984,0,0.0001,0.0,0.04464,0.0,5e-05,5e-05
985,0,8e-05,0.0,0.26821,0.0,2e-05,2e-05
986,0,0.00071,0.0,0.0379,0.0,0.00018,0.00018
987,0,0.00103,0.0,0.03195,0.0,3e-05,3e-05
988,0,0.00022,0.0,0.04077,0.0,3e-05,3e-05
989,0,0.00228,0.0,0.04108,0.0,0.00014,0.00014
990,0,0.0005,0.0,0.33852,0.0025,0.00016,0.00016
991,0,0.00026,0.0,0.34486,0.0,2e-05,2e-05
992,0,6e-05,0.0,0.06919,0.0,2e-05,2e-05
993,0,5e-05,0.0,0.05794,0.0,3e-05,3e-05
994,0,9e-05,0.0,0.05342,0.0,2e-05,2e-05
995,0,0.06904,0.0,0.97558,0.1675,0.00073,0.00073
996,0,0.00037,0.0,0.07724,0.0,0.00032,0.00032
997,0,0.0001,0.0,0.57283,0.0125,4e-05,4e-05
998,0,0.00018,0.0,0.21562,0.0,3e-05,3e-05
999,0,0.00052,0.0,0.34248,0.0025,0.00016,0.00016
1000,0,5e-05,0.0,0.09103,0.0,4e-05,4e-05
1001,0,0.00051,0.0,0.11564,0.0025,5e-05,5e-05
1002,0,4e-05,0.0,0.10456,0.0,3e-05,3e-05
1003,0,0.00013,0.0,0.10443,0.0,0.00012,0.00012
1004,0,0.0003,0.0,0.3626,0.0,4e-05,4e-05
1005,0,0.00012,0.0,0.16571,0.0025,0.00011,0.00011
1006,0,0.00847,0.0,0.58341,0.085,0.00054,0.00054
1007,0,0.26153,0.0,0.61338,0.2,0.10438,0.10438
1008,0,2e-05,0.0,0.00077,0.0,2e-05,2e-05
1009,0,2e-05,0.0,0.00719,0.005,2e-05,2e-05
1010,0,0.00017,0.0,0.01203,0.0,3e-05,3e-05
1011,0,6e-05,0.0,0.00139,0.0,2e-05,2e-05
1012,0,8e-05,0.0,0.00702,0.0,2e-05,2e-05
1013,0,7e-05,0.0,0.0033,0.0,3e-05,3e-05
1014,0,5e-05,0.0,0.00074,0.0,4e-05,4e-05
1015,0,0.00014,0.0,0.01242,0.0,2e-05,2e-05
1016,0,0.0002,0.0,0.02328,0.0025,4e-05,4e-05
1017,1,0.99252,1.0,0.89038,0.9475,0.99927,1.0
1018,0,3e-05,0.0,0.00232,0.0,2e-05,2e-05
1019,0,0.00063,0.0,0.64012,0.0,0.0005,0.0005
1020,0,0.00027,0.0,0.12738,0.0,0.00012,0.00012
1021,0,0.0006,0.0,0.33799,0.01,0.00013,0.00013
1022,0,0.00023,0.0,0.01195,0.0,4e-05,4e-05
1023,0,3e-05,0.0,0.00551,0.0,2e-05,2e-05
1024,0,0.00043,0.0,0.00294,0.0,5e-05,5e-05
1025,0,5e-05,0.0,0.00308,0.0025,8e-05,8e-05
1026,0,3e-05,0.0,0.00693,0.005,3e-05,3e-05
1027,0,0.00013,0.0,0.00576,0.0,2e-05,2e-05
1028,0,7e-05,0.0,0.13093,0.005,0.00014,0.00014
1029,0,6e-05,0.0,0.01264,0.0,3e-05,3e-05
1030,0,7e-05,0.0,0.00514,0.0025,4e-05,4e-05
1031,0,5e-05,0.0,0.00371,0.0,2e-05,2e-05
1032,0,6e-05,0.0,0.00611,0.0,5e-05,5e-05
1033,0,3e-05,0.0,0.00559,0.0,3e-05,3e-05
1034,0,0.0001,0.0,0.00478,0.0,0.00011,0.00011
1035,0,0.00066,0.0,0.00821,0.0025,0.00023,0.00023
1036,0,0.00025,0.0,0.09091,0.0,4e-05,4e-05
1037,0,4e-05,0.0,0.00398,0.0,2e-05,2e-05
1038,0,0.00037,0.0,0.00401,0.0,3e-05,3e-05
1039,0,7e-05,0.0,0.02308,0.0,1e-05,1e-05
1040,0,2e-05,0.0,0.01487,0.0,2e-05,2e-05
1041,0,5e-05,0.0,0.03687,0.0,1e-05,1e-05
1042,0,0.00011,0.0,0.00951,0.0,4e-05,4e-05
1043,0,0.00014,0.0,0.0174,0.0,7e-05,7e-05
1044,0,0.0002,0.0,0.06551,0.0175,0.00037,0.00037
1045,0,7e-05,0.0,0.03894,0.0,2e-05,2e-05
1046,0,0.00063,0.0,0.17773,0.0,0.0001,0.0001
1047,0,0.00014,0.0,0.20209,0.0025,7e-05,7e-05
1048,0,0.00143,0.0,0.11828,0.0025,0.00025,0.00025
1049,0,0.00012,0.0,0.01289,0.0,3e-05,3e-05
1050,0,7e-05,0.0,0.08228,0.0,3e-05,3e-05
1051,0,0.00068,0.0,0.01176,0.0,4e-05,4e-05
1052,0,6e-05,0.0,0.02398,0.0,6e-05,6e-05
1053,0,0.00072,0.0,0.02855,0.0025,9e-05,9e-05
1054,0,4e-05,0.0,0.01284,0.0,3e-05,3e-05
1055,0,0.00089,0.0,0.01277,0.0,8e-05,8e-05
1056,0,8e-05,0.0,0.04317,0.0,2e-05,2e-05
1057,0,5e-05,0.0,0.03796,0.0,2e-05,2e-05
1058,0,6e-05,0.0,0.03141,0.0,4e-05,4e-05
1059,0,8e-05,0.0,0.02334,0.0,9e-05,9e-05
1060,0,6e-05,0.0,0.02676,0.0,3e-05,3e-05
1061,0,0.00012,0.0,0.23831,0.0,7e-05,7e-05
1062,0,5e-05,0.0,0.23855,0.005,3e-05,3e-05
1063,0,0.00019,0.0,0.30323,0.0,5e-05,5e-05
1064,0,2e-05,0.0,0.02397,0.0,2e-05,2e-05
1065,0,7e-05,0.0,0.10544,0.005,6e-05,6e-05
1066,0,0.00051,0.0,0.03912,0.0,0.00022,0.00022
1067,0,0.00019,0.0,0.05513,0.0,4e-05,4e-05
1068,0,0.00014,0.0,0.17245,0.0,3e-05,3e-05
1069,0,0.00015,0.0,0.30871,0.0,2e-05,2e-05
1070,0,6e-05,0.0,0.05522,0.0,3e-05,3e-05
1071,0,0.00012,0.0,0.06561,0.0,0.0001,0.0001
1072,0,0.00018,0.0,0.32112,0.0,0.00023,0.00023
1073,0,0.0002,0.0,0.21641,0.0025,0.00013,0.00013
1074,0,0.00012,0.0,0.32064,0.0,3e-05,3e-05
1075,0,5e-05,0.0,0.05783,0.0,3e-05,3e-05
1076,0,0.00023,0.0,0.60857,0.0075,4e-05,4e-05
1077,0,0.00018,0.0,0.0776,0.0,2e-05,2e-05
1078,0,0.00021,0.0,0.10564,0.0,0.00013,0.00013
1079,0,8e-05,0.0,0.04684,0.0,2e-05,2e-05
1080,0,0.00018,0.0,0.11734,0.0075,6e-05,6e-05
1081,0,0.0002,0.0,0.1279,0.005,0.0002,0.0002
1082,0,0.00023,0.0,0.19373,0.0025,0.00014,0.00014
1083,0,5e-05,0.0,0.15642,0.0025,9e-05,9e-05
1084,0,0.00012,0.0,0.10654,0.0025,3e-05,3e-05
1085,0,0.00033,0.0,0.2795,0.025,7e-05,7e-05
1086,1,0.73984,1.0,0.76656,0.9025,0.97326,1.0
1087,0,0.00733,0.0,0.41165,0.045,0.00162,0.00162
1088,1,0.00215,0.0,0.08897,0.0425,0.00272,0.00272
1089,0,0.00018,0.0,0.00997,0.0025,2e-05,2e-05
1090,0,9e-05,0.0,0.00187,0.0,0.00017,0.00017
1091,0,7e-05,0.0,0.00877,0.0,4e-05,4e-05
1092,0,4e-05,0.0,0.02857,0.0,1e-05,1e-05
1093,0,4e-05,0.0,0.00121,0.0025,3e-05,3e-05
1094,0,2e-05,0.0,0.00675,0.0,4e-05,4e-05
1095,0,0.00027,0.0,0.0349,0.0,4e-05,4e-05
1096,1,0.34713,1.0,0.91512,0.9575,0.98608,1.0
1097,0,0.00014,0.0,0.004,0.0,1e-05,1e-05
1098,0,0.00103,0.0,0.03645,0.0025,0.00013,0.00013
1099,0,0.00014,0.0,0.00548,0.0,9e-05,9e-05
1100,0,5e-05,0.0,0.01438,0.0,3e-05,3e-05
1101,0,8e-05,0.0,0.00238,0.0,7e-05,7e-05
1102,0,0.0001,0.0,0.00347,0.0,5e-05,5e-05
1103,0,0.00026,0.0,0.35846,0.0,7e-05,7e-05
1104,0,2e-05,0.0,0.00836,0.0,2e-05,2e-05
1105,0,4e-05,0.0,0.0356,0.0,2e-05,2e-05
1106,0,0.00011,0.0,0.00223,0.0,0.00011,0.00011
1107,0,2e-05,0.0,0.0109,0.0,4e-05,4e-05
1108,0,2e-05,0.0,0.01562,0.0,1e-05,1e-05
1109,0,4e-05,0.0,0.03575,0.0,1e-05,1e-05
1110,0,0.00013,0.0,0.00753,0.0,2e-05,2e-05
1111,0,0.00032,0.0,0.34295,0.0025,9e-05,9e-05
1112,0,0.00017,0.0,0.04859,0.0025,9e-05,9e-05
1113,0,0.00013,0.0,0.36567,0.005,2e-05,2e-05
1114,0,7e-05,0.0,0.00525,0.0,2e-05,2e-05
1115,0,0.00027,0.0,0.00637,0.0025,5e-05,5e-05
1116,0,0.00046,0.0,0.0251,0.0,8e-05,8e-05
1117,0,0.0001,0.0,0.01817,0.0,4e-05,4e-05
1118,0,4e-05,0.0,0.02489,0.0,1e-05,1e-05
1119,0,4e-05,0.0,0.04019,0.0,2e-05,2e-05
1120,0,0.00054,0.0,0.65285,0.015,0.0001,0.0001
1121,0,8e-05,0.0,0.00417,0.0,4e-05,4e-05
1122,0,6e-05,0.0,0.03686,0.0,2e-05,2e-05
1123,0,4e-05,0.0,0.02101,0.0025,7e-05,7e-05
1124,1,0.38925,1.0,0.56247,0.7,0.82453,1.0
1125,1,0.96814,1.0,0.97103,0.9675,0.9623,1.0
1126,0,0.00014,0.0,0.23111,0.0075,7e-05,7e-05
1127,0,2e-05,0.0,0.01615,0.0,4e-05,4e-05
1128,0,5e-05,0.0,0.01147,0.0,1e-05,1e-05
1129,0,9e-05,0.0,0.01586,0.0,3e-05,3e-05
1130,0,3e-05,0.0,0.01602,0.0,5e-05,5e-05
1131,0,6e-05,0.0,0.14303,0.0,3e-05,3e-05
1132,0,4e-05,0.0,0.02465,0.0,2e-05,2e-05
1133,0,0.00051,0.0,0.88985,0.0375,0.00032,0.00032
1134,0,8e-05,0.0,0.13319,0.005,5e-05,5e-05
1135,0,0.00055,0.0,0.2174,0.0025,0.00011,0.00011
1136,0,5e-05,0.0,0.04944,0.0,2e-05,2e-05
1137,0,0.00029,0.0,0.04727,0.0,0.00019,0.00019
1138,0,9e-05,0.0,0.02705,0.0,6e-05,6e-05
1139,0,0.00013,0.0,0.10808,0.0,2e-05,2e-05
1140,0,2e-05,0.0,0.02215,0.0,3e-05,3e-05
1141,0,4e-05,0.0,0.12992,0.01,3e-05,3e-05
1142,0,5e-05,0.0,0.03589,0.0,2e-05,2e-05
1143,0,5e-05,0.0,0.14363,0.0,1e-05,1e-05
1144,0,0.00017,0.0,0.09706,0.0,2e-05,2e-05
1145,1,0.97703,1.0,0.9768,0.875,0.99904,1.0
1146,0,6e-05,0.0,0.0528,0.0,7e-05,7e-05
1147,0,3e-05,0.0,0.10795,0.0,2e-05,2e-05
1148,0,0.00021,0.0,0.03812,0.005,4e-05,4e-05
1149,0,0.00059,0.0,0.76806,0.0125,8e-05,8e-05
1150,0,0.00031,0.0,0.12855,0.0,3e-05,3e-05
1151,0,0.0001,0.0,0.32976,0.0,0.0001,0.0001
1152,0,0.00011,0.0,0.44143,0.0025,6e-05,6e-05
1153,0,2e-05,0.0,0.10959,0.0,8e-05,8e-05
1154,0,4e-05,0.0,0.13776,0.0,2e-05,2e-05
1155,0,7e-05,0.0,0.06424,0.0175,0.00059,0.00059
1156,0,4e-05,0.0,0.08205,0.015,0.00011,0.00011
1157,0,8e-05,0.0,0.1169,0.0125,0.00015,0.00015
1158,0,0.00013,0.0,0.13166,0.0025,0.00013,0.00013
1159,0,0.00016,0.0,0.368,0.0075,7e-05,7e-05
1160,0,0.00244,0.0,0.12527,0.0,0.00083,0.00083
1161,0,0.00073,0.0,0.12543,0.01,0.00018,0.00018
1162,1,0.95028,1.0,0.92877,0.94,0.9782,1.0
1163,1,0.79131,1.0,0.72229,0.875,0.98566,1.0
1164,0,0.00278,0.0,0.46566,0.0775,0.00022,0.00022
1165,0,0.00754,0.0,0.1433,0.0525,0.00466,0.00466
1166,0,0.32607,0.0,0.19264,0.2675,0.06356,0.06356
1167,0,0.18451,0.0,0.15264,0.2,0.05149,0.05149
1168,1,0.45137,1.0,0.66988,0.845,0.99332,1.0
1169,0,0.02902,0.0,0.17896,0.2575,0.01081,0.01081
1170,0,0.33479,0.0,0.47127,0.3675,0.07719,0.07719
1171,0,0.01335,0.0,0.24467,0.1575,0.00443,0.00443
1172,0,0.07291,0.0,0.15239,0.0575,0.00168,0.00168
1173,0,0.39755,0.0,0.23538,0.2075,0.02738,0.02738
1174,0,0.13139,0.0,0.15491,0.245,0.13769,0.13769
1175,0,6e-05,0.0,0.01214,0.0025,4e-05,4e-05
1176,0,3e-05,0.0,0.00173,0.0,2e-05,2e-05
1177,0,4e-05,0.0,0.00563,0.0025,7e-05,7e-05
1178,0,2e-05,0.0,0.0025,0.0,1e-05,1e-05
1179,0,0.0446,0.0,0.35687,0.0925,0.00098,0.00098
1180,0,2e-05,0.0,0.01447,0.0025,6e-05,6e-05
1181,0,4e-05,0.0,0.00249,0.0,1e-05,1e-05
1182,0,0.00015,0.0,0.11379,0.0,0.0001,0.0001
1183,0,5e-05,0.0,0.04996,0.0,3e-05,3e-05
1184,0,3e-05,0.0,0.00733,0.0,3e-05,3e-05
1185,0,4e-05,0.0,0.02589,0.0,4e-05,4e-05
1186,0,3e-05,0.0,0.02102,0.0,4e-05,4e-05
1187,0,0.00014,0.0,0.04723,0.005,9e-05,9e-05
1188,0,4e-05,0.0,0.00367,0.0,2e-05,2e-05
1189,0,0.00011,0.0,0.18946,0.0075,0.00013,0.00013
1190,0,2e-05,0.0,0.00175,0.0,4e-05,4e-05
1191,0,3e-05,0.0,0.01585,0.0,2e-05,2e-05
1192,0,2e-05,0.0,0.00195,0.0,4e-05,4e-05
1193,0,8e-05,0.0,0.01651,0.0,0.0001,0.0001
1194,0,0.00015,0.0,0.16431,0.0025,7e-05,7e-05
1195,0,1e-05,0.0,0.01242,0.0,1e-05,1e-05
1196,0,4e-05,0.0,0.04937,0.0,4e-05,4e-05
1197,0,3e-05,0.0,0.00604,0.0025,2e-05,2e-05
1198,0,9e-05,0.0,0.04325,0.0,1e-05,1e-05
1199,0,3e-05,0.0,0.00717,0.0,4e-05,4e-05
1200,0,2e-05,0.0,0.0095,0.0,6e-05,6e-05
1201,0,0.00018,0.0,0.17452,0.0075,6e-05,6e-05
1202,0,5e-05,0.0,0.01023,0.0,2e-05,2e-05
1203,0,0.00043,0.0,0.14266,0.0,0.00014,0.00014
1204,0,0.00011,0.0,0.07431,0.0025,5e-05,5e-05
1205,0,0.00011,0.0,0.01126,0.0,2e-05,2e-05
1206,0,0.00046,0.0,0.32254,0.0025,0.00015,0.00015
1207,0,0.00031,0.0,0.33031,0.0,0.00026,0.00026
1208,0,3e-05,0.0,0.00992,0.0025,1e-05,1e-05
1209,0,7e-05,0.0,0.04971,0.0,2e-05,2e-05
1210,0,0.80422,0.0,0.82922,0.2075,0.8742,0.8742
1211,0,4e-05,0.0,0.02408,0.0,8e-05,8e-05
1212,0,4e-05,0.0,0.05808,0.005,4e-05,4e-05
1213,0,0.00033,0.0,0.55602,0.0,7e-05,7e-05
1214,0,7e-05,0.0,0.02192,0.0,1e-05,1e-05
1215,0,5e-05,0.0,0.01374,0.0,2e-05,2e-05
1216,0,8e-05,0.0,0.0169,0.0025,2e-05,2e-05
1217,0,7e-05,0.0,0.04914,0.0,1e-05,1e-05
1218,0,0.0002,0.0,0.07965,0.0,2e-05,2e-05
1219,0,2e-05,0.0,0.01203,0.0,4e-05,4e-05
1220,0,6e-05,0.0,0.05787,0.01,6e-05,6e-05
1221,0,8e-05,0.0,0.01708,0.0025,7e-05,7e-05
1222,0,4e-05,0.0,0.09481,0.0,8e-05,8e-05
1223,0,0.04678,0.0,0.55671,0.1075,0.00058,0.00058
1224,0,9e-05,0.0,0.12369,0.0,3e-05,3e-05
1225,0,6e-05,0.0,0.03222,0.0,4e-05,4e-05
1226,0,4e-05,0.0,0.05243,0.0,3e-05,3e-05
1227,0,5e-05,0.0,0.07834,0.0,1e-05,1e-05
1228,0,0.00019,0.0,0.09303,0.0,5e-05,5e-05
1229,0,6e-05,0.0,0.03297,0.0,2e-05,2e-05
1230,0,0.00017,0.0,0.64571,0.005,0.0001,0.0001
1231,0,0.00056,0.0,0.04996,0.0,0.00077,0.00077
1232,0,7e-05,0.0,0.0398,0.0,3e-05,3e-05
1233,0,7e-05,0.0,0.05393,0.0,2e-05,2e-05
1234,0,0.00042,0.0,0.46935,0.0075,8e-05,8e-05
1235,0,0.00087,0.0,0.92628,0.0775,0.00045,0.00045
1236,0,4e-05,0.0,0.03434,0.0,2e-05,2e-05
1237,0,0.00017,0.0,0.22156,0.0125,5e-05,5e-05
1238,0,5e-05,0.0,0.05546,0.0,4e-05,4e-05
1239,0,4e-05,0.0,0.05244,0.0,5e-05,5e-05
1240,0,0.00014,0.0,0.07494,0.0,0.00022,0.00022
1241,0,6e-05,0.0,0.07484,0.0,4e-05,4e-05
1242,0,9e-05,0.0,0.06073,0.005,8e-05,8e-05
1243,0,0.00026,0.0,0.24922,0.0,9e-05,9e-05
1244,0,0.01203,0.0,0.41368,0.1075,0.00071,0.00071
1245,0,0.00395,0.0,0.1141,0.0625,0.00097,0.00097
1246,0,0.0035,0.0,0.0921,0.0625,0.00156,0.00156
1247,0,0.00413,0.0,0.08212,0.06,0.00088,0.00088
1248,0,0.00074,0.0,0.19728,0.0325,0.0009,0.0009
1249,0,0.00518,0.0,0.19033,0.3375,0.03269,0.03269
1250,0,0.04276,0.0,0.1875,0.24,0.01911,0.01911
1251,0,0.0205,0.0,0.15968,0.2525,0.01422,0.01422
1252,0,0.13628,0.0,0.49433,0.3625,0.04785,0.04785
1253,0,0.04057,0.0,0.23378,0.09,0.00094,0.00094
1254,0,5e-05,0.0,0.33736,0.005,3e-05,3e-05
1255,0,8e-05,0.0,0.01576,0.0025,5e-05,5e-05
1256,0,8e-05,0.0,0.03474,0.0025,3e-05,3e-05
1257,0,1e-05,0.0,0.0019,0.0,1e-05,1e-05
1258,0,5e-05,0.0,0.00917,0.0,1e-05,1e-05
1259,0,0.00016,0.0,0.04365,0.0025,4e-05,4e-05
1260,0,0.00022,0.0,0.073,0.0075,4e-05,4e-05
1261,0,1e-05,0.0,0.0023,0.0,1e-05,1e-05
1262,0,4e-05,0.0,0.00097,0.0025,1e-05,1e-05
1263,0,1e-05,0.0,0.00108,0.0,1e-05,1e-05
1264,0,0.00031,0.0,0.21721,0.0225,6e-05,6e-05
1265,0,0.00334,0.0,0.02296,0.005,0.00019,0.00019
1266,0,2e-05,0.0,0.00306,0.0,2e-05,2e-05
1267,0,5e-05,0.0,0.00294,0.0,1e-05,1e-05
1268,0,8e-05,0.0,0.00407,0.0,2e-05,2e-05
1269,0,0.00013,0.0,0.01977,0.0,4e-05,4e-05
1270,0,6e-05,0.0,0.01436,0.0,2e-05,2e-05
1271,0,0.01967,0.0,0.89237,0.2325,0.00145,0.00145
1272,0,4e-05,0.0,0.00529,0.0,2e-05,2e-05
1273,0,3e-05,0.0,0.00389,0.0,2e-05,2e-05
1274,0,0.0001,0.0,0.07279,0.0,3e-05,3e-05
1275,0,4e-05,0.0,0.00936,0.0,1e-05,1e-05
1276,0,0.00012,0.0,0.07346,0.0025,3e-05,3e-05
1277,0,8e-05,0.0,0.00521,0.0,2e-05,2e-05
1278,0,0.00011,0.0,0.05569,0.0,0.0003,0.0003
1279,0,0.00014,0.0,0.21375,0.0025,0.00011,0.00011
1280,0,9e-05,0.0,0.01238,0.0,3e-05,3e-05
1281,0,2e-05,0.0,0.00977,0.0,1e-05,1e-05
1282,0,0.00016,0.0,0.18498,0.005,0.00016,0.00016
1283,0,5e-05,0.0,0.017,0.0,3e-05,3e-05
1284,0,0.00023,0.0,0.12045,0.0,0.00014,0.00014
1285,1,0.00056,1.0,0.14984,0.4225,0.03294,1.0
1286,0,6e-05,0.0,0.03007,0.0,2e-05,2e-05
1287,0,0.00014,0.0,0.0279,0.0,0.00013,0.00013
1288,0,0.00098,0.0,0.05655,0.0,0.00025,0.00025
1289,0,0.00024,0.0,0.08835,0.0,0.00011,0.00011
1290,0,3e-05,0.0,0.01196,0.0,0.00014,0.00014
1291,0,0.00041,0.0,0.11657,0.005,0.00013,0.00013
1292,0,0.00027,0.0,0.01149,0.0025,0.00021,0.00021
1293,0,0.00103,0.0,0.02271,0.0,4e-05,4e-05
1294,0,3e-05,0.0,0.01259,0.0,6e-05,6e-05
1295,0,0.00012,0.0,0.06207,0.0,5e-05,5e-05
1296,0,0.0002,0.0,0.40531,0.0,7e-05,7e-05
1297,0,0.00011,0.0,0.02702,0.0025,6e-05,6e-05
1298,0,0.00015,0.0,0.10679,0.0,3e-05,3e-05
1299,0,0.00032,0.0,0.4388,0.0025,6e-05,6e-05
1300,0,7e-05,0.0,0.04472,0.0,3e-05,3e-05
1301,0,0.00081,0.0,0.75116,0.0025,7e-05,7e-05
1302,0,0.00015,0.0,0.02786,0.015,9e-05,9e-05
1303,0,0.00023,0.0,0.12532,0.0,6e-05,6e-05
1304,0,0.0001,0.0,0.05819,0.005,3e-05,3e-05
1305,0,0.00083,0.0,0.23908,0.005,0.00014,0.00014
1306,0,0.00141,0.0,0.03144,0.0075,8e-05,8e-05
1307,0,0.0001,0.0,0.09155,0.0,2e-05,2e-05
1308,0,0.0001,0.0,0.12045,0.0,3e-05,3e-05
1309,0,0.0001,0.0,0.04037,0.01,4e-05,4e-05
1310,0,0.0001,0.0,0.04585,0.0,2e-05,2e-05
1311,0,0.00027,0.0,0.20233,0.0,5e-05,5e-05
1312,0,8e-05,0.0,0.05143,0.0225,0.00032,0.00032
1313,0,0.00012,0.0,0.14439,0.0,3e-05,3e-05
1314,0,0.00142,0.0,0.70074,0.01,0.00058,0.00058
1315,0,5e-05,0.0,0.03819,0.0,2e-05,2e-05
1316,0,0.00013,0.0,0.13941,0.0,4e-05,4e-05
1317,0,0.00014,0.0,0.09484,0.0,2e-05,2e-05
1318,0,0.00029,0.0,0.23885,0.0,2e-05,2e-05
1319,0,0.0001,0.0,0.04882,0.0,2e-05,2e-05
1320,0,0.0001,0.0,0.11344,0.0825,0.00215,0.00215
1321,0,8e-05,0.0,0.08057,0.0,6e-05,6e-05
1322,0,0.00086,0.0,0.6132,0.0025,0.00014,0.00014
1323,0,0.00017,0.0,0.29816,0.0025,2e-05,2e-05
1324,0,0.00342,0.0,0.62207,0.0125,0.00135,0.00135
1325,1,0.96327,1.0,0.99563,0.96,0.99936,1.0
1326,0,5e-05,0.0,0.0786,0.0025,7e-05,7e-05
1327,0,0.00121,0.0,0.36162,0.005,6e-05,6e-05
1328,0,0.00493,0.0,0.15038,0.0425,0.00332,0.00332
1329,0,0.0033,0.0,0.09887,0.055,0.0034,0.0034
1330,0,0.00552,0.0,0.06581,0.095,0.00116,0.00116
1331,0,0.00611,0.0,0.15021,0.2475,0.00931,0.00931
1332,0,0.00404,0.0,0.11187,0.0875,0.00653,0.00653
1333,0,0.03103,0.0,0.30708,0.3125,0.0619,0.0619
1334,0,0.01427,0.0,0.11875,0.1525,0.00256,0.00256
1335,1,0.51657,1.0,0.62662,0.8975,0.18018,1.0
1336,1,0.99247,1.0,0.71236,0.9875,0.99991,1.0
1337,0,0.03495,0.0,0.17967,0.1025,0.01073,0.01073
1338,0,2e-05,0.0,0.00071,0.0025,2e-05,2e-05
1339,0,3e-05,0.0,0.00089,0.0,3e-05,3e-05
1340,0,2e-05,0.0,0.00061,0.0,1e-05,1e-05
1341,0,3e-05,0.0,0.00249,0.0,1e-05,1e-05
1342,0,7e-05,0.0,0.06497,0.0,2e-05,2e-05
1343,0,6e-05,0.0,0.00095,0.0,1e-05,1e-05
1344,0,0.0003,0.0,0.00131,0.0,1e-05,1e-05
1345,0,0.00031,0.0,0.00124,0.0,3e-05,3e-05
1346,0,0.00051,0.0,0.00141,0.0025,2e-05,2e-05
1347,0,4e-05,0.0,0.00172,0.0,4e-05,4e-05
1348,0,0.00014,0.0,0.00119,0.02,0.0001,0.0001
1349,0,0.00041,0.0,0.032,0.0025,0.00015,0.00015
1350,0,0.00013,0.0,0.02902,0.0,3e-05,3e-05
1351,0,0.00022,0.0,0.03104,0.0075,9e-05,9e-05
1352,0,5e-05,0.0,0.01054,0.0025,3e-05,3e-05
1353,0,2e-05,0.0,0.00199,0.0,1e-05,1e-05
1354,0,0.00011,0.0,0.02579,0.0175,0.0001,0.0001
1355,0,8e-05,0.0,0.06714,0.0025,0.0002,0.0002
1356,0,2e-05,0.0,0.00245,0.0,1e-05,1e-05
1357,0,0.00011,0.0,0.00576,0.0,3e-05,3e-05
1358,0,0.00027,0.0,0.02835,0.0225,0.00012,0.00012
1359,0,3e-05,0.0,0.00256,0.0,1e-05,1e-05
1360,0,0.00012,0.0,0.08803,0.0,1e-05,1e-05
1361,0,0.00024,0.0,0.00185,0.0,4e-05,4e-05
1362,0,5e-05,0.0,0.01334,0.0,1e-05,1e-05
1363,0,0.0003,0.0,0.01458,0.0,1e-05,1e-05
1364,0,0.0002,0.0,0.15889,0.0025,6e-05,6e-05
1365,0,9e-05,0.0,0.00519,0.0,2e-05,2e-05
1366,0,4e-05,0.0,0.00555,0.0,1e-05,1e-05
1367,0,0.00025,0.0,0.29842,0.0025,0.0001,0.0001
1368,0,0.00035,0.0,0.00698,0.0,4e-05,4e-05
1369,0,0.00015,0.0,0.00267,0.0025,1e-05,1e-05
1370,0,0.00012,0.0,0.01448,0.0,1e-05,1e-05
1371,0,0.00039,0.0,0.02172,0.0,2e-05,2e-05
1372,0,0.00018,0.0,0.01023,0.0,1e-05,1e-05
1373,0,8e-05,0.0,0.0141,0.0025,5e-05,5e-05
1374,0,0.00093,0.0,0.44637,0.0125,0.00045,0.00045
1375,0,0.00011,0.0,0.01491,0.0,3e-05,3e-05
1376,0,5e-05,0.0,0.01169,0.0,2e-05,2e-05
1377,0,6e-05,0.0,0.00782,0.0,3e-05,3e-05
1378,0,0.00035,0.0,0.07706,0.0025,5e-05,5e-05
1379,0,0.00027,0.0,0.04963,0.0125,0.0001,0.0001
1380,0,7e-05,0.0,0.01584,0.0,2e-05,2e-05
1381,0,0.0001,0.0,0.01376,0.0,2e-05,2e-05
1382,0,8e-05,0.0,0.01395,0.0025,4e-05,4e-05
1383,0,0.00012,0.0,0.01836,0.0,6e-05,6e-05
1384,0,0.0003,0.0,0.23602,0.0025,7e-05,7e-05
1385,0,0.0001,0.0,0.07539,0.0,2e-05,2e-05
1386,0,4e-05,0.0,0.01807,0.0,1e-05,1e-05
1387,0,8e-05,0.0,0.05532,0.0,1e-05,1e-05
1388,0,0.00012,0.0,0.02674,0.0025,0.00014,0.00014
1389,0,0.00022,0.0,0.06931,0.0075,4e-05,4e-05
1390,0,0.00014,0.0,0.06941,0.0,2e-05,2e-05
1391,0,0.00061,0.0,0.41457,0.0,3e-05,3e-05
1392,1,0.7888,1.0,0.9987,0.9925,0.98512,1.0
1393,0,5e-05,0.0,0.0889,0.0,2e-05,2e-05
1394,0,9e-05,0.0,0.03931,0.0,2e-05,2e-05
1395,0,6e-05,0.0,0.08232,0.0,1e-05,1e-05
1396,0,8e-05,0.0,0.09012,0.0,3e-05,3e-05
1397,0,5e-05,0.0,0.07965,0.0,4e-05,4e-05
1398,0,5e-05,0.0,0.0587,0.0,4e-05,4e-05
1399,0,0.00018,0.0,0.18534,0.0,3e-05,3e-05
1400,0,4e-05,0.0,0.09594,0.005,1e-05,1e-05
1401,0,0.11884,0.0,0.71941,0.31,0.43144,0.43144
1402,0,9e-05,0.0,0.04206,0.0,5e-05,5e-05
1403,0,0.00017,0.0,0.70291,0.005,2e-05,2e-05
1404,0,0.00069,0.0,0.38034,0.0025,3e-05,3e-05
1405,0,5e-05,0.0,0.07916,0.0,4e-05,4e-05
1406,0,0.00012,0.0,0.21579,0.0,3e-05,3e-05
1407,0,0.00037,0.0,0.31252,0.0,0.00018,0.00018
1408,0,5e-05,0.0,0.10384,0.0,8e-05,8e-05
1409,0,0.00071,0.0,0.34361,0.0,0.0003,0.0003
1410,0,0.00034,0.0,0.20553,0.0,7e-05,7e-05
1411,0,0.00141,0.0,0.31373,0.0225,0.00019,0.00019
1412,0,0.00162,0.0,0.24468,0.07,0.0071,0.0071
1413,0,0.00039,0.0,0.47096,0.015,0.00032,0.00032
1414,0,0.00014,0.0,0.11694,0.0,0.0001,0.0001
1415,0,0.00034,0.0,0.14396,0.0025,2e-05,2e-05
1416,0,0.00412,0.0,0.12339,0.0125,0.00094,0.00094
1417,0,0.21808,0.0,0.52406,0.465,0.25819,0.25819
1418,0,0.04082,0.0,0.17754,0.18,0.02773,0.02773
1419,0,0.20122,0.0,0.59375,0.1725,0.00828,0.00828
1420,1,0.90082,1.0,0.73777,0.96,0.99295,1.0
1421,0,0.00422,0.0,0.1522,0.065,0.00103,0.00103
1422,0,0.00256,0.0,0.16182,0.1475,0.0008,0.0008
1423,0,0.00012,0.0,0.00201,0.0,3e-05,3e-05
1424,0,1e-05,0.0,0.00184,0.005,2e-05,2e-05
1425,0,5e-05,0.0,0.02089,0.0025,7e-05,7e-05
1426,0,6e-05,0.0,0.16419,0.0,0.00032,0.00032
1427,0,1e-05,0.0,0.00136,0.0,3e-05,3e-05
1428,0,0.00017,0.0,0.00982,0.0,3e-05,3e-05
1429,0,9e-05,0.0,0.00179,0.005,0.00018,0.00018
1430,0,9e-05,0.0,0.00977,0.005,7e-05,7e-05
1431,0,0.00131,0.0,0.07081,0.0025,5e-05,5e-05
1432,0,0.00083,0.0,0.00949,0.0225,0.0002,0.0002
1433,0,9e-05,0.0,0.01701,0.0,3e-05,3e-05
1434,0,0.00085,0.0,0.02473,0.0,0.00025,0.00025
1435,0,0.00038,0.0,0.0609,0.0025,0.00039,0.00039
1436,0,0.00037,0.0,0.0066,0.035,0.00012,0.00012
1437,0,3e-05,0.0,0.00914,0.0,2e-05,2e-05
1438,1,0.00024,0.0,0.0167,0.0,0.00022,0.00022
1439,0,7e-05,0.0,0.01098,0.0,2e-05,2e-05
1440,0,2e-05,0.0,0.00606,0.0025,2e-05,2e-05
1441,0,2e-05,0.0,0.00254,0.0025,3e-05,3e-05
1442,0,0.00019,0.0,0.00925,0.0,0.00036,0.00036
1443,0,3e-05,0.0,0.00811,0.0,2e-05,2e-05
1444,0,3e-05,0.0,0.00814,0.0,1e-05,1e-05
1445,0,0.00021,0.0,0.01156,0.0,4e-05,4e-05
1446,0,0.00031,0.0,0.00418,0.0025,0.0002,0.0002
1447,0,4e-05,0.0,0.00507,0.0,2e-05,2e-05
1448,0,3e-05,0.0,0.00417,0.0,1e-05,1e-05
1449,0,7e-05,0.0,0.00353,0.0,3e-05,3e-05
1450,0,2e-05,0.0,0.00399,0.0,1e-05,1e-05
1451,0,0.00014,0.0,0.01699,0.0,2e-05,2e-05
1452,0,0.00012,0.0,0.00673,0.0,3e-05,3e-05
1453,0,2e-05,0.0,0.00916,0.0,1e-05,1e-05
1454,0,0.0001,0.0,0.02854,0.0,1e-05,1e-05
1455,0,0.00019,0.0,0.07833,0.0,3e-05,3e-05
1456,0,0.00017,0.0,0.24405,0.0025,5e-05,5e-05
1457,0,0.00013,0.0,0.03393,0.0,2e-05,2e-05
1458,0,0.00018,0.0,0.0387,0.0,4e-05,4e-05
1459,0,0.00075,0.0,0.32213,0.0325,3e-05,3e-05
1460,0,0.0001,0.0,0.01903,0.0,2e-05,2e-05
1461,0,0.01372,0.0,0.09982,0.01,0.00353,0.00353
1462,0,0.00024,0.0,0.05527,0.0025,4e-05,4e-05
1463,0,0.00044,0.0,0.01,0.0075,4e-05,4e-05
1464,0,4e-05,0.0,0.01969,0.0,1e-05,1e-05
1465,0,0.00028,0.0,0.10599,0.005,6e-05,6e-05
1466,0,9e-05,0.0,0.04165,0.0,4e-05,4e-05
1467,0,0.0006,0.0,0.2713,0.0025,0.0001,0.0001
1468,0,0.00068,0.0,0.01272,0.0125,0.00115,0.00115
1469,0,0.00017,0.0,0.07869,0.0075,0.00014,0.00014
1470,0,0.00013,0.0,0.0483,0.0,6e-05,6e-05
1471,0,0.00087,0.0,0.07261,0.005,0.00018,0.00018
1472,0,0.0013,0.0,0.34543,0.0,0.00022,0.00022
1473,0,0.00054,0.0,0.08238,0.0,0.00024,0.00024
1474,0,0.00039,0.0,0.31738,0.0025,0.00011,0.00011
1475,0,0.31526,0.0,0.72419,0.1625,0.00128,0.00128
1476,0,9e-05,0.0,0.02794,0.0025,8e-05,8e-05
1477,0,0.11037,0.0,0.02829,0.035,0.00102,0.00102
1478,0,6e-05,0.0,0.03937,0.0,6e-05,6e-05
1479,0,8e-05,0.0,0.04422,0.0,2e-05,2e-05
1480,0,0.00025,0.0,0.2024,0.0,1e-05,1e-05
1481,0,0.00043,0.0,0.13675,0.015,0.0001,0.0001
1482,0,0.00024,0.0,0.79861,0.0075,1e-05,1e-05
1483,0,0.00065,0.0,0.26832,0.0025,2e-05,2e-05
1484,0,7e-05,0.0,0.0643,0.0,1e-05,1e-05
1485,0,0.00011,0.0,0.04721,0.0,3e-05,3e-05
1486,0,0.00029,0.0,0.1552,0.0,0.00011,0.00011
1487,0,2e-05,0.0,0.04994,0.0,3e-05,3e-05
1488,0,0.00015,0.0,0.31358,0.0,9e-05,9e-05
1489,0,9e-05,0.0,0.08013,0.0,2e-05,2e-05
1490,0,0.00047,0.0,0.04627,0.0275,0.00048,0.00048
1491,0,0.00025,0.0,0.29412,0.0125,2e-05,2e-05
1492,0,0.0002,0.0,0.34324,0.0,3e-05,3e-05
1493,1,0.00069,1.0,0.42635,0.485,0.24068,1.0
1494,0,0.00026,0.0,0.23272,0.0,0.00011,0.00011
1495,0,0.00013,0.0,0.43401,0.0,5e-05,5e-05
1496,0,0.00034,0.0,0.26765,0.0075,0.0001,0.0001
1497,1,0.99801,1.0,0.99126,0.9975,0.99998,1.0
1498,0,0.00014,0.0,0.1341,0.0,3e-05,3e-05
1499,0,0.00024,0.0,0.15223,0.09,0.00127,0.00127
1500,0,0.00125,0.0,0.77747,0.0275,0.00061,0.00061
1501,0,0.00116,0.0,0.67522,0.01,0.00186,0.00186
1502,0,0.00103,0.0,0.34088,0.0025,0.00042,0.00042
1503,0,0.00202,0.0,0.44922,0.015,0.00011,0.00011
1504,0,0.00313,0.0,0.21851,0.105,0.00153,0.00153
1505,0,0.01331,0.0,0.35163,0.0275,0.00384,0.00384
1506,0,0.00516,0.0,0.20525,0.2625,0.02137,0.02137
1507,0,0.00211,0.0,0.18408,0.0575,0.00145,0.00145
1508,0,0.87754,0.0,0.75402,0.39,0.01307,0.01307
1509,0,0.01097,0.0,0.2368,0.1925,0.00224,0.00224
1510,1,0.02401,0.0,0.31813,0.13,0.00307,0.00307
1511,0,2e-05,0.0,0.00333,0.0,2e-05,2e-05
1512,0,2e-05,0.0,0.00133,0.0,1e-05,1e-05
1513,0,3e-05,0.0,0.00292,0.0,1e-05,1e-05
1514,0,1e-05,0.0,0.00254,0.0,2e-05,2e-05
1515,0,2e-05,0.0,0.00247,0.0,2e-05,2e-05
1516,0,7e-05,0.0,0.00217,0.0,1e-05,1e-05
1517,0,0.00034,0.0,0.41627,0.0,5e-05,5e-05
1518,0,0.00023,0.0,0.00749,0.0025,9e-05,9e-05
1519,0,4e-05,0.0,0.16963,0.005,2e-05,2e-05
1520,0,6e-05,0.0,0.00549,0.0,2e-05,2e-05
1521,0,3e-05,0.0,0.0126,0.0,1e-05,1e-05
1522,0,4e-05,0.0,0.00317,0.0,2e-05,2e-05
1523,0,2e-05,0.0,0.00441,0.0,1e-05,1e-05
1524,0,2e-05,0.0,0.00898,0.0,1e-05,1e-05
1525,0,3e-05,0.0,0.00577,0.0,2e-05,2e-05
1526,0,0.03936,0.0,0.45328,0.0275,0.0025,0.0025
1527,0,3e-05,0.0,0.00358,0.0,1e-05,1e-05
1528,0,4e-05,0.0,0.01944,0.0,1e-05,1e-05
1529,0,3e-05,0.0,0.00618,0.0,1e-05,1e-05
1530,0,4e-05,0.0,0.00939,0.0,3e-05,3e-05
1531,0,5e-05,0.0,0.01975,0.0,1e-05,1e-05
1532,0,0.00012,0.0,0.01178,0.0225,0.00031,0.00031
1533,0,0.0002,0.0,0.01773,0.0,2e-05,2e-05
1534,0,4e-05,0.0,0.21393,0.0,1e-05,1e-05
1535,0,3e-05,0.0,0.00739,0.0,2e-05,2e-05
1536,0,2e-05,0.0,0.01215,0.0,1e-05,1e-05
1537,0,0.00011,0.0,0.3571,0.0,0.0001,0.0001
1538,0,5e-05,0.0,0.02292,0.0,1e-05,1e-05
1539,0,3e-05,0.0,0.01093,0.0,1e-05,1e-05
1540,0,9e-05,0.0,0.05973,0.0,4e-05,4e-05
1541,0,5e-05,0.0,0.01998,0.0,2e-05,2e-05
1542,0,0.02644,0.0,0.39777,0.08,0.00082,0.00082
1543,0,0.00036,0.0,0.44782,0.0,1e-05,1e-05
1544,0,0.00012,0.0,0.02003,0.0,2e-05,2e-05
1545,0,0.00184,0.0,0.22775,0.0,5e-05,5e-05
1546,0,8e-05,0.0,0.02351,0.0,2e-05,2e-05
1547,0,0.00069,0.0,0.22021,0.0,3e-05,3e-05
1548,0,0.00031,0.0,0.60069,0.0,2e-05,2e-05
1549,0,0.00019,0.0,0.40049,0.0,2e-05,2e-05
1550,0,0.00012,0.0,0.02404,0.0,3e-05,3e-05
1551,0,7e-05,0.0,0.02686,0.0,3e-05,3e-05
1552,0,0.00013,0.0,0.07495,0.0,2e-05,2e-05
1553,0,0.00011,0.0,0.02977,0.0,1e-05,1e-05
1554,0,0.00073,0.0,0.83398,0.005,3e-05,3e-05
1555,0,7e-05,0.0,0.02358,0.0,2e-05,2e-05
1556,0,0.0001,0.0,0.10706,0.0,2e-05,2e-05
1557,0,8e-05,0.0,0.2338,0.0,6e-05,6e-05
1558,0,0.0001,0.0,0.04078,0.0,8e-05,8e-05
1559,0,0.00016,0.0,0.10425,0.0,2e-05,2e-05
1560,0,0.0001,0.0,0.15247,0.0,2e-05,2e-05
1561,0,9e-05,0.0,0.07896,0.0,2e-05,2e-05
1562,0,0.00013,0.0,0.6095,0.0,2e-05,2e-05
1563,0,0.00118,0.0,0.63865,0.0025,0.00013,0.00013
1564,0,0.0001,0.0,0.5032,0.0,3e-05,3e-05
1565,0,0.0002,0.0,0.26469,0.0,2e-05,2e-05
1566,0,6e-05,0.0,0.1864,0.0,3e-05,3e-05
1567,0,0.00018,0.0,0.20403,0.0025,3e-05,3e-05
1568,0,9e-05,0.0,0.13778,0.0,8e-05,8e-05
1569,0,0.00017,0.0,0.42556,0.0,2e-05,2e-05
1570,0,6e-05,0.0,0.07652,0.0,3e-05,3e-05
1571,0,0.0001,0.0,0.25024,0.0,3e-05,3e-05
1572,0,0.00015,0.0,0.12985,0.0,3e-05,3e-05
1573,0,0.00012,0.0,0.96626,0.015,3e-05,3e-05
1574,0,5e-05,0.0,0.27085,0.0,2e-05,2e-05
1575,0,0.00015,0.0,0.42159,0.0,5e-05,5e-05
1576,0,0.00011,0.0,0.48762,0.0,7e-05,7e-05
1577,0,0.00013,0.0,0.24579,0.0,3e-05,3e-05
1578,0,7e-05,0.0,0.28678,0.0,3e-05,3e-05
1579,0,6e-05,0.0,0.14143,0.0,3e-05,3e-05
1580,0,0.00034,0.0,0.39366,0.0,3e-05,3e-05
1581,0,0.00057,0.0,0.39039,0.0,5e-05,5e-05
1582,0,0.0001,0.0,0.09103,0.0,5e-05,5e-05
1583,0,7e-05,0.0,0.15586,0.0,2e-05,2e-05
1584,1,0.91263,1.0,0.94996,0.9825,0.99107,1.0
1585,0,0.00011,0.0,0.14879,0.0025,2e-05,2e-05
1586,0,0.00035,0.0,0.63409,0.0125,0.00023,0.00023
1587,0,0.00025,0.0,0.27527,0.0,1e-05,1e-05
1588,0,0.00119,0.0,0.35664,0.0325,0.00021,0.00021
1589,0,0.00069,0.0,0.24754,0.01,0.00033,0.00033
1590,0,0.01024,0.0,0.33531,0.1425,0.00836,0.00836
1591,0,0.3279,0.0,0.31317,0.62,0.55286,0.55286
1592,0,0.10502,0.0,0.76652,0.145,0.0037,0.0037
1593,0,0.04497,0.0,0.28238,0.24,0.00447,0.00447
1594,0,0.11913,0.0,0.29854,0.2875,0.04903,0.04903
1595,0,0.04619,0.0,0.72135,0.265,0.00388,0.00388
1596,1,0.94772,1.0,0.82463,0.9175,0.99703,1.0
1597,0,3e-05,0.0,0.00224,0.0,2e-05,2e-05
1598,0,2e-05,0.0,0.00879,0.0,3e-05,3e-05
1599,0,2e-05,0.0,0.00647,0.0,2e-05,2e-05
1600,0,2e-05,0.0,0.03103,0.0025,1e-05,1e-05
1601,0,3e-05,0.0,0.01127,0.0,1e-05,1e-05
1602,0,2e-05,0.0,0.00809,0.0,2e-05,2e-05
1603,0,1e-05,0.0,0.00238,0.0,2e-05,2e-05
1604,0,3e-05,0.0,0.00277,0.0,2e-05,2e-05
1605,0,7e-05,0.0,0.01925,0.0,2e-05,2e-05
1606,0,9e-05,0.0,0.04043,0.0,3e-05,3e-05
1607,0,4e-05,0.0,0.01597,0.0025,3e-05,3e-05
1608,0,8e-05,0.0,0.10524,0.0,5e-05,5e-05
1609,0,0.00057,0.0,0.01828,0.03,0.00046,0.00046
1610,0,5e-05,0.0,0.0086,0.0,2e-05,2e-05
1611,0,7e-05,0.0,0.01307,0.0,6e-05,6e-05
1612,0,8e-05,0.0,0.00386,0.0,0.00015,0.00015
1613,0,2e-05,0.0,0.01275,0.0,1e-05,1e-05
1614,0,0.0316,0.0,0.90664,0.0925,0.00059,0.00059
1615,0,0.0001,0.0,0.00441,0.0,4e-05,4e-05
1616,0,0.0001,0.0,0.10698,0.0075,4e-05,4e-05
1617,0,7e-05,0.0,0.00588,0.0,3e-05,3e-05
1618,0,5e-05,0.0,0.01292,0.0,2e-05,2e-05
1619,0,0.00056,0.0,0.86992,0.0,4e-05,4e-05
1620,0,4e-05,0.0,0.01467,0.0,2e-05,2e-05
1621,0,6e-05,0.0,0.05843,0.0,1e-05,1e-05
1622,0,0.00034,0.0,0.01506,0.0,4e-05,4e-05
1623,0,3e-05,0.0,0.01671,0.0,2e-05,2e-05
1624,0,0.00011,0.0,0.02099,0.0,0.00021,0.00021
1625,0,0.00012,0.0,0.71773,0.0,3e-05,3e-05
1626,0,0.00038,0.0,0.2037,0.0,2e-05,2e-05
1627,0,0.00032,0.0,0.81144,0.0025,0.0001,0.0001
1628,0,0.00013,0.0,0.03589,0.0,3e-05,3e-05
1629,0,3e-05,0.0,0.04398,0.0,2e-05,2e-05
1630,0,6e-05,0.0,0.52645,0.0,3e-05,3e-05
1631,0,0.0002,0.0,0.13684,0.02,4e-05,4e-05
1632,0,0.00021,0.0,0.06128,0.0,3e-05,3e-05
1633,0,7e-05,0.0,0.1175,0.0,2e-05,2e-05
1634,0,9e-05,0.0,0.12057,0.0075,0.00027,0.00027
1635,0,0.0043,0.0,0.51215,0.05,0.00068,0.00068
1636,0,0.00091,0.0,0.64721,0.0175,7e-05,7e-05
1637,0,4e-05,0.0,0.05278,0.0,6e-05,6e-05
1638,0,7e-05,0.0,0.03447,0.0,1e-05,1e-05
1639,0,0.0001,0.0,0.22056,0.0,2e-05,2e-05
1640,0,5e-05,0.0,0.0883,0.0,2e-05,2e-05
1641,0,3e-05,0.0,0.05681,0.0,4e-05,4e-05
1642,0,0.00012,0.0,0.03312,0.0,5e-05,5e-05
1643,0,0.00013,0.0,0.02848,0.0,4e-05,4e-05
1644,0,0.00013,0.0,0.09581,0.0025,3e-05,3e-05
1645,0,5e-05,0.0,0.05221,0.0,1e-05,1e-05
1646,0,4e-05,0.0,0.08909,0.0,2e-05,2e-05
1647,0,4e-05,0.0,0.09876,0.0,2e-05,2e-05
1648,0,0.00129,0.0,0.05415,0.005,4e-05,4e-05
1649,0,0.00011,0.0,0.53018,0.0,3e-05,3e-05
1650,0,3e-05,0.0,0.07759,0.0,2e-05,2e-05
1651,0,0.0001,0.0,0.36169,0.0,2e-05,2e-05
1652,0,0.00011,0.0,0.56056,0.0025,2e-05,2e-05
1653,0,2e-05,0.0,0.05617,0.0,1e-05,1e-05
1654,0,0.00026,0.0,0.79893,0.01,2e-05,2e-05
1655,0,0.35553,0.0,0.90748,0.465,0.69185,0.69185
1656,0,0.00013,0.0,0.09211,0.0,2e-05,2e-05
1657,0,7e-05,0.0,0.21067,0.0,3e-05,3e-05
1658,0,0.00013,0.0,0.49098,0.0,2e-05,2e-05
1659,0,4e-05,0.0,0.0697,0.0,1e-05,1e-05
1660,0,6e-05,0.0,0.10594,0.0025,2e-05,2e-05
1661,0,8e-05,0.0,0.30763,0.0,3e-05,3e-05
1662,0,0.00013,0.0,0.37235,0.0,2e-05,2e-05
1663,0,0.00011,0.0,0.27154,0.0,1e-05,1e-05
1664,0,0.0005,0.0,0.11069,0.0,7e-05,7e-05
1665,0,0.00012,0.0,0.22727,0.0,0.0001,0.0001
1666,0,5e-05,0.0,0.22507,0.0,3e-05,3e-05
1667,0,0.00037,0.0,0.27042,0.0,0.00021,0.00021
1668,0,0.00097,0.0,0.24317,0.1,0.00149,0.00149
1669,0,0.00019,0.0,0.21914,0.0125,7e-05,7e-05
1670,0,8e-05,0.0,0.20177,0.0175,0.0003,0.0003
1671,0,0.00218,0.0,0.25147,0.01,0.00024,0.00024
1672,0,0.00013,0.0,0.22499,0.005,9e-05,9e-05
1673,0,0.00555,0.0,0.67614,0.06,0.00171,0.00171
1674,0,0.00464,0.0,0.49906,0.0725,0.00045,0.00045
1675,0,0.17033,0.0,0.32776,0.395,0.18884,0.18884
1676,0,0.02494,0.0,0.62562,0.11,0.00617,0.00617
1677,0,0.03001,0.0,0.48957,0.165,0.01428,0.01428
1678,0,0.0037,0.0,0.20996,0.0275,0.00046,0.00046
1679,0,0.04552,0.0,0.40969,0.225,0.02356,0.02356
1680,0,0.02459,0.0,0.42961,0.1075,0.00959,0.00959
1681,0,0.05201,0.0,0.29834,0.305,0.01617,0.01617
1682,0,0.21003,0.0,0.37991,0.3075,0.35372,0.35372
1683,1,0.02377,0.0,0.28428,0.28,0.04006,0.04006
1684,0,7e-05,0.0,0.19379,0.0075,3e-05,3e-05
1685,0,0.0005,0.0,0.04234,0.015,0.00041,0.00041
1686,0,0.0001,0.0,0.00511,0.0025,5e-05,5e-05
1687,0,3e-05,0.0,0.00185,0.0025,9e-05,9e-05
1688,0,2e-05,0.0,0.01351,0.0,8e-05,8e-05
1689,0,5e-05,0.0,0.00758,0.0,1e-05,1e-05
1690,0,7e-05,0.0,0.01032,0.0,2e-05,2e-05
1691,0,6e-05,0.0,0.02856,0.0025,3e-05,3e-05
1692,0,9e-05,0.0,0.0109,0.0,2e-05,2e-05
1693,0,5e-05,0.0,0.00506,0.0,4e-05,4e-05
1694,0,6e-05,0.0,0.00411,0.0,3e-05,3e-05
1695,0,2e-05,0.0,0.01068,0.0,2e-05,2e-05
1696,0,5e-05,0.0,0.03337,0.0,3e-05,3e-05
1697,0,5e-05,0.0,0.01755,0.0,2e-05,2e-05
1698,0,8e-05,0.0,0.02699,0.0,2e-05,2e-05
1699,0,9e-05,0.0,0.01847,0.0,2e-05,2e-05
1700,0,0.00016,0.0,0.32714,0.0,0.0002,0.0002
1701,0,7e-05,0.0,0.00919,0.0,7e-05,7e-05
1702,0,0.00011,0.0,0.04753,0.0,2e-05,2e-05
1703,0,0.00014,0.0,0.13294,0.0,6e-05,6e-05
1704,0,7e-05,0.0,0.01106,0.0,1e-05,1e-05
1705,0,4e-05,0.0,0.05088,0.0,1e-05,1e-05
1706,0,7e-05,0.0,0.0094,0.0,3e-05,3e-05
1707,0,0.00021,0.0,0.0538,0.0,1e-05,1e-05
1708,0,9e-05,0.0,0.06271,0.0075,0.00014,0.00014
1709,0,5e-05,0.0,0.01663,0.0,3e-05,3e-05
1710,0,5e-05,0.0,0.01322,0.0,5e-05,5e-05
1711,0,0.00025,0.0,0.02873,0.0,3e-05,3e-05
1712,0,0.00028,0.0,0.45527,0.0025,2e-05,2e-05
1713,0,0.00027,0.0,0.02349,0.0,2e-05,2e-05
1714,0,6e-05,0.0,0.11366,0.0025,2e-05,2e-05
1715,0,0.00113,0.0,0.296,0.0,3e-05,3e-05
1716,0,6e-05,0.0,0.0292,0.0,2e-05,2e-05
1717,0,5e-05,0.0,0.04343,0.0,6e-05,6e-05
1718,0,0.00024,0.0,0.63669,0.0025,4e-05,4e-05
1719,0,0.00014,0.0,0.01755,0.0,1e-05,1e-05
1720,0,0.00016,0.0,0.06063,0.0,3e-05,3e-05
1721,0,0.00021,0.0,0.15502,0.0,2e-05,2e-05
1722,0,0.00013,0.0,0.03364,0.0,1e-05,1e-05
1723,0,0.00036,0.0,0.05578,0.0025,9e-05,9e-05
1724,0,0.00087,0.0,0.12889,0.0,8e-05,8e-05
1725,0,0.0002,0.0,0.30614,0.0,8e-05,8e-05
1726,0,0.00018,0.0,0.38077,0.0025,5e-05,5e-05
1727,0,0.00151,0.0,0.08121,0.0,5e-05,5e-05
1728,0,6e-05,0.0,0.03227,0.0,3e-05,3e-05
1729,0,0.00023,0.0,0.32784,0.0,4e-05,4e-05
1730,0,0.00042,0.0,0.17341,0.0025,4e-05,4e-05
1731,0,0.00022,0.0,0.70478,0.025,0.00025,0.00025
1732,0,0.00013,0.0,0.12186,0.0,3e-05,3e-05
1733,0,0.00011,0.0,0.02929,0.0,9e-05,9e-05
1734,0,0.00014,0.0,0.17325,0.0,4e-05,4e-05
1735,0,0.00033,0.0,0.09876,0.0,0.00011,0.00011
1736,0,0.00061,0.0,0.47829,0.0025,7e-05,7e-05
1737,0,0.00025,0.0,0.10425,0.0,0.00011,0.00011
1738,0,0.00016,0.0,0.08813,0.015,3e-05,3e-05
1739,0,5e-05,0.0,0.15376,0.0,4e-05,4e-05
1740,0,0.00044,0.0,0.859,0.0,3e-05,3e-05
1741,0,0.00021,0.0,0.09395,0.005,0.0001,0.0001
1742,0,0.00053,0.0,0.50052,0.0075,0.00012,0.00012
1743,0,0.00043,0.0,0.64078,0.0,9e-05,9e-05
1744,0,0.00539,0.0,0.09821,0.0,0.00039,0.00039
1745,0,0.00039,0.0,0.48669,0.005,2e-05,2e-05
1746,0,0.0001,0.0,0.12708,0.05,0.00124,0.00124
1747,0,0.00057,0.0,0.26194,0.005,3e-05,3e-05
1748,0,0.21875,0.0,0.97196,0.13,0.0004,0.0004
1749,0,0.00022,0.0,0.12391,0.005,6e-05,6e-05
1750,0,0.00018,0.0,0.20153,0.0,3e-05,3e-05
1751,0,0.0004,0.0,0.15508,0.0275,4e-05,4e-05
1752,0,0.00045,0.0,0.5023,0.0,7e-05,7e-05
1753,0,0.00089,0.0,0.28695,0.0025,0.00011,0.00011
1754,0,0.00052,0.0,0.63597,0.0025,0.00012,0.00012
1755,0,0.00013,0.0,0.39758,0.0025,6e-05,6e-05
1756,0,0.00019,0.0,0.63118,0.005,5e-05,5e-05
1757,0,0.52103,0.0,0.90525,0.405,0.10783,0.10783
1758,0,0.00447,0.0,0.90817,0.075,8e-05,8e-05
1759,0,0.00017,0.0,0.27416,0.0075,5e-05,5e-05
1760,0,0.00033,0.0,0.24033,0.0075,0.00034,0.00034
1761,0,0.00825,0.0,0.29907,0.04,0.00251,0.00251
1762,0,0.05562,0.0,0.6655,0.215,0.02574,0.02574
1763,0,0.0054,0.0,0.5874,0.045,0.0007,0.0007
1764,1,0.00949,0.0,0.29784,0.075,0.00405,0.00405
1765,0,0.00013,0.0,0.48386,0.0075,0.00058,0.00058
1766,0,0.00014,0.0,0.27139,0.0,5e-05,5e-05
1767,0,3e-05,0.0,0.00226,0.0,1e-05,1e-05
1768,0,6e-05,0.0,0.01492,0.0025,2e-05,2e-05
1769,0,4e-05,0.0,0.01931,0.0,1e-05,1e-05
1770,0,0.00139,0.0,0.00722,0.0025,0.0001,0.0001
1771,0,2e-05,0.0,0.00423,0.0,4e-05,4e-05
1772,0,0.0003,0.0,0.07152,0.0,5e-05,5e-05
1773,0,0.00012,0.0,0.07592,0.0,4e-05,4e-05
1774,0,0.03185,0.0,0.67558,0.0225,0.00043,0.00043
1775,0,0.0001,0.0,0.01408,0.0,5e-05,5e-05
1776,0,0.00065,0.0,0.1558,0.0025,5e-05,5e-05
1777,0,5e-05,0.0,0.0074,0.0,4e-05,4e-05
1778,0,1e-05,0.0,0.01316,0.0,4e-05,4e-05
1779,0,0.00192,0.0,0.57331,0.0,0.00021,0.00021
1780,0,5e-05,0.0,0.04077,0.0,3e-05,3e-05
1781,0,3e-05,0.0,0.01026,0.0,2e-05,2e-05
1782,0,0.00011,0.0,0.00823,0.0,3e-05,3e-05
1783,0,0.00024,0.0,0.0205,0.0025,4e-05,4e-05
1784,0,3e-05,0.0,0.02052,0.0,2e-05,2e-05
1785,1,0.42474,1.0,0.99979,0.9775,0.9842,1.0
1786,0,4e-05,0.0,0.02481,0.0,3e-05,3e-05
1787,0,4e-05,0.0,0.0152,0.0,1e-05,1e-05
1788,0,0.00028,0.0,0.17903,0.0,5e-05,5e-05
1789,0,0.00045,0.0,0.15003,0.0,2e-05,2e-05
1790,1,0.63036,1.0,0.9737,0.9675,0.99983,1.0
1791,0,0.0002,0.0,0.0211,0.0,5e-05,5e-05
1792,0,7e-05,0.0,0.05249,0.0,2e-05,2e-05
1793,0,0.00015,0.0,0.15358,0.0025,1e-05,1e-05
1794,0,4e-05,0.0,0.0176,0.0,1e-05,1e-05
1795,0,0.00013,0.0,0.05131,0.0,2e-05,2e-05
1796,0,3e-05,0.0,0.04128,0.0,3e-05,3e-05
1797,0,5e-05,0.0,0.0373,0.0,3e-05,3e-05
1798,0,5e-05,0.0,0.06144,0.0,2e-05,2e-05
1799,0,0.00029,0.0,0.32719,0.0,0.00012,0.00012
1800,0,0.00014,0.0,0.15644,0.005,8e-05,8e-05
1801,0,5e-05,0.0,0.04144,0.0,5e-05,5e-05
1802,0,8e-05,0.0,0.13803,0.005,3e-05,3e-05
1803,0,0.00013,0.0,0.12828,0.0,1e-05,1e-05
1804,0,0.0002,0.0,0.13873,0.0,4e-05,4e-05
1805,0,6e-05,0.0,0.22604,0.0,3e-05,3e-05
1806,0,0.00026,0.0,0.59426,0.005,0.00016,0.00016
1807,0,7e-05,0.0,0.02912,0.0,4e-05,4e-05
1808,0,0.0014,0.0,0.05028,0.015,0.00015,0.00015
1809,1,0.83271,1.0,0.98244,0.96,0.73471,1.0
1810,0,0.00021,0.0,0.06591,0.0025,0.00011,0.00011
1811,0,0.00065,0.0,0.72903,0.005,5e-05,5e-05
1812,0,4e-05,0.0,0.04775,0.0025,4e-05,4e-05
1813,0,6e-05,0.0,0.11753,0.0,4e-05,4e-05
1814,0,0.00015,0.0,0.27842,0.0,2e-05,2e-05
1815,0,5e-05,0.0,0.09242,0.0,4e-05,4e-05
1816,0,4e-05,0.0,0.09217,0.0,4e-05,4e-05
1817,0,0.00014,0.0,0.38269,0.0,3e-05,3e-05
1818,0,7e-05,0.0,0.08913,0.0,8e-05,8e-05
1819,0,0.00041,0.0,0.20254,0.0,4e-05,4e-05
1820,0,0.00036,0.0,0.37967,0.0,0.0001,0.0001
1821,0,5e-05,0.0,0.30941,0.0,2e-05,2e-05
1822,0,0.00019,0.0,0.42011,0.0025,0.00018,0.00018
1823,0,4e-05,0.0,0.23849,0.0,3e-05,3e-05
1824,0,0.00015,0.0,0.56493,0.0075,2e-05,2e-05
1825,0,0.00078,0.0,0.866,0.045,7e-05,7e-05
1826,0,0.00027,0.0,0.11902,0.015,0.00015,0.00015
1827,0,0.00023,0.0,0.19106,0.0025,5e-05,5e-05
1828,0,8e-05,0.0,0.44884,0.005,7e-05,7e-05
1829,0,0.00011,0.0,0.89993,0.005,2e-05,2e-05
1830,0,0.00039,0.0,0.36481,0.0125,0.00031,0.00031
1831,0,0.00217,0.0,0.27352,0.0125,0.0005,0.0005
1832,0,0.00052,0.0,0.88178,0.0175,0.0001,0.0001
1833,0,0.00053,0.0,0.81018,0.0025,9e-05,9e-05
1834,1,0.2509,1.0,0.96264,0.7425,0.97834,1.0
1835,0,0.0003,0.0,0.34999,0.0025,0.00034,0.00034
1836,0,0.00037,0.0,0.17182,0.0075,0.0001,0.0001
1837,0,0.00171,0.0,0.3513,0.0075,0.00096,0.00096
1838,0,0.00019,0.0,0.58048,0.04,0.00011,0.00011
1839,0,0.00072,0.0,0.40251,0.115,0.00448,0.00448
1840,0,9e-05,0.0,0.00312,0.0,2e-05,2e-05
1841,0,4e-05,0.0,0.03769,0.005,4e-05,4e-05
1842,0,8e-05,0.0,0.0089,0.0,3e-05,3e-05
1843,0,2e-05,0.0,0.00377,0.0,1e-05,1e-05
1844,0,5e-05,0.0,0.01675,0.0,2e-05,2e-05
1845,0,3e-05,0.0,0.03178,0.0,1e-05,1e-05
1846,0,0.00013,0.0,0.0238,0.0,3e-05,3e-05
1847,0,7e-05,0.0,0.00916,0.0,3e-05,3e-05
1848,0,0.00015,0.0,0.21321,0.0,4e-05,4e-05
1849,0,5e-05,0.0,0.03242,0.0,2e-05,2e-05
1850,0,7e-05,0.0,0.00785,0.0,2e-05,2e-05
1851,0,0.00018,0.0,0.29633,0.0,4e-05,4e-05
1852,0,4e-05,0.0,0.16427,0.0,8e-05,8e-05
1853,0,5e-05,0.0,0.01631,0.0,2e-05,2e-05
1854,0,5e-05,0.0,0.03741,0.0,2e-05,2e-05
1855,0,9e-05,0.0,0.03481,0.0,3e-05,3e-05
1856,0,0.01346,0.0,0.95656,0.0325,0.00086,0.00086
1857,0,0.00015,0.0,0.00853,0.0,5e-05,5e-05
1858,0,5e-05,0.0,0.01801,0.0,2e-05,2e-05
1859,0,7e-05,0.0,0.01509,0.0,4e-05,4e-05
1860,0,0.00015,0.0,0.20316,0.0,0.0001,0.0001
1861,0,0.00011,0.0,0.0122,0.0,3e-05,3e-05
1862,0,4e-05,0.0,0.00781,0.0,3e-05,3e-05
1863,0,9e-05,0.0,0.07092,0.0,1e-05,1e-05
1864,0,3e-05,0.0,0.03114,0.0,1e-05,1e-05
1865,0,0.00014,0.0,0.03203,0.0,5e-05,5e-05
1866,0,9e-05,0.0,0.02228,0.0,3e-05,3e-05
1867,0,0.00018,0.0,0.01023,0.0025,3e-05,3e-05
1868,0,5e-05,0.0,0.06448,0.0,1e-05,1e-05
1869,0,0.00107,0.0,0.70863,0.005,0.00021,0.00021
1870,0,6e-05,0.0,0.01455,0.0,2e-05,2e-05
1871,0,0.00019,0.0,0.09124,0.0,2e-05,2e-05
1872,0,0.00011,0.0,0.02762,0.0,6e-05,6e-05
1873,0,0.00059,0.0,0.83727,0.0,4e-05,4e-05
1874,0,0.00168,0.0,0.76777,0.005,0.00011,0.00011
1875,0,0.00027,0.0,0.02966,0.0,1e-05,1e-05
1876,0,0.00031,0.0,0.47087,0.0025,0.00012,0.00012
1877,0,0.00382,0.0,0.9735,0.0275,0.00016,0.00016
1878,0,7e-05,0.0,0.02555,0.0,3e-05,3e-05
1879,0,0.00015,0.0,0.23173,0.0025,4e-05,4e-05
1880,0,5e-05,0.0,0.03095,0.0,2e-05,2e-05
1881,0,0.00027,0.0,0.042,0.005,3e-05,3e-05
1882,0,5e-05,0.0,0.13682,0.0,2e-05,2e-05
1883,0,3e-05,0.0,0.07361,0.0,1e-05,1e-05
1884,0,4e-05,0.0,0.18521,0.0,4e-05,4e-05
1885,0,0.00013,0.0,0.04521,0.0,8e-05,8e-05
1886,0,8e-05,0.0,0.06194,0.0,1e-05,1e-05
1887,0,6e-05,0.0,0.13109,0.0,2e-05,2e-05
1888,0,4e-05,0.0,0.04873,0.0,2e-05,2e-05
1889,0,0.00235,0.0,0.08221,0.0025,0.00012,0.00012
1890,0,0.00012,0.0,0.13042,0.0,2e-05,2e-05
1891,0,5e-05,0.0,0.16585,0.0,1e-05,1e-05
1892,0,0.00024,0.0,0.07945,0.0,3e-05,3e-05
1893,0,0.0002,0.0,0.23393,0.0,8e-05,8e-05
1894,0,7e-05,0.0,0.08801,0.0,0.00025,0.00025
1895,0,0.00043,0.0,0.09414,0.0025,0.00011,0.00011
1896,0,0.00018,0.0,0.82198,0.0,1e-05,1e-05
1897,0,0.00026,0.0,0.13554,0.0,0.00013,0.00013
1898,0,0.0001,0.0,0.30952,0.0025,7e-05,7e-05
1899,0,0.00011,0.0,0.77407,0.0075,2e-05,2e-05
1900,0,0.00016,0.0,0.2898,0.0025,9e-05,9e-05
1901,0,0.00044,0.0,0.08956,0.0,2e-05,2e-05
1902,0,7e-05,0.0,0.18815,0.0,2e-05,2e-05
1903,0,0.00253,0.0,0.17252,0.0225,0.00029,0.00029
1904,0,0.00018,0.0,0.44165,0.0,0.0001,0.0001
1905,0,0.00023,0.0,0.12146,0.0,0.00012,0.00012
1906,0,0.00509,0.0,0.18744,0.01,0.00043,0.00043
1907,0,0.00016,0.0,0.67193,0.0025,4e-05,4e-05
1908,0,0.00012,0.0,0.34932,0.005,2e-05,2e-05
1909,0,0.00122,0.0,0.50403,0.0,6e-05,6e-05
1910,0,0.00027,0.0,0.51072,0.0,4e-05,4e-05
1911,0,0.0001,0.0,0.15016,0.0,0.00021,0.00021
1912,0,0.01606,0.0,0.91221,0.0825,0.00364,0.00364
1913,0,8e-05,0.0,0.15769,0.0,5e-05,5e-05
1914,0,0.00017,0.0,0.29432,0.0025,8e-05,8e-05
1915,0,0.00539,0.0,0.27722,0.0675,0.00083,0.00083
1916,0,0.00167,0.0,0.35625,0.055,0.00169,0.00169
1917,0,0.0335,0.0,0.78892,0.105,0.00306,0.00306
1918,0,0.00265,0.0,0.52684,0.0375,0.00028,0.00028
1919,0,1e-05,0.0,0.00829,0.0,3e-05,3e-05
1920,0,7e-05,0.0,0.00332,0.0,4e-05,4e-05
1921,0,3e-05,0.0,0.01555,0.0,0.0001,0.0001
1922,0,1e-05,0.0,0.00437,0.0,2e-05,2e-05
1923,0,3e-05,0.0,0.00268,0.0,9e-05,9e-05
1924,0,5e-05,0.0,0.00491,0.0,1e-05,1e-05
1925,0,3e-05,0.0,0.22054,0.0,8e-05,8e-05
1926,0,0.0001,0.0,0.01095,0.0,8e-05,8e-05
1927,0,4e-05,0.0,0.00486,0.0,5e-05,5e-05
1928,0,0.00016,0.0,0.08036,0.005,8e-05,8e-05
1929,0,3e-05,0.0,0.00405,0.0,6e-05,6e-05
1930,0,6e-05,0.0,0.07287,0.0,2e-05,2e-05
1931,0,3e-05,0.0,0.00788,0.0,2e-05,2e-05
1932,0,0.0002,0.0,0.01049,0.0,6e-05,6e-05
1933,0,4e-05,0.0,0.00473,0.0,4e-05,4e-05
1934,0,6e-05,0.0,0.01086,0.0,6e-05,6e-05
1935,0,3e-05,0.0,0.00948,0.0,2e-05,2e-05
1936,0,0.00018,0.0,0.37079,0.0,0.00011,0.00011
1937,0,0.00019,0.0,0.03535,0.0,0.00048,0.00048
1938,0,0.00016,0.0,0.0655,0.0,1e-05,1e-05
1939,0,5e-05,0.0,0.03098,0.0,1e-05,1e-05
1940,0,3e-05,0.0,0.49916,0.0025,5e-05,5e-05
1941,0,3e-05,0.0,0.01765,0.0,1e-05,1e-05
1942,0,0.01005,0.0,0.56284,0.0275,0.00069,0.00069
1943,0,8e-05,0.0,0.05667,0.0,2e-05,2e-05
1944,0,5e-05,0.0,0.01222,0.0,1e-05,1e-05
1945,0,4e-05,0.0,0.01045,0.0025,1e-05,1e-05
1946,0,3e-05,0.0,0.01282,0.0,1e-05,1e-05
1947,0,3e-05,0.0,0.01835,0.0,1e-05,1e-05
1948,0,0.00015,0.0,0.16948,0.0,3e-05,3e-05
1949,0,0.0001,0.0,0.13869,0.0,1e-05,1e-05
1950,0,5e-05,0.0,0.03211,0.0,1e-05,1e-05
1951,0,4e-05,0.0,0.09238,0.0,6e-05,6e-05
1952,0,7e-05,0.0,0.02111,0.0,5e-05,5e-05
1953,0,0.00022,0.0,0.93762,0.0025,0.00016,0.00016
1954,0,4e-05,0.0,0.02803,0.0,1e-05,1e-05
1955,0,7e-05,0.0,0.15742,0.0,1e-05,1e-05
1956,0,9e-05,0.0,0.7574,0.0,9e-05,9e-05
1957,0,0.0001,0.0,0.23159,0.0,2e-05,2e-05
1958,0,5e-05,0.0,0.02229,0.0025,2e-05,2e-05
1959,0,3e-05,0.0,0.06574,0.0,2e-05,2e-05
1960,0,0.00017,0.0,0.30044,0.0,3e-05,3e-05
1961,0,0.00026,0.0,0.37288,0.0025,3e-05,3e-05
1962,0,0.0001,0.0,0.37039,0.0,2e-05,2e-05
1963,0,0.00039,0.0,0.38541,0.0,4e-05,4e-05
1964,0,0.0001,0.0,0.21884,0.0025,3e-05,3e-05
1965,0,0.00011,0.0,0.24878,0.0,2e-05,2e-05
1966,0,0.00014,0.0,0.05141,0.0,4e-05,4e-05
1967,0,4e-05,0.0,0.11015,0.0,2e-05,2e-05
1968,0,5e-05,0.0,0.0795,0.0,1e-05,1e-05
1969,0,0.00012,0.0,0.70751,0.0,0.00019,0.00019
1970,0,0.00029,0.0,0.04159,0.0025,1e-05,1e-05
1971,0,0.11521,0.0,0.99176,0.225,0.0002,0.0002
1972,0,0.00021,0.0,0.76907,0.0,4e-05,4e-05
1973,0,4e-05,0.0,0.06435,0.0,5e-05,5e-05
1974,0,0.00017,0.0,0.07397,0.0,5e-05,5e-05
1975,0,0.00013,0.0,0.42236,0.0,5e-05,5e-05
1976,0,0.0001,0.0,0.36732,0.0,2e-05,2e-05
1977,0,0.0001,0.0,0.30649,0.0,3e-05,3e-05
1978,0,0.00013,0.0,0.06677,0.0075,0.00013,0.00013
1979,0,5e-05,0.0,0.30416,0.0,3e-05,3e-05
1980,0,0.00032,0.0,0.35973,0.025,0.00031,0.00031
1981,0,0.00013,0.0,0.9163,0.0075,7e-05,7e-05
1982,0,0.00019,0.0,0.47884,0.0075,7e-05,7e-05
1983,0,0.0001,0.0,0.20139,0.0,2e-05,2e-05
1984,0,5e-05,0.0,0.30114,0.0,9e-05,9e-05
1985,0,0.00012,0.0,0.47574,0.01,0.00014,0.00014
1986,0,5e-05,0.0,0.24767,0.0,3e-05,3e-05
1987,0,5e-05,0.0,0.34497,0.0025,2e-05,2e-05
1988,0,0.00012,0.0,0.13482,0.0025,6e-05,6e-05
1989,0,0.00045,0.0,0.27469,0.0025,0.00012,0.00012
1990,0,0.00036,0.0,0.25291,0.005,8e-05,8e-05
1991,0,0.00034,0.0,0.61865,0.0,4e-05,4e-05
1992,0,0.00027,0.0,0.18881,0.0025,0.00041,0.00041
1993,0,0.00068,0.0,0.6875,0.0075,0.00046,0.00046
1994,0,0.00029,0.0,0.35778,0.0025,3e-05,3e-05
1995,0,0.00026,0.0,0.42809,0.0,4e-05,4e-05
1996,0,0.00108,0.0,0.57831,0.0125,0.00016,0.00016
1997,1,0.00021,0.0,0.26705,0.0025,6e-05,6e-05
1998,0,2e-05,0.0,0.00891,0.0,1e-05,1e-05
1999,0,2e-05,0.0,0.00179,0.0,2e-05,2e-05
2000,0,8e-05,0.0,0.00966,0.0,8e-05,8e-05
2001,0,0.00019,0.0,0.47014,0.005,0.00014,0.00014
2002,0,1e-05,0.0,0.00659,0.0,3e-05,3e-05
2003,0,6e-05,0.0,0.00302,0.0,0.00012,0.00012
2004,0,0.0004,0.0,0.00638,0.0,2e-05,2e-05
2005,0,0.00023,0.0,0.07867,0.0,7e-05,7e-05
2006,0,0.00018,0.0,0.01268,0.0025,9e-05,9e-05
2007,0,0.00019,0.0,0.12958,0.005,3e-05,3e-05
2008,0,7e-05,0.0,0.0069,0.0,2e-05,2e-05
2009,0,4e-05,0.0,0.00455,0.0,3e-05,3e-05
2010,0,0.0001,0.0,0.00343,0.0,3e-05,3e-05
2011,0,0.00049,0.0,0.89884,0.0025,0.00078,0.00078
2012,0,6e-05,0.0,0.00601,0.0,0.00013,0.00013
2013,0,0.00036,0.0,0.10905,0.0,0.0001,0.0001
2014,0,5e-05,0.0,0.0433,0.0,1e-05,1e-05
2015,0,0.0019,0.0,0.82606,0.005,0.00018,0.00018
2016,1,0.56866,1.0,0.96464,0.9275,0.74044,1.0
2017,0,0.00011,0.0,0.05767,0.0,3e-05,3e-05
2018,0,6e-05,0.0,0.0436,0.0,2e-05,2e-05
2019,0,0.00062,0.0,0.1482,0.0,0.00014,0.00014
2020,0,0.00011,0.0,0.00469,0.0,4e-05,4e-05
2021,0,0.00011,0.0,0.00629,0.005,2e-05,2e-05
2022,0,0.00016,0.0,0.0532,0.0,4e-05,4e-05
2023,0,0.00021,0.0,0.18355,0.0,5e-05,5e-05
2024,0,0.00031,0.0,0.36345,0.0,5e-05,5e-05
2025,0,6e-05,0.0,0.00627,0.0,3e-05,3e-05
2026,0,0.00018,0.0,0.04327,0.0,3e-05,3e-05
2027,0,0.0001,0.0,0.40504,0.0,7e-05,7e-05
2028,0,8e-05,0.0,0.01694,0.0,3e-05,3e-05
2029,0,0.00033,0.0,0.19107,0.0,7e-05,7e-05
2030,0,0.0001,0.0,0.02229,0.0,1e-05,1e-05
2031,0,0.00021,0.0,0.31609,0.0025,3e-05,3e-05
2032,0,0.1986,0.0,0.91881,0.105,0.00103,0.00103
2033,0,0.00016,0.0,0.10277,0.0,3e-05,3e-05
2034,0,0.00033,0.0,0.27658,0.005,4e-05,4e-05
2035,0,0.00083,0.0,0.18128,0.0025,9e-05,9e-05
2036,0,7e-05,0.0,0.031,0.0,1e-05,1e-05
2037,0,0.00028,0.0,0.05029,0.0,4e-05,4e-05
2038,0,0.00014,0.0,0.06069,0.0,2e-05,2e-05
2039,0,0.00021,0.0,0.59947,0.0,2e-05,2e-05
2040,0,7e-05,0.0,0.06963,0.0,5e-05,5e-05
2041,0,5e-05,0.0,0.03702,0.0,2e-05,2e-05
2042,0,0.00018,0.0,0.03613,0.0,2e-05,2e-05
2043,0,0.00046,0.0,0.46829,0.0025,2e-05,2e-05
2044,0,9e-05,0.0,0.03032,0.045,3e-05,3e-05
2045,0,0.00013,0.0,0.14406,0.0,1e-05,1e-05
2046,0,0.00011,0.0,0.03459,0.0,2e-05,2e-05
2047,0,0.00014,0.0,0.32306,0.0,6e-05,6e-05
2048,0,0.00037,0.0,0.0623,0.0,4e-05,4e-05
2049,0,8e-05,0.0,0.16336,0.0,2e-05,2e-05
2050,0,7e-05,0.0,0.0626,0.0,5e-05,5e-05
2051,0,8e-05,0.0,0.04481,0.0,4e-05,4e-05
2052,0,0.00011,0.0,0.19375,0.0,2e-05,2e-05
2053,0,8e-05,0.0,0.17231,0.0,2e-05,2e-05
2054,0,0.1623,0.0,0.87449,0.1675,0.00162,0.00162
2055,0,0.00012,0.0,0.05327,0.05,0.00046,0.00046
2056,0,0.00017,0.0,0.09887,0.0025,2e-05,2e-05
2057,0,0.00041,0.0,0.82261,0.0025,3e-05,3e-05
2058,0,7e-05,0.0,0.20084,0.0,1e-05,1e-05
2059,0,0.00075,0.0,0.13655,0.005,5e-05,5e-05
2060,0,0.00033,0.0,0.23886,0.0,4e-05,4e-05
2061,0,0.00022,0.0,0.14716,0.0075,0.00017,0.00017
2062,0,0.00069,0.0,0.69369,0.0,6e-05,6e-05
2063,0,0.00013,0.0,0.22384,0.0,5e-05,5e-05
2064,0,0.00033,0.0,0.85031,0.0,3e-05,3e-05
2065,0,0.00011,0.0,0.29617,0.0,4e-05,4e-05
2066,0,0.00066,0.0,0.46731,0.0,0.00045,0.00045
2067,0,0.00016,0.0,0.19495,0.0,2e-05,2e-05
2068,0,0.00021,0.0,0.2024,0.0,4e-05,4e-05
2069,0,5e-05,0.0,0.17341,0.0,6e-05,6e-05
2070,0,0.0001,0.0,0.16731,0.0,0.0001,0.0001
2071,0,0.00042,0.0,0.74797,0.005,4e-05,4e-05
2072,0,0.21602,0.0,0.92517,0.3275,0.00481,0.00481
2073,0,0.00015,0.0,0.24075,0.0,4e-05,4e-05
2074,0,0.00049,0.0,0.23074,0.0,2e-05,2e-05
2075,0,0.00011,0.0,0.2133,0.0,2e-05,2e-05
2076,1,0.43509,1.0,0.89373,0.8075,0.99565,1.0
2077,0,0.00018,0.0,0.28259,0.0,0.00012,0.00012
2078,0,0.00019,0.0,0.25919,0.005,0.00021,0.00021
2079,0,0.08034,0.0,0.22195,0.1325,0.00068,0.00068
2080,0,0.031,0.0,0.2595,0.3675,0.02042,0.02042
2081,0,0.03869,0.0,0.96282,0.29,0.00425,0.00425
2082,0,0.00113,0.0,0.50768,0.0125,0.00021,0.00021
2083,0,0.0029,0.0,0.24659,0.195,0.0044,0.0044
2084,0,1e-05,0.0,0.00229,0.0,2e-05,2e-05
2085,0,5e-05,0.0,0.05158,0.0,2e-05,2e-05
2086,0,2e-05,0.0,0.05089,0.0,3e-05,3e-05
2087,0,0.00045,0.0,0.05491,0.0625,0.0008,0.0008
2088,0,2e-05,0.0,0.00762,0.0,1e-05,1e-05
2089,0,0.00029,0.0,0.13092,0.0,6e-05,6e-05
2090,0,0.00015,0.0,0.00574,0.0,5e-05,5e-05
2091,0,0.00059,0.0,0.11359,0.0325,0.00041,0.00041
2092,0,7e-05,0.0,0.03121,0.0,9e-05,9e-05
2093,0,0.00014,0.0,0.09398,0.0025,2e-05,2e-05
2094,0,4e-05,0.0,0.01379,0.0,3e-05,3e-05
2095,0,9e-05,0.0,0.06131,0.0,6e-05,6e-05
2096,0,7e-05,0.0,0.02265,0.0,1e-05,1e-05
2097,0,0.00026,0.0,0.40155,0.0075,0.00011,0.00011
2098,0,0.00021,0.0,0.13021,0.0025,1e-05,1e-05
2099,0,0.00969,0.0,0.57277,0.065,0.00054,0.00054
2100,0,5e-05,0.0,0.00724,0.0,2e-05,2e-05
2101,0,4e-05,0.0,0.04698,0.005,4e-05,4e-05
2102,0,0.00014,0.0,0.01744,0.0,3e-05,3e-05
2103,0,0.00227,0.0,0.86698,0.04,1e-05,1e-05
2104,0,0.00011,0.0,0.10145,0.0,2e-05,2e-05
2105,0,3e-05,0.0,0.01003,0.0,1e-05,1e-05
2106,0,6e-05,0.0,0.06148,0.0,2e-05,2e-05
2107,0,8e-05,0.0,0.00918,0.0,3e-05,3e-05
2108,0,0.00012,0.0,0.12778,0.005,4e-05,4e-05
2109,0,7e-05,0.0,0.20396,0.0,2e-05,2e-05
2110,0,5e-05,0.0,0.05203,0.0,1e-05,1e-05
2111,0,0.00014,0.0,0.01206,0.0,1e-05,1e-05
2112,0,0.00022,0.0,0.21826,0.005,4e-05,4e-05
2113,0,0.0002,0.0,0.02688,0.0,3e-05,3e-05
2114,0,0.00019,0.0,0.03267,0.0,0.0001,0.0001
2115,0,0.00049,0.0,0.08889,0.0,2e-05,2e-05
2116,0,0.0001,0.0,0.27362,0.0,4e-05,4e-05
2117,0,0.00027,0.0,0.1615,0.0025,8e-05,8e-05
2118,0,2e-05,0.0,0.02734,0.0,2e-05,2e-05
2119,0,5e-05,0.0,0.13075,0.0,2e-05,2e-05
2120,0,0.0001,0.0,0.03905,0.0,2e-05,2e-05
2121,0,4e-05,0.0,0.04337,0.0,4e-05,4e-05
2122,0,4e-05,0.0,0.06103,0.0,5e-05,5e-05
2123,0,9e-05,0.0,0.07,0.0,2e-05,2e-05
2124,0,5e-05,0.0,0.10121,0.0,2e-05,2e-05
2125,0,0.00039,0.0,0.13672,0.0,3e-05,3e-05
2126,1,0.81055,1.0,0.99553,0.9225,0.5787,1.0
2127,0,0.00041,0.0,0.28616,0.0,6e-05,6e-05
2128,0,0.0002,0.0,0.0893,0.0,2e-05,2e-05
2129,0,0.00016,0.0,0.08502,0.0,2e-05,2e-05
2130,0,3e-05,0.0,0.06187,0.0,2e-05,2e-05
2131,0,0.00127,0.0,0.83005,0.045,5e-05,5e-05
2132,0,0.00022,0.0,0.34073,0.0,6e-05,6e-05
2133,0,0.00058,0.0,0.07911,0.0,0.00012,0.00012
2134,0,2e-05,0.0,0.06133,0.0,1e-05,1e-05
2135,0,0.00016,0.0,0.33488,0.0,7e-05,7e-05
2136,0,0.00014,0.0,0.36115,0.0,2e-05,2e-05
2137,0,7e-05,0.0,0.17477,0.0,1e-05,1e-05
2138,0,7e-05,0.0,0.11612,0.0,6e-05,6e-05
2139,0,0.0004,0.0,0.12353,0.0025,0.00016,0.00016
2140,0,0.00014,0.0,0.50438,0.0,1e-05,1e-05
2141,0,0.0002,0.0,0.48132,0.0,7e-05,7e-05
2142,0,8e-05,0.0,0.12477,0.0025,5e-05,5e-05
2143,0,0.00086,0.0,0.91494,0.0425,6e-05,6e-05
2144,0,0.00028,0.0,0.44594,0.0,0.0001,0.0001
2145,0,0.0001,0.0,0.33383,0.0,7e-05,7e-05
2146,0,0.00019,0.0,0.35492,0.0,3e-05,3e-05
2147,0,6e-05,0.0,0.18819,0.0,3e-05,3e-05
2148,0,0.00013,0.0,0.20452,0.0,5e-05,5e-05
2149,0,0.0003,0.0,0.22354,0.0,5e-05,5e-05
2150,0,0.00015,0.0,0.19715,0.0,4e-05,4e-05
2151,0,5e-05,0.0,0.16693,0.0,5e-05,5e-05
2152,0,0.00023,0.0,0.87083,0.005,6e-05,6e-05
2153,0,0.00015,0.0,0.1656,0.005,0.00012,0.00012
2154,0,0.00127,0.0,0.49405,0.01,0.00045,0.00045
2155,0,0.00033,0.0,0.2894,0.005,0.0004,0.0004
2156,0,0.00503,0.0,0.81175,0.025,0.00035,0.00035
2157,0,0.00396,0.0,0.42284,0.0075,6e-05,6e-05
2158,0,0.16744,0.0,0.60568,0.605,0.53076,0.53076
2159,0,0.01214,0.0,0.7345,0.09,0.0033,0.0033
2160,0,0.00109,0.0,0.23167,0.0275,0.0005,0.0005
2161,0,0.00656,0.0,0.49594,0.05,0.00125,0.00125
2162,0,0.00139,0.0,0.50166,0.0525,0.00089,0.00089
2163,0,0.02466,0.0,0.68793,0.33,0.01918,0.01918
2164,0,0.01026,0.0,0.54679,0.16,0.00405,0.00405
2165,0,0.03888,0.0,0.44347,0.305,0.01321,0.01321
2166,0,0.0922,0.0,0.69247,0.3175,0.02346,0.02346
2167,1,0.03717,0.0,0.49831,0.2025,0.01223,0.01223
2168,0,5e-05,0.0,0.00806,0.005,2e-05,2e-05
2169,0,3e-05,0.0,0.08927,0.005,4e-05,4e-05
2170,0,5e-05,0.0,0.12684,0.0,0.00011,0.00011
2171,0,1e-05,0.0,0.01893,0.0025,1e-05,1e-05
2172,0,1e-05,0.0,0.04008,0.0,1e-05,1e-05
2173,0,0.00018,0.0,0.00438,0.0,8e-05,8e-05
2174,0,8e-05,0.0,0.0201,0.0,1e-05,1e-05
2175,0,5e-05,0.0,0.00655,0.0,3e-05,3e-05
2176,0,2e-05,0.0,0.00787,0.0,1e-05,1e-05
2177,0,0.00021,0.0,0.11048,0.0025,0.00025,0.00025
2178,0,0.00017,0.0,0.10458,0.0075,5e-05,5e-05
2179,0,3e-05,0.0,0.01509,0.0,2e-05,2e-05
2180,0,3e-05,0.0,0.01135,0.0,1e-05,1e-05
2181,0,1e-05,0.0,0.00837,0.0,1e-05,1e-05
2182,0,0.00014,0.0,0.02643,0.045,2e-05,2e-05
2183,0,0.00146,0.0,0.87112,0.035,0.0001,0.0001
2184,0,0.0001,0.0,0.01751,0.0,0.0,0.0
2185,0,6e-05,0.0,0.06793,0.0,3e-05,3e-05
2186,0,3e-05,0.0,0.01639,0.0,2e-05,2e-05
2187,0,0.0001,0.0,0.07268,0.0,3e-05,3e-05
2188,0,0.00045,0.0,0.12562,0.05,0.00055,0.00055
2189,0,0.00014,0.0,0.11416,0.0025,5e-05,5e-05
2190,0,2e-05,0.0,0.04032,0.0,1e-05,1e-05
2191,0,8e-05,0.0,0.07686,0.0,2e-05,2e-05
2192,0,4e-05,0.0,0.02936,0.0,1e-05,1e-05
2193,0,0.00024,0.0,0.23458,0.0,2e-05,2e-05
2194,0,0.00016,0.0,0.08673,0.0,1e-05,1e-05
2195,0,1e-05,0.0,0.0308,0.0,1e-05,1e-05
2196,0,0.00018,0.0,0.02586,0.0,2e-05,2e-05
2197,0,6e-05,0.0,0.03335,0.0,1e-05,1e-05
2198,0,0.00081,0.0,0.38068,0.0,5e-05,5e-05
2199,0,0.00033,0.0,0.08791,0.0,2e-05,2e-05
2200,0,0.0002,0.0,0.8806,0.005,0.00017,0.00017
2201,0,4e-05,0.0,0.06236,0.0,2e-05,2e-05
2202,0,3e-05,0.0,0.06612,0.0,2e-05,2e-05
2203,0,0.00013,0.0,0.04657,0.0,3e-05,3e-05
2204,0,3e-05,0.0,0.05063,0.0,1e-05,1e-05
2205,0,0.00025,0.0,0.26383,0.0,5e-05,5e-05
2206,0,3e-05,0.0,0.07026,0.0,2e-05,2e-05
2207,0,8e-05,0.0,0.53507,0.005,4e-05,4e-05
2208,0,6e-05,0.0,0.08974,0.0,3e-05,3e-05
2209,0,6e-05,0.0,0.11848,0.0,6e-05,6e-05
2210,0,0.00023,0.0,0.51813,0.0,2e-05,2e-05
2211,0,0.00033,0.0,0.66014,0.0075,0.00013,0.00013
2212,0,0.00232,0.0,0.97849,0.125,0.00018,0.00018
2213,0,7e-05,0.0,0.1741,0.0,4e-05,4e-05
2214,0,0.00019,0.0,0.1622,0.0,2e-05,2e-05
2215,0,0.00025,0.0,0.31903,0.0,6e-05,6e-05
2216,0,0.00012,0.0,0.26716,0.0025,3e-05,3e-05
2217,0,6e-05,0.0,0.09422,0.01,8e-05,8e-05
2218,0,0.00025,0.0,0.85224,0.0,3e-05,3e-05
2219,0,4e-05,0.0,0.10087,0.0,3e-05,3e-05
2220,0,0.00018,0.0,0.40136,0.0,0.00011,0.00011
2221,0,0.00145,0.0,0.07849,0.0025,0.0001,0.0001
2222,0,0.00051,0.0,0.91398,0.0075,2e-05,2e-05
2223,0,9e-05,0.0,0.15776,0.0,2e-05,2e-05
2224,0,0.00029,0.0,0.595,0.005,1e-05,1e-05
2225,0,9e-05,0.0,0.123,0.005,5e-05,5e-05
2226,0,0.00014,0.0,0.4518,0.0,3e-05,3e-05
2227,0,0.01126,0.0,0.10435,0.2375,0.01351,0.01351
2228,0,0.00041,0.0,0.46766,0.0,5e-05,5e-05
2229,0,9e-05,0.0,0.26388,0.0,3e-05,3e-05
2230,0,8e-05,0.0,0.18287,0.0,5e-05,5e-05
2231,0,0.00032,0.0,0.55985,0.0025,0.0001,0.0001
2232,0,0.00236,0.0,0.8593,0.0525,7e-05,7e-05
2233,0,0.00125,0.0,0.25569,0.0025,9e-05,9e-05
2234,1,0.84401,1.0,0.99785,0.925,0.8478,1.0
2235,0,0.00013,0.0,0.40073,0.0,2e-05,2e-05
2236,0,0.00025,0.0,0.43341,0.0,3e-05,3e-05
2237,0,0.00051,0.0,0.42475,0.0075,6e-05,6e-05
2238,0,0.00042,0.0,0.77868,0.01,9e-05,9e-05
2239,0,0.00038,0.0,0.66518,0.0,0.00022,0.00022
2240,0,0.0041,0.0,0.80136,0.0125,0.00017,0.00017
2241,0,0.00038,0.0,0.58536,0.005,7e-05,7e-05
2242,0,0.00692,0.0,0.34141,0.0475,0.00061,0.00061
2243,0,0.11168,0.0,0.36045,0.1725,0.2428,0.2428
2244,0,0.00175,0.0,0.38303,0.025,0.00035,0.00035
2245,1,0.00078,0.0,0.35832,0.0175,0.00015,0.00015
2246,0,0.00141,0.0,0.02559,0.0075,0.00088,0.00088
2247,0,3e-05,0.0,0.12138,0.0,8e-05,8e-05
2248,0,0.00011,0.0,0.10847,0.01,0.00018,0.00018
2249,0,0.00048,0.0,0.83963,0.0075,0.00083,0.00083
2250,0,3e-05,0.0,0.09052,0.0,4e-05,4e-05
2251,0,0.00015,0.0,0.11466,0.0,4e-05,4e-05
2252,0,0.00011,0.0,0.03289,0.0,4e-05,4e-05
2253,0,0.00011,0.0,0.02808,0.0,3e-05,3e-05
2254,0,0.00029,0.0,0.45846,0.0,0.00014,0.00014
2255,0,0.00036,0.0,0.21842,0.0,5e-05,5e-05
2256,0,8e-05,0.0,0.01123,0.0,1e-05,1e-05
2257,0,0.00016,0.0,0.02449,0.0,5e-05,5e-05
2258,0,0.00014,0.0,0.01499,0.005,8e-05,8e-05
2259,0,0.00214,0.0,0.89488,0.0075,5e-05,5e-05
2260,0,0.00018,0.0,0.33155,0.0,3e-05,3e-05
2261,0,9e-05,0.0,0.01464,0.005,3e-05,3e-05
2262,0,0.00356,0.0,0.0942,0.015,0.0004,0.0004
2263,0,0.0001,0.0,0.05475,0.0,4e-05,4e-05
2264,0,0.00014,0.0,0.0514,0.0025,3e-05,3e-05
2265,0,0.0002,0.0,0.08936,0.0,0.00014,0.00014
2266,0,0.00033,0.0,0.48262,0.0025,3e-05,3e-05
2267,0,0.02186,0.0,0.80453,0.07,0.00104,0.00104
2268,0,0.00024,0.0,0.50851,0.0025,6e-05,6e-05
2269,0,0.00055,0.0,0.18034,0.0075,0.0001,0.0001
2270,0,0.00027,0.0,0.40163,0.0025,5e-05,5e-05
2271,0,0.00019,0.0,0.24697,0.0025,6e-05,6e-05
2272,0,0.00016,0.0,0.02867,0.0,3e-05,3e-05
2273,0,0.0001,0.0,0.27598,0.0025,9e-05,9e-05
2274,0,7e-05,0.0,0.02817,0.0,1e-05,1e-05
2275,0,0.00015,0.0,0.02962,0.0,1e-05,1e-05
2276,0,2e-05,0.0,0.04407,0.0,1e-05,1e-05
2277,0,0.00079,0.0,0.60091,0.0,5e-05,5e-05
2278,0,0.0001,0.0,0.13623,0.0,2e-05,2e-05
2279,0,5e-05,0.0,0.04237,0.0,1e-05,1e-05
2280,0,0.00011,0.0,0.08008,0.0,2e-05,2e-05
2281,0,0.00183,0.0,0.75368,0.0075,8e-05,8e-05
2282,0,3e-05,0.0,0.0773,0.0,2e-05,2e-05
2283,0,0.00012,0.0,0.28663,0.0,1e-05,1e-05
2284,0,0.0004,0.0,0.55351,0.0,4e-05,4e-05
2285,0,0.00082,0.0,0.67238,0.0175,0.00016,0.00016
2286,0,0.002,0.0,0.79137,0.01,0.00022,0.00022
2287,0,0.00025,0.0,0.93546,0.01,9e-05,9e-05
2288,0,0.00019,0.0,0.06141,0.0,4e-05,4e-05
2289,0,0.00023,0.0,0.09071,0.0025,4e-05,4e-05
2290,0,0.00021,0.0,0.11192,0.0,0.00011,0.00011
2291,0,0.0001,0.0,0.63988,0.0,0.00013,0.00013
2292,0,0.00029,0.0,0.08129,0.0025,7e-05,7e-05
2293,0,0.00199,0.0,0.65241,0.0025,6e-05,6e-05
2294,0,8e-05,0.0,0.13084,0.0,4e-05,4e-05
2295,0,0.0001,0.0,0.07815,0.0,3e-05,3e-05
2296,0,0.0001,0.0,0.13024,0.0,3e-05,3e-05
2297,0,0.0001,0.0,0.18348,0.0,1e-05,1e-05
2298,0,0.00033,0.0,0.09862,0.0,8e-05,8e-05
2299,0,0.00044,0.0,0.15479,0.0,0.00012,0.00012
2300,1,0.59598,1.0,0.83986,0.89,0.99871,1.0
2301,0,0.00014,0.0,0.67196,0.0,7e-05,7e-05
2302,0,5e-05,0.0,0.0897,0.0,3e-05,3e-05
2303,0,0.00012,0.0,0.21078,0.0,5e-05,5e-05
2304,0,0.00023,0.0,0.78345,0.0,7e-05,7e-05
2305,0,0.00012,0.0,0.24931,0.0,5e-05,5e-05
2306,0,0.00025,0.0,0.56624,0.0025,9e-05,9e-05
2307,0,0.00035,0.0,0.95473,0.01,4e-05,4e-05
2308,0,3e-05,0.0,0.10128,0.0,3e-05,3e-05
2309,0,0.00033,0.0,0.8576,0.0025,0.00013,0.00013
2310,0,9e-05,0.0,0.14377,0.0,3e-05,3e-05
2311,0,0.00033,0.0,0.30312,0.0,5e-05,5e-05
2312,0,0.00021,0.0,0.2119,0.0025,2e-05,2e-05
2313,0,0.0003,0.0,0.17989,0.01,0.00021,0.00021
2314,0,0.00014,0.0,0.11832,0.0,5e-05,5e-05
2315,0,0.00022,0.0,0.64078,0.0,4e-05,4e-05
2316,0,0.00031,0.0,0.24997,0.0,0.00028,0.00028
2317,0,0.00091,0.0,0.30161,0.005,0.00019,0.00019
2318,0,0.00012,0.0,0.19539,0.0,3e-05,3e-05
2319,0,0.00052,0.0,0.74905,0.0,0.00011,0.00011
2320,0,0.00023,0.0,0.19723,0.02,0.00016,0.00016
2321,0,0.0008,0.0,0.31856,0.0025,0.00022,0.00022
2322,0,0.00037,0.0,0.8172,0.0,3e-05,3e-05
2323,0,0.00013,0.0,0.41542,0.0,3e-05,3e-05
2324,0,0.0005,0.0,0.5661,0.0025,0.0002,0.0002
2325,0,0.00148,0.0,0.26337,0.0075,0.00043,0.00043
2326,0,0.00654,0.0,0.36352,0.06,0.00184,0.00184
2327,0,0.01389,0.0,0.64186,0.1625,0.0141,0.0141
2328,0,0.09713,0.0,0.74642,0.14,0.00304,0.00304
2329,0,0.01462,0.0,0.43571,0.28,0.02059,0.02059
2330,0,0.01231,0.0,0.547,0.315,0.00829,0.00829
2331,0,0.00185,0.0,0.77907,0.2275,0.01622,0.01622
2332,1,0.97631,1.0,0.90143,0.895,0.98723,1.0
2333,1,0.72966,1.0,0.87143,0.9,0.99251,1.0
2334,0,0.478,0.0,0.74154,0.1925,0.13182,0.13182
2335,0,0.00652,0.0,0.69685,0.0475,0.00113,0.00113
2336,0,2e-05,0.0,0.0191,0.0,1e-05,1e-05
2337,0,0.00023,0.0,0.0927,0.0,6e-05,6e-05
2338,0,2e-05,0.0,0.0045,0.0,2e-05,2e-05
2339,0,1e-05,0.0,0.00569,0.0025,2e-05,2e-05
2340,0,5e-05,0.0,0.0349,0.0,3e-05,3e-05
2341,0,6e-05,0.0,0.02983,0.0025,2e-05,2e-05
2342,0,0.00023,0.0,0.1094,0.0025,9e-05,9e-05
2343,0,9e-05,0.0,0.00355,0.0025,5e-05,5e-05
2344,0,0.00499,0.0,0.90636,0.045,0.00015,0.00015
2345,0,0.00046,0.0,0.00466,0.0025,4e-05,4e-05
2346,0,6e-05,0.0,0.02857,0.0025,2e-05,2e-05
2347,0,0.00013,0.0,0.17755,0.0125,3e-05,3e-05
2348,0,0.0002,0.0,0.07017,0.0,6e-05,6e-05
2349,0,8e-05,0.0,0.05465,0.0,9e-05,9e-05
2350,0,0.00015,0.0,0.04504,0.0025,5e-05,5e-05
2351,0,6e-05,0.0,0.00803,0.0,4e-05,4e-05
2352,0,0.00031,0.0,0.21862,0.0,8e-05,8e-05
2353,0,0.0003,0.0,0.09,0.0025,6e-05,6e-05
2354,0,0.00011,0.0,0.01182,0.0,3e-05,3e-05
2355,0,0.00309,0.0,0.0329,0.015,0.00045,0.00045
2356,0,0.00114,0.0,0.85266,0.005,0.00021,0.00021
2357,0,5e-05,0.0,0.03121,0.0,3e-05,3e-05
2358,0,5e-05,0.0,0.01349,0.0,1e-05,1e-05
2359,0,0.00031,0.0,0.08557,0.0025,9e-05,9e-05
2360,0,0.00028,0.0,0.06259,0.005,2e-05,2e-05
2361,0,0.00018,0.0,0.36663,0.0,6e-05,6e-05
2362,0,3e-05,0.0,0.01726,0.0,2e-05,2e-05
2363,0,0.00013,0.0,0.03808,0.0,2e-05,2e-05
2364,0,0.00012,0.0,0.13133,0.0,2e-05,2e-05
2365,0,0.00015,0.0,0.43796,0.0,0.00015,0.00015
2366,0,6e-05,0.0,0.03505,0.0,1e-05,1e-05
2367,0,0.00027,0.0,0.1461,0.0,4e-05,4e-05
2368,0,0.00016,0.0,0.05632,0.0,3e-05,3e-05
2369,0,9e-05,0.0,0.11278,0.0,1e-05,1e-05
2370,0,0.00013,0.0,0.03438,0.0,3e-05,3e-05
2371,0,0.00012,0.0,0.04619,0.0,2e-05,2e-05
2372,0,0.0002,0.0,0.25404,0.0025,3e-05,3e-05
2373,0,0.00069,0.0,0.36813,0.0,9e-05,9e-05
2374,0,0.00013,0.0,0.64126,0.0,4e-05,4e-05
2375,0,0.00029,0.0,0.06092,0.0025,4e-05,4e-05
2376,0,0.0001,0.0,0.03179,0.0025,5e-05,5e-05
2377,0,0.0003,0.0,0.58759,0.0,0.0001,0.0001
2378,0,0.00033,0.0,0.11844,0.0025,4e-05,4e-05
2379,0,0.00025,0.0,0.84698,0.0025,4e-05,4e-05
2380,0,0.00022,0.0,0.21161,0.005,6e-05,6e-05
2381,0,0.00385,0.0,0.98368,0.01,0.0005,0.0005
2382,0,6e-05,0.0,0.10808,0.0,1e-05,1e-05
2383,0,5e-05,0.0,0.0741,0.0,2e-05,2e-05
2384,0,5e-05,0.0,0.09447,0.0,1e-05,1e-05
2385,0,8e-05,0.0,0.11599,0.0,3e-05,3e-05
2386,0,7e-05,0.0,0.11181,0.0,4e-05,4e-05
2387,0,0.00026,0.0,0.14337,0.0,0.00027,0.00027
2388,0,0.0001,0.0,0.29013,0.0025,7e-05,7e-05
2389,0,0.00026,0.0,0.09547,0.0,0.0002,0.0002
2390,0,0.00094,0.0,0.12764,0.0025,0.0001,0.0001
2391,0,0.00011,0.0,0.24715,0.0,3e-05,3e-05
2392,0,4e-05,0.0,0.12039,0.0,1e-05,1e-05
2393,0,0.00024,0.0,0.74679,0.0,3e-05,3e-05
2394,0,9e-05,0.0,0.22577,0.0,2e-05,2e-05
2395,0,9e-05,0.0,0.25159,0.0,4e-05,4e-05
2396,0,0.002,0.0,0.11518,0.075,0.00088,0.00088
2397,0,0.00011,0.0,0.11539,0.0025,4e-05,4e-05
2398,0,8e-05,0.0,0.2077,0.0,3e-05,3e-05
2399,0,9e-05,0.0,0.35326,0.0,4e-05,4e-05
2400,0,8e-05,0.0,0.14263,0.0,2e-05,2e-05
2401,0,0.00026,0.0,0.52252,0.015,0.00014,0.00014
2402,0,0.00038,0.0,0.61883,0.0025,0.00027,0.00027
2403,0,0.0004,0.0,0.81388,0.0,8e-05,8e-05
2404,0,0.00012,0.0,0.48383,0.005,3e-05,3e-05
2405,0,0.00019,0.0,0.4324,0.0,7e-05,7e-05
2406,0,0.00063,0.0,0.3141,0.0,0.00023,0.00023
2407,0,0.00017,0.0,0.43208,0.005,0.0001,0.0001
2408,0,0.00012,0.0,0.37527,0.0,8e-05,8e-05
2409,0,0.00478,0.0,0.8672,0.0125,0.00023,0.00023
2410,0,0.00035,0.0,0.4925,0.0025,6e-05,6e-05
2411,0,6e-05,0.0,0.24663,0.0,3e-05,3e-05
2412,0,8e-05,0.0,0.31048,0.0025,6e-05,6e-05
2413,0,0.00035,0.0,0.66499,0.0025,7e-05,7e-05
2414,0,0.00046,0.0,0.53163,0.0125,0.00152,0.00152
2415,0,4e-05,0.0,0.0382,0.0,5e-05,5e-05
2416,0,6e-05,0.0,0.00449,0.0,4e-05,4e-05
2417,0,1e-05,0.0,0.01323,0.0,1e-05,1e-05
2418,0,3e-05,0.0,0.00887,0.0,3e-05,3e-05
2419,0,1e-05,0.0,0.00597,0.0,2e-05,2e-05
2420,0,0.00021,0.0,0.19397,0.005,0.00016,0.00016
2421,0,0.00015,0.0,0.03622,0.0025,0.00012,0.00012
2422,0,0.00761,0.0,0.32861,0.0325,0.00022,0.00022
2423,0,0.0023,0.0,0.25369,0.0025,0.00013,0.00013
2424,0,6e-05,0.0,0.01799,0.0,6e-05,6e-05
2425,0,7e-05,0.0,0.00954,0.0,8e-05,8e-05
2426,0,0.00057,0.0,0.27597,0.0025,7e-05,7e-05
2427,1,0.48891,1.0,0.80323,0.8775,0.851,1.0
2428,0,3e-05,0.0,0.00829,0.0,3e-05,3e-05
2429,0,0.00034,0.0,0.13577,0.0025,9e-05,9e-05
2430,0,0.00022,0.0,0.1851,0.005,5e-05,5e-05
2431,0,0.00053,0.0,0.19415,0.005,0.00011,0.00011
2432,0,0.00027,0.0,0.26571,0.0,7e-05,7e-05
2433,0,0.0001,0.0,0.06731,0.0,4e-05,4e-05
2434,0,0.00029,0.0,0.10256,0.0025,5e-05,5e-05
2435,0,0.00061,0.0,0.08069,0.0,0.00021,0.00021
2436,0,0.00026,0.0,0.01413,0.0,6e-05,6e-05
2437,0,0.00015,0.0,0.00831,0.0,5e-05,5e-05
2438,0,0.00043,0.0,0.07583,0.0,0.0001,0.0001
2439,0,0.00037,0.0,0.57184,0.0,5e-05,5e-05
2440,0,4e-05,0.0,0.01964,0.0,1e-05,1e-05
2441,0,0.0003,0.0,0.24365,0.005,8e-05,8e-05
2442,0,7e-05,0.0,0.02326,0.0,2e-05,2e-05
2443,0,0.00035,0.0,0.53684,0.0,3e-05,3e-05
2444,0,0.00011,0.0,0.03393,0.0,3e-05,3e-05
2445,1,0.88295,1.0,0.99149,0.94,0.49843,1.0
2446,0,8e-05,0.0,0.5879,0.0,7e-05,7e-05
2447,0,0.00015,0.0,0.33711,0.0,9e-05,9e-05
2448,0,0.00026,0.0,0.34458,0.0,2e-05,2e-05
2449,0,0.00018,0.0,0.13557,0.0,3e-05,3e-05
2450,0,0.00011,0.0,0.0295,0.0,2e-05,2e-05
2451,0,0.00023,0.0,0.06832,0.0,2e-05,2e-05
2452,0,0.00048,0.0,0.03216,0.0,3e-05,3e-05
2453,0,0.01823,0.0,0.66579,0.06,0.00193,0.00193
2454,0,0.00015,0.0,0.03273,0.0,2e-05,2e-05
2455,0,3e-05,0.0,0.03738,0.0,1e-05,1e-05
2456,0,4e-05,0.0,0.07585,0.0,4e-05,4e-05
2457,0,4e-05,0.0,0.06797,0.0,2e-05,2e-05
2458,0,5e-05,0.0,0.04267,0.0,1e-05,1e-05
2459,0,0.00031,0.0,0.26186,0.0,2e-05,2e-05
2460,0,0.00026,0.0,0.80197,0.0,0.00015,0.00015
2461,0,0.00024,0.0,0.25679,0.0,5e-05,5e-05
2462,0,5e-05,0.0,0.07426,0.0,2e-05,2e-05
2463,0,3e-05,0.0,0.05559,0.0,1e-05,1e-05
2464,0,0.00011,0.0,0.10151,0.0,4e-05,4e-05
2465,0,0.00014,0.0,0.12511,0.0025,0.0001,0.0001
2466,0,7e-05,0.0,0.14938,0.0,2e-05,2e-05
2467,0,0.00037,0.0,0.13383,0.0025,5e-05,5e-05
2468,0,9e-05,0.0,0.05187,0.0,2e-05,2e-05
2469,0,7e-05,0.0,0.10536,0.0,2e-05,2e-05
2470,0,0.00036,0.0,0.12398,0.0,9e-05,9e-05
2471,0,0.00022,0.0,0.28972,0.0,4e-05,4e-05
2472,0,9e-05,0.0,0.79774,0.0,3e-05,3e-05
2473,0,0.0016,0.0,0.70185,0.005,0.00012,0.00012
2474,0,0.00039,0.0,0.10671,0.0025,0.00023,0.00023
2475,0,0.00019,0.0,0.20586,0.0,7e-05,7e-05
2476,0,0.00015,0.0,0.29306,0.0,6e-05,6e-05
2477,0,0.00016,0.0,0.2358,0.0,3e-05,3e-05
2478,0,0.00138,0.0,0.84371,0.035,6e-05,6e-05
2479,0,0.00061,0.0,0.44885,0.0,2e-05,2e-05
2480,0,4e-05,0.0,0.14636,0.0,2e-05,2e-05
2481,0,0.00012,0.0,0.14765,0.0025,4e-05,4e-05
2482,0,0.00034,0.0,0.63196,0.01,2e-05,2e-05
2483,0,9e-05,0.0,0.25184,0.0,1e-05,1e-05
2484,0,0.00055,0.0,0.54611,0.0025,3e-05,3e-05
2485,0,9e-05,0.0,0.15317,0.0,0.00018,0.00018
2486,0,7e-05,0.0,0.18254,0.0,3e-05,3e-05
2487,0,8e-05,0.0,0.12783,0.0,3e-05,3e-05
2488,0,0.00016,0.0,0.10592,0.005,5e-05,5e-05
2489,0,0.00043,0.0,0.78383,0.01,0.00012,0.00012
2490,0,0.0001,0.0,0.27697,0.0,5e-05,5e-05
2491,0,0.00022,0.0,0.28828,0.0,5e-05,5e-05
2492,0,0.00052,0.0,0.52249,0.0,0.00011,0.00011
2493,0,0.35314,0.0,0.83582,0.515,0.04612,0.04612
2494,0,0.0029,0.0,0.54943,0.0825,0.00106,0.00106
2495,1,0.92965,1.0,0.91028,0.7875,0.03146,1.0
2496,0,0.00138,0.0,0.33222,0.0025,0.00018,0.00018
2497,0,0.00198,0.0,0.27923,0.0475,0.00042,0.00042
2498,0,0.00131,0.0,0.43708,0.0375,0.0006,0.0006
2499,0,0.00949,0.0,0.62073,0.0775,0.00497,0.00497
2500,0,0.1092,0.0,0.77817,0.2675,0.00807,0.00807
2501,0,0.01065,0.0,0.32301,0.2475,0.01041,0.01041
2502,0,0.00594,0.0,0.4917,0.075,0.00049,0.00049
2503,1,0.21968,1.0,0.60557,0.8425,0.99528,1.0
2504,0,5e-05,0.0,0.07594,0.0025,2e-05,2e-05
2505,0,5e-05,0.0,0.03441,0.0,2e-05,2e-05
2506,0,4e-05,0.0,0.10744,0.005,4e-05,4e-05
2507,0,1e-05,0.0,0.004,0.0,2e-05,2e-05
2508,0,9e-05,0.0,0.03698,0.005,9e-05,9e-05
2509,0,9e-05,0.0,0.00327,0.0,7e-05,7e-05
2510,0,8e-05,0.0,0.00903,0.0,2e-05,2e-05
2511,0,0.00022,0.0,0.269,0.01,4e-05,4e-05
2512,0,0.00017,0.0,0.01177,0.0,3e-05,3e-05
2513,0,2e-05,0.0,0.0138,0.0,2e-05,2e-05
2514,0,1e-05,0.0,0.00756,0.0,1e-05,1e-05
2515,0,5e-05,0.0,0.02834,0.0,2e-05,2e-05
2516,0,6e-05,0.0,0.00902,0.0,2e-05,2e-05
2517,0,0.00058,0.0,0.00554,0.0,8e-05,8e-05
2518,0,0.00052,0.0,0.07912,0.0025,0.00015,0.00015
2519,0,0.00014,0.0,0.13528,0.0025,3e-05,3e-05
2520,0,4e-05,0.0,0.00756,0.0,1e-05,1e-05
2521,0,0.00014,0.0,0.02628,0.0025,1e-05,1e-05
2522,0,4e-05,0.0,0.01033,0.0,2e-05,2e-05
2523,0,0.0001,0.0,0.01216,0.0,2e-05,2e-05
2524,0,5e-05,0.0,0.01406,0.0,4e-05,4e-05
2525,0,7e-05,0.0,0.05941,0.0,2e-05,2e-05
2526,0,5e-05,0.0,0.0099,0.0,2e-05,2e-05
2527,0,4e-05,0.0,0.01795,0.0,2e-05,2e-05
2528,0,0.0003,0.0,0.2305,0.0,3e-05,3e-05
2529,0,8e-05,0.0,0.01158,0.0,6e-05,6e-05
2530,0,5e-05,0.0,0.01029,0.0,2e-05,2e-05
2531,0,0.00123,0.0,0.28286,0.0275,3e-05,3e-05
2532,0,0.00015,0.0,0.02592,0.0,2e-05,2e-05
2533,0,0.00019,0.0,0.14971,0.0,4e-05,4e-05
2534,0,2e-05,0.0,0.02033,0.0,1e-05,1e-05
2535,0,0.00012,0.0,0.01373,0.0,4e-05,4e-05
2536,0,0.0001,0.0,0.04478,0.0,2e-05,2e-05
2537,0,9e-05,0.0,0.7334,0.0,7e-05,7e-05
2538,0,5e-05,0.0,0.27119,0.0025,1e-05,1e-05
2539,0,0.00013,0.0,0.30893,0.005,1e-05,1e-05
2540,0,0.00017,0.0,0.12021,0.0,3e-05,3e-05
2541,0,0.00019,0.0,0.05364,0.0,3e-05,3e-05
2542,0,6e-05,0.0,0.02341,0.0,1e-05,1e-05
2543,0,6e-05,0.0,0.01746,0.0,1e-05,1e-05
2544,0,0.00054,0.0,0.04097,0.0,2e-05,2e-05
2545,0,0.00118,0.0,0.08818,0.0,3e-05,3e-05
2546,0,3e-05,0.0,0.04106,0.0,1e-05,1e-05
2547,0,3e-05,0.0,0.04091,0.0,1e-05,1e-05
2548,0,6e-05,0.0,0.06706,0.0,2e-05,2e-05
2549,0,0.00057,0.0,0.05317,0.005,6e-05,6e-05
2550,0,5e-05,0.0,0.13567,0.0,1e-05,1e-05
2551,0,0.00039,0.0,0.43382,0.0,1e-05,1e-05
2552,0,9e-05,0.0,0.07335,0.0,3e-05,3e-05
2553,0,7e-05,0.0,0.07961,0.0,1e-05,1e-05
2554,0,0.00014,0.0,0.14406,0.0,4e-05,4e-05
2555,0,7e-05,0.0,0.10499,0.0,1e-05,1e-05
2556,0,5e-05,0.0,0.09826,0.0,3e-05,3e-05
2557,0,0.00023,0.0,0.27182,0.0,1e-05,1e-05
2558,0,0.0005,0.0,0.38778,0.0025,5e-05,5e-05
2559,0,0.00026,0.0,0.08522,0.0,3e-05,3e-05
2560,0,0.00029,0.0,0.49986,0.0,2e-05,2e-05
2561,0,0.00841,0.0,0.93215,0.0725,5e-05,5e-05
2562,0,7e-05,0.0,0.09063,0.0,3e-05,3e-05
2563,0,7e-05,0.0,0.15592,0.0,3e-05,3e-05
2564,0,6e-05,0.0,0.15592,0.0,4e-05,4e-05
2565,0,0.00017,0.0,0.16306,0.0,3e-05,3e-05
2566,0,8e-05,0.0,0.75346,0.0,5e-05,5e-05
2567,0,0.00016,0.0,0.20194,0.0,4e-05,4e-05
2568,0,0.00015,0.0,0.15287,0.0,6e-05,6e-05
2569,0,0.00011,0.0,0.36187,0.0,2e-05,2e-05
2570,0,6e-05,0.0,0.187,0.0,0.0,0.0
2571,0,0.00029,0.0,0.16705,0.0225,0.0001,0.0001
2572,0,0.00013,0.0,0.235,0.0,3e-05,3e-05
2573,0,0.00016,0.0,0.49383,0.0075,4e-05,4e-05
2574,0,0.00011,0.0,0.33276,0.0,2e-05,2e-05
2575,0,0.00293,0.0,0.50496,0.0,7e-05,7e-05
2576,0,0.00211,0.0,0.627,0.0025,0.00022,0.00022
2577,0,7e-05,0.0,0.28972,0.0,3e-05,3e-05
2578,0,0.00011,0.0,0.28405,0.0,7e-05,7e-05
2579,0,0.00024,0.0,0.58676,0.01,4e-05,4e-05
2580,0,0.00057,0.0,0.28358,0.025,0.00046,0.00046
2581,0,0.00282,0.0,0.90258,0.015,3e-05,3e-05
2582,1,0.65261,1.0,0.94747,0.9475,0.98249,1.0
2583,0,4e-05,0.0,0.20836,0.0,2e-05,2e-05
2584,0,0.00527,0.0,0.84021,0.0075,9e-05,9e-05
2585,0,0.00046,0.0,0.53928,0.0,7e-05,7e-05
2586,0,0.00707,0.0,0.24306,0.05,0.00053,0.00053
2587,0,0.00109,0.0,0.44716,0.0075,0.0002,0.0002
2588,0,0.08407,0.0,0.95752,0.16,0.01895,0.01895
2589,0,0.00617,0.0,0.30814,0.0175,0.00156,0.00156
2590,0,0.04169,0.0,0.94779,0.1775,0.02056,0.02056
2591,0,7e-05,0.0,0.11302,0.0075,3e-05,3e-05
2592,0,3e-05,0.0,0.03081,0.0,4e-05,4e-05
2593,0,4e-05,0.0,0.03004,0.0025,2e-05,2e-05
2594,0,8e-05,0.0,0.21359,0.005,8e-05,8e-05
2595,0,2e-05,0.0,0.01155,0.0,4e-05,4e-05
2596,0,3e-05,0.0,0.01377,0.0,3e-05,3e-05
2597,0,0.00259,0.0,0.01714,0.0025,0.0002,0.0002
2598,0,0.00065,0.0,0.01757,0.0,2e-05,2e-05
2599,1,0.98092,1.0,0.96157,0.955,0.99919,1.0
2600,0,0.00051,0.0,0.01507,0.0025,3e-05,3e-05
2601,0,0.00018,0.0,0.11047,0.0,4e-05,4e-05
2602,0,0.00016,0.0,0.26327,0.0,4e-05,4e-05
2603,0,7e-05,0.0,0.03582,0.0,5e-05,5e-05
2604,0,0.00011,0.0,0.08319,0.0,3e-05,3e-05
2605,0,0.00012,0.0,0.07105,0.0,2e-05,2e-05
2606,0,3e-05,0.0,0.01655,0.0,1e-05,1e-05
2607,0,0.00016,0.0,0.00766,0.0025,5e-05,5e-05
2608,0,9e-05,0.0,0.13754,0.0025,4e-05,4e-05
2609,0,8e-05,0.0,0.09421,0.0,2e-05,2e-05
2610,0,4e-05,0.0,0.01521,0.0,2e-05,2e-05
2611,0,1e-05,0.0,0.02673,0.0,1e-05,1e-05
2612,0,8e-05,0.0,0.02327,0.0,3e-05,3e-05
2613,0,0.00323,0.0,0.62028,0.0275,0.00049,0.00049
2614,0,2e-05,0.0,0.01995,0.0,0.0,0.0
2615,0,3e-05,0.0,0.01944,0.0,1e-05,1e-05
2616,0,0.00012,0.0,0.03623,0.0,3e-05,3e-05
2617,0,0.0203,0.0,0.99336,0.135,3e-05,3e-05
2618,0,3e-05,0.0,0.02084,0.0,1e-05,1e-05
2619,0,5e-05,0.0,0.14658,0.0,1e-05,1e-05
2620,0,5e-05,0.0,0.0464,0.0,2e-05,2e-05
2621,0,4e-05,0.0,0.02757,0.0,1e-05,1e-05
2622,0,0.00036,0.0,0.04763,0.0,1e-05,1e-05
2623,0,0.00018,0.0,0.01321,0.0,2e-05,2e-05
2624,0,0.00287,0.0,0.93311,0.0375,8e-05,8e-05
2625,0,0.00032,0.0,0.19304,0.0025,4e-05,4e-05
2626,0,0.00011,0.0,0.10413,0.005,4e-05,4e-05
2627,0,0.00021,0.0,0.02799,0.0,4e-05,4e-05
2628,0,0.00013,0.0,0.54249,0.0,2e-05,2e-05
2629,0,9e-05,0.0,0.285,0.0,5e-05,5e-05
2630,0,9e-05,0.0,0.05994,0.0,0.00011,0.00011
2631,0,0.00052,0.0,0.10783,0.0,0.0002,0.0002
2632,0,5e-05,0.0,0.09504,0.0,2e-05,2e-05
2633,0,0.00013,0.0,0.03091,0.0,3e-05,3e-05
2634,0,0.0001,0.0,0.10712,0.0,3e-05,3e-05
2635,0,5e-05,0.0,0.05601,0.0,7e-05,7e-05
2636,0,0.00014,0.0,0.27931,0.0,4e-05,4e-05
2637,0,0.00034,0.0,0.9755,0.01,0.0001,0.0001
2638,0,6e-05,0.0,0.65586,0.0,3e-05,3e-05
2639,0,0.00046,0.0,0.06869,0.0,0.00018,0.00018
2640,0,0.00017,0.0,0.32091,0.0025,5e-05,5e-05
2641,0,0.00038,0.0,0.76496,0.0075,7e-05,7e-05
2642,0,0.00038,0.0,0.25153,0.0025,9e-05,9e-05
2643,0,7e-05,0.0,0.17438,0.0,2e-05,2e-05
2644,0,0.0003,0.0,0.44971,0.0,8e-05,8e-05
2645,0,7e-05,0.0,0.253,0.0025,2e-05,2e-05
2646,0,9e-05,0.0,0.10008,0.0,8e-05,8e-05
2647,0,0.00015,0.0,0.25224,0.0,3e-05,3e-05
2648,0,0.00031,0.0,0.47002,0.0025,4e-05,4e-05
2649,0,8e-05,0.0,0.63767,0.0,3e-05,3e-05
2650,0,7e-05,0.0,0.13728,0.0,2e-05,2e-05
2651,0,0.00015,0.0,0.96068,0.0075,4e-05,4e-05
2652,0,0.00021,0.0,0.49777,0.0,8e-05,8e-05
2653,0,0.00102,0.0,0.21348,0.0,0.00024,0.00024
2654,0,0.00057,0.0,0.20958,0.0475,0.00152,0.00152
2655,0,0.00018,0.0,0.21096,0.0,0.0001,0.0001
2656,0,0.00021,0.0,0.16139,0.0875,0.00064,0.00064
2657,0,0.00028,0.0,0.81174,0.0,3e-05,3e-05
2658,0,0.00044,0.0,0.36089,0.0,4e-05,4e-05
2659,0,0.00035,0.0,0.61622,0.0025,0.00017,0.00017
2660,0,4e-05,0.0,0.17285,0.0025,4e-05,4e-05
2661,0,0.08723,0.0,0.95484,0.12,0.00096,0.00096
2662,0,0.00018,0.0,0.32327,0.0,4e-05,4e-05
2663,0,0.00036,0.0,0.3154,0.005,0.00089,0.00089
2664,0,8e-05,0.0,0.29684,0.0,3e-05,3e-05
2665,0,0.00015,0.0,0.4282,0.0025,0.00013,0.00013
2666,0,0.04222,0.0,0.96852,0.125,0.00704,0.00704
2667,0,0.02887,0.0,0.27865,0.1275,0.0104,0.0104
2668,0,0.00126,0.0,0.25128,0.0575,0.00226,0.00226
2669,0,0.0024,0.0,0.29779,0.1325,0.01292,0.01292
2670,0,0.10199,0.0,0.31667,0.275,0.08098,0.08098
2671,0,0.00678,0.0,0.64377,0.0475,0.00287,0.00287
2672,1,0.00678,0.0,0.60301,0.0375,0.00122,0.00122
2673,0,8e-05,0.0,0.03202,0.0025,2e-05,2e-05
2674,0,5e-05,0.0,0.02201,0.0025,2e-05,2e-05
2675,0,2e-05,0.0,0.00845,0.0,3e-05,3e-05
2676,0,5e-05,0.0,0.00898,0.0,3e-05,3e-05
2677,0,3e-05,0.0,0.00751,0.0,1e-05,1e-05
2678,0,1e-05,0.0,0.0149,0.0,2e-05,2e-05
2679,0,5e-05,0.0,0.03357,0.0,2e-05,2e-05
2680,0,8e-05,0.0,0.04026,0.0,3e-05,3e-05
2681,0,0.00019,0.0,0.00389,0.0,7e-05,7e-05
2682,0,4e-05,0.0,0.00661,0.0,4e-05,4e-05
2683,0,0.00054,0.0,0.04943,0.0,4e-05,4e-05
2684,0,8e-05,0.0,0.00479,0.0,4e-05,4e-05
2685,0,3e-05,0.0,0.01492,0.0,8e-05,8e-05
2686,0,3e-05,0.0,0.00931,0.0,4e-05,4e-05
2687,0,7e-05,0.0,0.00419,0.0,4e-05,4e-05
2688,0,9e-05,0.0,0.45506,0.0,3e-05,3e-05
2689,0,8e-05,0.0,0.56181,0.0025,0.00013,0.00013
2690,0,4e-05,0.0,0.00821,0.0,8e-05,8e-05
2691,0,0.00013,0.0,0.00669,0.0,6e-05,6e-05
2692,0,0.0001,0.0,0.14331,0.0175,3e-05,3e-05
2693,0,0.00015,0.0,0.00825,0.0025,7e-05,7e-05
2694,0,3e-05,0.0,0.01353,0.0,2e-05,2e-05
2695,0,9e-05,0.0,0.01707,0.0,4e-05,4e-05
2696,0,0.00015,0.0,0.01747,0.0,5e-05,5e-05
2697,0,7e-05,0.0,0.11218,0.0,5e-05,5e-05
2698,0,8e-05,0.0,0.01088,0.0,0.00011,0.00011
2699,0,5e-05,0.0,0.04791,0.0,4e-05,4e-05
2700,0,0.00247,0.0,0.84395,0.0425,0.00014,0.00014
2701,0,6e-05,0.0,0.05939,0.0,2e-05,2e-05
2702,0,7e-05,0.0,0.52862,0.0,2e-05,2e-05
2703,0,3e-05,0.0,0.01566,0.0,1e-05,1e-05
2704,0,0.00024,0.0,0.70835,0.0075,0.00018,0.00018
2705,0,8e-05,0.0,0.01752,0.005,2e-05,2e-05
2706,0,0.37652,0.0,0.95873,0.6625,0.74954,0.74954
2707,0,0.0001,0.0,0.02799,0.0,2e-05,2e-05
2708,0,8e-05,0.0,0.02928,0.0,1e-05,1e-05
2709,0,0.00739,0.0,0.47528,0.08,0.00081,0.00081
2710,0,9e-05,0.0,0.03722,0.0,1e-05,1e-05
2711,0,0.00011,0.0,0.05242,0.0,1e-05,1e-05
2712,0,5e-05,0.0,0.41018,0.0,1e-05,1e-05
2713,0,4e-05,0.0,0.78964,0.0025,3e-05,3e-05
2714,0,4e-05,0.0,0.02298,0.0,4e-05,4e-05
2715,0,8e-05,0.0,0.63235,0.0,1e-05,1e-05
2716,0,0.0002,0.0,0.02585,0.0125,0.00042,0.00042
2717,0,9e-05,0.0,0.16077,0.0025,1e-05,1e-05
2718,0,0.0003,0.0,0.18607,0.005,0.0001,0.0001
2719,0,0.00013,0.0,0.3892,0.0,4e-05,4e-05
2720,0,0.00201,0.0,0.039,0.0,0.00026,0.00026
2721,0,8e-05,0.0,0.09587,0.0,2e-05,2e-05
2722,0,0.00029,0.0,0.03661,0.0,4e-05,4e-05
2723,0,6e-05,0.0,0.06582,0.0,2e-05,2e-05
2724,0,0.0005,0.0,0.63481,0.0,0.00011,0.00011
2725,0,0.0001,0.0,0.13509,0.0,4e-05,4e-05
2726,0,5e-05,0.0,0.08057,0.0,5e-05,5e-05
2727,0,0.00019,0.0,0.16312,0.0025,4e-05,4e-05
2728,0,0.00031,0.0,0.16336,0.0025,2e-05,2e-05
2729,0,0.00022,0.0,0.08843,0.0,4e-05,4e-05
2730,0,0.0002,0.0,0.66727,0.0,2e-05,2e-05
2731,0,0.00016,0.0,0.36333,0.0,2e-05,2e-05
2732,0,0.00021,0.0,0.07057,0.0025,5e-05,5e-05
2733,0,0.00012,0.0,0.88893,0.0,3e-05,3e-05
2734,0,0.0001,0.0,0.24771,0.0,4e-05,4e-05
2735,0,3e-05,0.0,0.07999,0.0025,3e-05,3e-05
2736,0,0.00041,0.0,0.43672,0.0,8e-05,8e-05
2737,0,9e-05,0.0,0.12342,0.0,2e-05,2e-05
2738,0,8e-05,0.0,0.20813,0.0,2e-05,2e-05
2739,0,6e-05,0.0,0.29109,0.0,4e-05,4e-05
2740,0,5e-05,0.0,0.18657,0.0,4e-05,4e-05
2741,0,9e-05,0.0,0.31997,0.0,2e-05,2e-05
2742,0,0.00015,0.0,0.77674,0.0025,1e-05,1e-05
2743,0,0.00018,0.0,0.76088,0.0025,3e-05,3e-05
2744,0,9e-05,0.0,0.41675,0.0,1e-05,1e-05
2745,0,0.00061,0.0,0.16448,0.11,0.00755,0.00755
2746,0,4e-05,0.0,0.17552,0.0,2e-05,2e-05
2747,0,0.00043,0.0,0.57375,0.0025,0.00015,0.00015
2748,0,3e-05,0.0,0.17501,0.0,2e-05,2e-05
2749,0,0.00027,0.0,0.2374,0.0,4e-05,4e-05
2750,1,9e-05,0.0,0.14759,0.005,0.00013,0.00013
2751,0,0.00041,0.0,0.27162,0.01,0.00046,0.00046
2752,0,0.00113,0.0,0.7495,0.0,6e-05,6e-05
2753,0,0.00506,0.0,0.32199,0.065,0.00252,0.00252
2754,0,0.00655,0.0,0.30735,0.1,0.003,0.003
2755,0,8e-05,0.0,0.22285,0.0,6e-05,6e-05
2756,0,0.00128,0.0,0.46405,0.03,0.00098,0.00098
2757,0,0.00057,0.0,0.29287,0.0,0.00017,0.00017
2758,0,0.0218,0.0,0.47539,0.1825,0.0638,0.0638
2759,0,0.0057,0.0,0.61014,0.0975,0.04356,0.04356
2760,0,0.01704,0.0,0.54668,0.1575,0.00674,0.00674
2761,0,0.00852,0.0,0.64144,0.2225,0.01919,0.01919
2762,1,0.99675,1.0,0.9903,0.96,0.99996,1.0
2763,0,0.00189,0.0,0.60718,0.0725,0.00058,0.00058
2764,0,0.0068,0.0,0.68181,0.05,0.00073,0.00073
2765,0,8e-05,0.0,0.23795,0.005,4e-05,4e-05
2766,0,5e-05,0.0,0.29132,0.005,5e-05,5e-05
2767,0,9e-05,0.0,0.00421,0.0075,8e-05,8e-05
2768,0,2e-05,0.0,0.00528,0.0,2e-05,2e-05
2769,0,0.00012,0.0,0.00601,0.0,2e-05,2e-05
2770,0,4e-05,0.0,0.01004,0.0,2e-05,2e-05
2771,0,0.00031,0.0,0.11398,0.0,0.0002,0.0002
2772,0,0.00022,0.0,0.02122,0.0,3e-05,3e-05
2773,0,0.00021,0.0,0.03042,0.0,3e-05,3e-05
2774,0,5e-05,0.0,0.0059,0.0,3e-05,3e-05
2775,0,2e-05,0.0,0.02383,0.0025,3e-05,3e-05
2776,0,5e-05,0.0,0.07879,0.005,5e-05,5e-05
2777,0,6e-05,0.0,0.1212,0.0,1e-05,1e-05
2778,0,5e-05,0.0,0.05192,0.0,2e-05,2e-05
2779,0,0.00016,0.0,0.41288,0.0,8e-05,8e-05
2780,0,0.00014,0.0,0.37578,0.0,7e-05,7e-05
2781,0,2e-05,0.0,0.01098,0.0,8e-05,8e-05
2782,0,0.00029,0.0,0.12771,0.0025,0.00015,0.00015
2783,0,7e-05,0.0,0.03434,0.0,4e-05,4e-05
2784,0,5e-05,0.0,0.01262,0.0,7e-05,7e-05
2785,0,9e-05,0.0,0.34388,0.0,1e-05,1e-05
2786,0,7e-05,0.0,0.01624,0.0025,2e-05,2e-05
2787,0,0.00017,0.0,0.00757,0.0,5e-05,5e-05
2788,0,5e-05,0.0,0.02798,0.0,3e-05,3e-05
2789,0,0.00023,0.0,0.61522,0.005,3e-05,3e-05
2790,0,0.00066,0.0,0.08988,0.035,0.00032,0.00032
2791,0,0.00032,0.0,0.27817,0.0,3e-05,3e-05
2792,0,0.00023,0.0,0.12322,0.005,0.0001,0.0001
2793,0,3e-05,0.0,0.02806,0.0,2e-05,2e-05
2794,0,2e-05,0.0,0.02565,0.0,3e-05,3e-05
2795,0,0.00011,0.0,0.11929,0.0,6e-05,6e-05
2796,0,0.00111,0.0,0.325,0.02,0.00057,0.00057
2797,0,2e-05,0.0,0.04536,0.0,2e-05,2e-05
2798,0,0.00012,0.0,0.52295,0.0,9e-05,9e-05
2799,0,8e-05,0.0,0.08148,0.0,3e-05,3e-05
2800,0,0.00034,0.0,0.24365,0.0,0.00014,0.00014
2801,0,0.00013,0.0,0.12741,0.0,8e-05,8e-05
2802,0,0.02203,0.0,0.0235,0.005,0.00029,0.00029
2803,0,0.0001,0.0,0.14781,0.0,0.00021,0.00021
2804,0,0.0002,0.0,0.58613,0.0,5e-05,5e-05
2805,0,0.0001,0.0,0.13284,0.0,3e-05,3e-05
2806,0,5e-05,0.0,0.20056,0.0,2e-05,2e-05
2807,0,0.00038,0.0,0.19256,0.0025,0.00028,0.00028
2808,0,9e-05,0.0,0.11322,0.0,3e-05,3e-05
2809,0,5e-05,0.0,0.16936,0.0,2e-05,2e-05
2810,0,4e-05,0.0,0.0749,0.0,3e-05,3e-05
2811,0,0.00019,0.0,0.06416,0.0,4e-05,4e-05
2812,0,0.00015,0.0,0.06776,0.0,3e-05,3e-05
2813,0,0.0002,0.0,0.16562,0.0,3e-05,3e-05
2814,0,0.00012,0.0,0.11789,0.0,7e-05,7e-05
2815,0,0.00066,0.0,0.80003,0.0075,0.0002,0.0002
2816,0,7e-05,0.0,0.05853,0.0,2e-05,2e-05
2817,0,0.00013,0.0,0.43095,0.0,5e-05,5e-05
2818,0,0.00011,0.0,0.26468,0.0,5e-05,5e-05
2819,0,0.00114,0.0,0.08738,0.005,0.00021,0.00021
2820,0,0.00011,0.0,0.72368,0.0,0.0001,0.0001
2821,0,0.00021,0.0,0.50858,0.0,3e-05,3e-05
2822,0,0.0003,0.0,0.27478,0.005,0.00027,0.00027
2823,0,7e-05,0.0,0.16419,0.0,3e-05,3e-05
2824,0,0.00854,0.0,0.95863,0.1,8e-05,8e-05
2825,0,7e-05,0.0,0.2881,0.0,5e-05,5e-05
2826,0,7e-05,0.0,0.16852,0.0,4e-05,4e-05
2827,0,4e-05,0.0,0.12651,0.0,5e-05,5e-05
2828,0,7e-05,0.0,0.75593,0.005,5e-05,5e-05
2829,0,0.00014,0.0,0.22867,0.005,0.00018,0.00018
2830,0,5e-05,0.0,0.24053,0.0,4e-05,4e-05
2831,0,7e-05,0.0,0.42103,0.0025,0.00036,0.00036
2832,0,0.00011,0.0,0.47517,0.0,0.00019,0.00019
2833,0,9e-05,0.0,0.35502,0.0,8e-05,8e-05
2834,0,0.00031,0.0,0.3232,0.13,0.0017,0.0017
2835,0,0.00034,0.0,0.73255,0.035,0.0001,0.0001
2836,0,4e-05,0.0,0.2491,0.0,2e-05,2e-05
2837,0,0.00028,0.0,0.53983,0.0025,3e-05,3e-05
2838,0,0.00054,0.0,0.32189,0.005,0.00015,0.00015
2839,0,8e-05,0.0,0.4432,0.0,5e-05,5e-05
2840,0,0.00082,0.0,0.54211,0.0275,0.00123,0.00123
2841,0,0.0002,0.0,0.30945,0.0025,0.00037,0.00037
2842,0,0.0002,0.0,0.36189,0.0075,0.00017,0.00017
2843,0,0.01229,0.0,0.92274,0.0425,0.0003,0.0003
2844,0,0.00027,0.0,0.5262,0.0,5e-05,5e-05
2845,0,0.00011,0.0,0.44492,0.0,3e-05,3e-05
2846,0,0.00201,0.0,0.90568,0.14,0.00253,0.00253
2847,0,0.00134,0.0,0.75094,0.015,0.00065,0.00065
2848,0,0.00032,0.0,0.51143,0.0025,6e-05,6e-05
2849,0,0.08227,0.0,0.92499,0.36,0.0195,0.0195
2850,0,0.0036,0.0,0.50342,0.055,0.00061,0.00061
2851,0,0.00538,0.0,0.45532,0.11,0.00137,0.00137
2852,0,0.13492,0.0,0.88999,0.1725,0.00153,0.00153
2853,0,0.01963,0.0,0.88491,0.18,0.01,0.01
2854,0,0.00331,0.0,0.47584,0.1225,0.00105,0.00105
2855,0,0.0184,0.0,0.70634,0.2625,0.01438,0.01438
2856,0,0.01525,0.0,0.57739,0.15,0.00251,0.00251
2857,0,0.00213,0.0,0.70832,0.0975,0.00052,0.00052
2858,0,0.05183,0.0,0.54435,0.255,0.01033,0.01033
2859,1,0.52911,1.0,0.90763,0.72,0.94716,1.0
2860,0,0.01093,0.0,0.73056,0.055,0.00085,0.00085
2861,0,0.15318,0.0,0.81554,0.47,0.03777,0.03777
2862,0,0.00956,0.0,0.79945,0.1375,0.00914,0.00914
2863,0,0.19941,0.0,0.84271,0.42,0.10333,0.10333
2864,0,0.01218,0.0,0.81951,0.1925,0.00344,0.00344
2865,1,0.0954,0.0,0.89156,0.485,0.05721,0.05721
2866,0,7e-05,0.0,0.00383,0.0,3e-05,3e-05
2867,0,5e-05,0.0,0.01327,0.0,9e-05,9e-05
2868,0,4e-05,0.0,0.17642,0.0425,0.00042,0.00042
2869,0,7e-05,0.0,0.14573,0.025,0.00025,0.00025
2870,0,4e-05,0.0,0.0167,0.0,2e-05,2e-05
2871,0,0.0001,0.0,0.02157,0.0,1e-05,1e-05
2872,0,0.0001,0.0,0.01379,0.0,7e-05,7e-05
2873,0,0.00072,0.0,0.0088,0.02,6e-05,6e-05
2874,0,4e-05,0.0,0.02255,0.0,3e-05,3e-05
2875,0,0.00021,0.0,0.22271,0.0,3e-05,3e-05
2876,0,6e-05,0.0,0.01358,0.0,4e-05,4e-05
2877,0,0.00014,0.0,0.0084,0.0025,0.00015,0.00015
2878,0,8e-05,0.0,0.01144,0.0,2e-05,2e-05
2879,0,5e-05,0.0,0.01809,0.0,2e-05,2e-05
2880,1,0.60812,1.0,0.88818,0.8675,0.58073,1.0
2881,0,5e-05,0.0,0.04111,0.0,2e-05,2e-05
2882,0,5e-05,0.0,0.02346,0.0,3e-05,3e-05
2883,0,0.0001,0.0,0.02366,0.0,3e-05,3e-05
2884,0,0.0003,0.0,0.08999,0.0025,2e-05,2e-05
2885,0,0.00016,0.0,0.13658,0.0025,8e-05,8e-05
2886,0,0.00013,0.0,0.44361,0.0025,0.00024,0.00024
2887,0,4e-05,0.0,0.02486,0.0,2e-05,2e-05
2888,0,0.00035,0.0,0.01514,0.015,6e-05,6e-05
2889,0,0.00088,0.0,0.41261,0.015,7e-05,7e-05
2890,0,0.00013,0.0,0.04646,0.0,4e-05,4e-05
2891,0,8e-05,0.0,0.03377,0.0,3e-05,3e-05
2892,0,0.00015,0.0,0.03498,0.0025,4e-05,4e-05
2893,0,0.00175,0.0,0.80391,0.01,6e-05,6e-05
2894,0,7e-05,0.0,0.03991,0.0,3e-05,3e-05
2895,0,0.00052,0.0,0.04088,0.0025,7e-05,7e-05
2896,0,0.00054,0.0,0.28277,0.0,0.00016,0.00016
2897,0,0.0001,0.0,0.04174,0.0,2e-05,2e-05
2898,0,5e-05,0.0,0.09204,0.0,5e-05,5e-05
2899,0,0.00011,0.0,0.09767,0.0,1e-05,1e-05
2900,0,0.00013,0.0,0.20753,0.0,2e-05,2e-05
2901,0,3e-05,0.0,0.08083,0.0,1e-05,1e-05
2902,0,0.00023,0.0,0.22139,0.0,2e-05,2e-05
2903,0,5e-05,0.0,0.0672,0.0,1e-05,1e-05
2904,0,0.00093,0.0,0.05864,0.0,4e-05,4e-05
2905,0,0.87803,0.0,0.97421,0.2075,0.97491,0.97491
2906,0,6e-05,0.0,0.14006,0.0,1e-05,1e-05
2907,0,0.00015,0.0,0.24087,0.0025,4e-05,4e-05
2908,0,7e-05,0.0,0.08632,0.0,2e-05,2e-05
2909,0,0.00137,0.0,0.98146,0.0525,3e-05,3e-05
2910,0,0.00015,0.0,0.32539,0.0,4e-05,4e-05
2911,0,6e-05,0.0,0.1716,0.0,1e-05,1e-05
2912,0,0.00128,0.0,0.45226,0.0375,5e-05,5e-05
2913,0,0.00029,0.0,0.12405,0.01,0.00015,0.00015
2914,0,9e-05,0.0,0.15662,0.0,5e-05,5e-05
2915,0,9e-05,0.0,0.17352,0.0,9e-05,9e-05
2916,0,0.00154,0.0,0.98897,0.0175,0.00014,0.00014
2917,0,0.00027,0.0,0.37929,0.0,6e-05,6e-05
2918,0,0.0001,0.0,0.27067,0.0,0.00015,0.00015
2919,0,0.00038,0.0,0.15059,0.0,2e-05,2e-05
2920,0,0.00166,0.0,0.14869,0.0225,0.00024,0.00024
2921,0,8e-05,0.0,0.19312,0.0,4e-05,4e-05
2922,0,0.00035,0.0,0.15802,0.0025,0.00012,0.00012
2923,0,0.00013,0.0,0.31209,0.0,3e-05,3e-05
2924,0,0.00037,0.0,0.72074,0.005,6e-05,6e-05
2925,0,0.00065,0.0,0.49924,0.0,4e-05,4e-05
2926,0,0.00025,0.0,0.70832,0.0,5e-05,5e-05
2927,0,0.00037,0.0,0.6862,0.0075,4e-05,4e-05
2928,0,0.00037,0.0,0.63398,0.0025,0.00017,0.00017
2929,0,0.00208,0.0,0.93638,0.0175,4e-05,4e-05
2930,0,0.00031,0.0,0.34728,0.0,6e-05,6e-05
2931,0,0.00026,0.0,0.77806,0.0025,7e-05,7e-05
2932,0,0.00692,0.0,0.7501,0.0075,0.0004,0.0004
2933,0,0.00012,0.0,0.59453,0.0,5e-05,5e-05
2934,0,0.00046,0.0,0.2558,0.0175,0.00012,0.00012
2935,0,0.00016,0.0,0.39431,0.0,3e-05,3e-05
2936,0,0.00051,0.0,0.25905,0.0375,0.00101,0.00101
2937,0,0.00053,0.0,0.78966,0.005,0.00012,0.00012
2938,0,0.00071,0.0,0.42436,0.06,0.00241,0.00241
2939,0,0.0001,0.0,0.44778,0.0025,4e-05,4e-05
2940,0,0.00158,0.0,0.64693,0.0125,0.00014,0.00014
2941,0,0.0271,0.0,0.99192,0.13,0.00312,0.00312
2942,1,0.00231,0.0,0.72397,0.02,0.00033,0.00033
2943,0,0.00015,0.0,0.18644,0.0025,4e-05,4e-05
2944,0,7e-05,0.0,0.00731,0.01,0.00016,0.00016
2945,0,3e-05,0.0,0.01286,0.0,4e-05,4e-05
2946,0,8e-05,0.0,0.00596,0.0075,0.00017,0.00017
2947,0,6e-05,0.0,0.00612,0.0,4e-05,4e-05
2948,0,0.00134,0.0,0.00887,0.0075,0.0008,0.0008
2949,0,0.00033,0.0,0.01312,0.0,5e-05,5e-05
2950,0,0.00045,0.0,0.11737,0.0175,0.00019,0.00019
2951,0,0.00024,0.0,0.11944,0.0125,1e-05,1e-05
2952,0,0.0001,0.0,0.01243,0.0075,5e-05,5e-05
2953,0,0.00018,0.0,0.00634,0.005,0.0001,0.0001
2954,0,9e-05,0.0,0.02305,0.0,3e-05,3e-05
2955,0,0.00017,0.0,0.00676,0.0,3e-05,3e-05
2956,0,0.00038,0.0,0.09496,0.0,7e-05,7e-05
2957,0,0.00025,0.0,0.04288,0.01,0.00033,0.00033
2958,0,0.00015,0.0,0.13372,0.0,2e-05,2e-05
2959,0,0.00016,0.0,0.1155,0.0,1e-05,1e-05
2960,0,5e-05,0.0,0.02603,0.0,1e-05,1e-05
2961,0,0.00026,0.0,0.15633,0.0,3e-05,3e-05
2962,0,7e-05,0.0,0.03017,0.0,2e-05,2e-05
2963,0,6e-05,0.0,0.08123,0.0,1e-05,1e-05
2964,0,0.00116,0.0,0.10378,0.03,0.001,0.001
2965,0,0.00013,0.0,0.02865,0.0,7e-05,7e-05
2966,0,5e-05,0.0,0.02639,0.0,7e-05,7e-05
2967,0,4e-05,0.0,0.07263,0.0,1e-05,1e-05
2968,0,0.00076,0.0,0.61774,0.0475,0.00017,0.00017
2969,0,0.00026,0.0,0.29186,0.045,0.00055,0.00055
2970,0,0.00034,0.0,0.19592,0.0,1e-05,1e-05
2971,0,0.00013,0.0,0.07697,0.0025,1e-05,1e-05
2972,0,0.00018,0.0,0.23341,0.0025,6e-05,6e-05
2973,0,0.00018,0.0,0.17591,0.0,2e-05,2e-05
2974,0,0.00015,0.0,0.19895,0.0,1e-05,1e-05
2975,0,0.00013,0.0,0.07281,0.0,2e-05,2e-05
2976,0,0.00045,0.0,0.30308,0.005,3e-05,3e-05
2977,0,0.00024,0.0,0.06368,0.0075,0.0001,0.0001
2978,0,0.00022,0.0,0.5718,0.0075,4e-05,4e-05
2979,0,4e-05,0.0,0.04475,0.0,2e-05,2e-05
2980,0,7e-05,0.0,0.12931,0.0,2e-05,2e-05
2981,0,0.0001,0.0,0.17629,0.0,2e-05,2e-05
2982,0,6e-05,0.0,0.13014,0.0,2e-05,2e-05
2983,0,0.00117,0.0,0.08958,0.0075,3e-05,3e-05
2984,0,0.00175,0.0,0.94465,0.0125,7e-05,7e-05
2985,0,0.00124,0.0,0.08424,0.0,7e-05,7e-05
2986,0,0.0001,0.0,0.09391,0.0,4e-05,4e-05
2987,0,0.00114,0.0,0.45738,0.005,0.00062,0.00062
2988,0,0.00034,0.0,0.06493,0.0075,7e-05,7e-05
2989,0,8e-05,0.0,0.16941,0.0,2e-05,2e-05
2990,0,0.00012,0.0,0.26724,0.0,5e-05,5e-05
2991,0,0.0002,0.0,0.10879,0.005,4e-05,4e-05
2992,0,0.00039,0.0,0.72208,0.0025,3e-05,3e-05
2993,0,0.00081,0.0,0.07932,0.0125,0.0003,0.0003
2994,0,0.0012,0.0,0.82027,0.0175,0.00021,0.00021
2995,0,0.00142,0.0,0.64426,0.005,7e-05,7e-05
2996,0,0.0004,0.0,0.20233,0.0,7e-05,7e-05
2997,0,0.00031,0.0,0.14711,0.0025,0.00033,0.00033
2998,0,0.02984,0.0,0.96638,0.0725,7e-05,7e-05
2999,0,0.00031,0.0,0.1977,0.0025,4e-05,4e-05
3000,0,0.02316,0.0,0.92827,0.1975,0.00033,0.00033
3001,1,0.88307,1.0,0.99434,0.81,0.92794,1.0
3002,0,0.0001,0.0,0.47621,0.0,2e-05,2e-05
3003,0,8e-05,0.0,0.20511,0.0025,2e-05,2e-05
3004,0,0.00012,0.0,0.32427,0.0,5e-05,5e-05
3005,0,0.00017,0.0,0.59513,0.005,7e-05,7e-05
3006,0,0.00056,0.0,0.32477,0.0,8e-05,8e-05
3007,0,0.00026,0.0,0.29386,0.0,0.00011,0.00011
3008,0,0.00132,0.0,0.86994,0.0025,0.00044,0.00044
3009,0,6e-05,0.0,0.24795,0.0,4e-05,4e-05
3010,0,0.00016,0.0,0.30554,0.0,5e-05,5e-05
3011,0,0.00015,0.0,0.37498,0.0,0.00034,0.00034
3012,0,0.00018,0.0,0.66678,0.0025,6e-05,6e-05
3013,0,0.00038,0.0,0.65156,0.0,0.00027,0.00027
3014,0,0.00064,0.0,0.80399,0.005,0.00048,0.00048
3015,0,0.00018,0.0,0.43216,0.0,7e-05,7e-05
3016,0,0.00665,0.0,0.38012,0.1025,0.00282,0.00282
3017,0,0.00133,0.0,0.74317,0.0225,0.0003,0.0003
3018,0,0.01757,0.0,0.9253,0.06,0.00036,0.00036
3019,0,0.00494,0.0,0.33492,0.135,0.00391,0.00391
3020,1,0.91815,1.0,0.90537,0.9725,0.99607,1.0
3021,0,0.10257,0.0,0.49131,0.2575,0.03788,0.03788
3022,0,0.02905,0.0,0.81161,0.1525,0.00863,0.00863
3023,0,0.00637,0.0,0.50718,0.1225,0.00364,0.00364
3024,0,0.01037,0.0,0.49124,0.285,0.00306,0.00306
3025,0,0.0143,0.0,0.6747,0.1025,0.00217,0.00217
3026,0,0.26131,0.0,0.9026,0.625,0.14098,0.14098
3027,0,0.03977,0.0,0.71108,0.4875,0.02534,0.02534
3028,0,9e-05,0.0,0.00543,0.0025,4e-05,4e-05
3029,0,0.0001,0.0,0.53666,0.0,0.00023,0.00023
3030,0,4e-05,0.0,0.11128,0.0,2e-05,2e-05
3031,0,1e-05,0.0,0.00706,0.0,1e-05,1e-05
3032,0,4e-05,0.0,0.05051,0.0025,4e-05,4e-05
3033,0,6e-05,0.0,0.03364,0.0,5e-05,5e-05
3034,0,0.00013,0.0,0.00787,0.0,0.00029,0.00029
3035,0,5e-05,0.0,0.05155,0.0025,4e-05,4e-05
3036,0,0.00029,0.0,0.05615,0.005,6e-05,6e-05
3037,0,0.00011,0.0,0.30916,0.0,6e-05,6e-05
3038,0,0.00018,0.0,0.01166,0.0,0.00011,0.00011
3039,0,0.00013,0.0,0.40604,0.005,2e-05,2e-05
3040,0,3e-05,0.0,0.00756,0.0,3e-05,3e-05
3041,0,6e-05,0.0,0.03166,0.0,6e-05,6e-05
3042,0,5e-05,0.0,0.03099,0.0,2e-05,2e-05
3043,0,3e-05,0.0,0.06298,0.0,1e-05,1e-05
3044,0,9e-05,0.0,0.03088,0.0,2e-05,2e-05
3045,0,7e-05,0.0,0.02883,0.0,0.00011,0.00011
3046,0,4e-05,0.0,0.02276,0.0,1e-05,1e-05
3047,0,4e-05,0.0,0.03299,0.0,2e-05,2e-05
3048,0,3e-05,0.0,0.03631,0.0,2e-05,2e-05
3049,0,5e-05,0.0,0.08861,0.0,1e-05,1e-05
3050,0,7e-05,0.0,0.78139,0.0,1e-05,1e-05
3051,0,6e-05,0.0,0.38906,0.0025,1e-05,1e-05
3052,0,0.00019,0.0,0.41949,0.0025,2e-05,2e-05
3053,0,6e-05,0.0,0.12847,0.0025,2e-05,2e-05
3054,0,2e-05,0.0,0.03193,0.0,1e-05,1e-05
3055,0,0.00027,0.0,0.28178,0.0,0.0001,0.0001
3056,0,0.00022,0.0,0.0732,0.0025,3e-05,3e-05
3057,0,7e-05,0.0,0.03064,0.0,6e-05,6e-05
3058,0,0.00019,0.0,0.32688,0.0025,0.0001,0.0001
3059,0,3e-05,0.0,0.03581,0.0,1e-05,1e-05
3060,0,0.00017,0.0,0.27963,0.0,7e-05,7e-05
3061,0,0.00014,0.0,0.05529,0.0,3e-05,3e-05
3062,0,8e-05,0.0,0.88427,0.005,3e-05,3e-05
3063,0,2e-05,0.0,0.09177,0.0,1e-05,1e-05
3064,0,0.00011,0.0,0.27332,0.0025,6e-05,6e-05
3065,0,0.00016,0.0,0.03393,0.0,3e-05,3e-05
3066,0,0.00069,0.0,0.02906,0.01,8e-05,8e-05
3067,0,5e-05,0.0,0.1801,0.0,4e-05,4e-05
3068,0,3e-05,0.0,0.09827,0.0,2e-05,2e-05
3069,0,3e-05,0.0,0.03323,0.0,1e-05,1e-05
3070,0,7e-05,0.0,0.07581,0.0,2e-05,2e-05
3071,0,0.00016,0.0,0.05869,0.0,3e-05,3e-05
3072,0,0.00136,0.0,0.56039,0.01,0.00037,0.00037
3073,0,0.00024,0.0,0.93521,0.0075,8e-05,8e-05
3074,0,0.0001,0.0,0.38643,0.0,2e-05,2e-05
3075,0,0.00014,0.0,0.08747,0.02,1e-05,1e-05
3076,0,0.00024,0.0,0.39776,0.0025,0.0003,0.0003
3077,0,0.00011,0.0,0.30204,0.0,2e-05,2e-05
3078,0,0.0002,0.0,0.1277,0.0,3e-05,3e-05
3079,0,0.00031,0.0,0.8306,0.005,9e-05,9e-05
3080,0,0.00024,0.0,0.88044,0.0,2e-05,2e-05
3081,0,7e-05,0.0,0.16534,0.0,2e-05,2e-05
3082,0,0.00086,0.0,0.17985,0.0,6e-05,6e-05
3083,0,6e-05,0.0,0.3302,0.0,7e-05,7e-05
3084,0,0.00028,0.0,0.12826,0.015,0.00045,0.00045
3085,0,6e-05,0.0,0.84101,0.0025,5e-05,5e-05
3086,0,9e-05,0.0,0.41142,0.0,3e-05,3e-05
3087,0,4e-05,0.0,0.15353,0.0,3e-05,3e-05
3088,0,9e-05,0.0,0.3706,0.0,2e-05,2e-05
3089,0,5e-05,0.0,0.12856,0.0,0.0001,0.0001
3090,0,5e-05,0.0,0.19756,0.0,1e-05,1e-05
3091,0,0.00017,0.0,0.43055,0.0,2e-05,2e-05
3092,0,0.00011,0.0,0.15782,0.03,0.00026,0.00026
3093,0,0.01146,0.0,0.91406,0.07,0.00087,0.00087
3094,0,0.00016,0.0,0.77215,0.0025,0.0001,0.0001
3095,0,0.00037,0.0,0.54095,0.005,0.00012,0.00012
3096,0,0.00014,0.0,0.21437,0.0025,5e-05,5e-05
3097,0,0.00019,0.0,0.34823,0.0,0.00012,0.00012
3098,0,0.00021,0.0,0.7737,0.0,9e-05,9e-05
3099,0,0.00024,0.0,0.76316,0.0075,9e-05,9e-05
3100,0,0.00015,0.0,0.37686,0.005,3e-05,3e-05
3101,0,0.00017,0.0,0.38001,0.0,6e-05,6e-05
3102,0,6e-05,0.0,0.34277,0.0025,6e-05,6e-05
3103,0,0.00049,0.0,0.76941,0.015,0.00019,0.00019
3104,0,0.00161,0.0,0.29807,0.005,0.00031,0.00031
3105,0,0.00126,0.0,0.2904,0.035,0.00095,0.00095
3106,0,0.00295,0.0,0.41614,0.055,0.00087,0.00087
3107,0,0.00181,0.0,0.49574,0.115,0.00116,0.00116
3108,0,0.00161,0.0,0.39628,0.1,0.00366,0.00366
3109,0,0.00787,0.0,0.50669,0.1475,0.00093,0.00093
3110,0,0.00145,0.0,0.60799,0.06,0.00031,0.00031
3111,0,2e-05,0.0,0.00476,0.0,3e-05,3e-05
3112,0,2e-05,0.0,0.0046,0.005,4e-05,4e-05
3113,0,6e-05,0.0,0.54439,0.0,8e-05,8e-05
3114,0,8e-05,0.0,0.59995,0.0025,0.0001,0.0001
3115,0,0.00026,0.0,0.00412,0.0025,6e-05,6e-05
3116,0,2e-05,0.0,0.01162,0.0,2e-05,2e-05
3117,0,4e-05,0.0,0.01233,0.0,1e-05,1e-05
3118,0,0.00016,0.0,0.04056,0.0025,4e-05,4e-05
3119,0,6e-05,0.0,0.08267,0.0,1e-05,1e-05
3120,0,5e-05,0.0,0.01089,0.0,6e-05,6e-05
3121,0,4e-05,0.0,0.01397,0.0,1e-05,1e-05
3122,0,4e-05,0.0,0.04863,0.0,6e-05,6e-05
3123,0,5e-05,0.0,0.10107,0.0,1e-05,1e-05
3124,0,2e-05,0.0,0.01746,0.0,1e-05,1e-05
3125,0,3e-05,0.0,0.03315,0.0,1e-05,1e-05
3126,0,6e-05,0.0,0.01152,0.005,5e-05,5e-05
3127,0,2e-05,0.0,0.01986,0.0,3e-05,3e-05
3128,0,5e-05,0.0,0.01088,0.0025,2e-05,2e-05
3129,0,4e-05,0.0,0.06148,0.0,1e-05,1e-05
3130,0,3e-05,0.0,0.01723,0.0,1e-05,1e-05
3131,0,7e-05,0.0,0.01556,0.0,0.0001,0.0001
3132,0,2e-05,0.0,0.01765,0.0,2e-05,2e-05
3133,0,3e-05,0.0,0.04959,0.0,3e-05,3e-05
3134,0,0.00011,0.0,0.19894,0.0,5e-05,5e-05
3135,0,9e-05,0.0,0.50591,0.0,2e-05,2e-05
3136,0,0.00017,0.0,0.60369,0.0025,2e-05,2e-05
3137,0,0.00072,0.0,0.47049,0.0025,2e-05,2e-05
3138,0,0.00016,0.0,0.03587,0.0,9e-05,9e-05
3139,0,0.00026,0.0,0.17926,0.0,4e-05,4e-05
3140,0,0.00025,0.0,0.03003,0.0,8e-05,8e-05
3141,1,0.12004,1.0,0.9462,0.83,0.32495,1.0
3142,0,7e-05,0.0,0.12527,0.0,3e-05,3e-05
3143,0,4e-05,0.0,0.03996,0.0,1e-05,1e-05
3144,0,0.00023,0.0,0.09837,0.0,2e-05,2e-05
3145,0,5e-05,0.0,0.045,0.0,2e-05,2e-05
3146,0,0.00015,0.0,0.15493,0.0,4e-05,4e-05
3147,0,0.00036,0.0,0.03401,0.0,7e-05,7e-05
3148,0,0.00022,0.0,0.16027,0.0,8e-05,8e-05
3149,0,0.00021,0.0,0.07312,0.0,0.0001,0.0001
3150,0,0.00015,0.0,0.04478,0.0,0.0001,0.0001
3151,0,7e-05,0.0,0.07472,0.0,0.00011,0.00011
3152,0,0.00045,0.0,0.29683,0.0,8e-05,8e-05
3153,0,0.00029,0.0,0.18125,0.0025,8e-05,8e-05
3154,0,0.00039,0.0,0.34911,0.0025,9e-05,9e-05
3155,0,7e-05,0.0,0.19634,0.0,2e-05,2e-05
3156,0,0.0007,0.0,0.79402,0.0275,0.00011,0.00011
3157,0,6e-05,0.0,0.16724,0.0,4e-05,4e-05
3158,0,9e-05,0.0,0.19404,0.0,5e-05,5e-05
3159,0,0.0004,0.0,0.09465,0.0,0.00025,0.00025
3160,0,0.00063,0.0,0.35054,0.0025,0.0003,0.0003
3161,0,0.0002,0.0,0.66755,0.0,0.00014,0.00014
3162,0,0.00947,0.0,0.97369,0.1,2e-05,2e-05
3163,0,0.00027,0.0,0.26296,0.0,3e-05,3e-05
3164,0,0.00014,0.0,0.20462,0.0,3e-05,3e-05
3165,0,0.00019,0.0,0.14758,0.015,2e-05,2e-05
3166,0,7e-05,0.0,0.19088,0.0,3e-05,3e-05
3167,0,0.00027,0.0,0.185,0.0,0.0001,0.0001
3168,0,0.00088,0.0,0.58369,0.0,0.00018,0.00018
3169,0,0.00824,0.0,0.12504,0.0,0.00016,0.00016
3170,0,7e-05,0.0,0.15093,0.0,5e-05,5e-05
3171,0,8e-05,0.0,0.1395,0.0025,6e-05,6e-05
3172,0,0.00086,0.0,0.89281,0.0225,7e-05,7e-05
3173,0,0.00033,0.0,0.33035,0.0,6e-05,6e-05
3174,0,9e-05,0.0,0.23502,0.0,2e-05,2e-05
3175,0,0.00016,0.0,0.26371,0.0,3e-05,3e-05
3176,0,0.00016,0.0,0.53205,0.0,8e-05,8e-05
3177,0,0.00042,0.0,0.60455,0.0,0.00021,0.00021
3178,0,0.0003,0.0,0.22251,0.0,0.00011,0.00011
3179,0,0.00041,0.0,0.88687,0.0075,4e-05,4e-05
3180,0,5e-05,0.0,0.32386,0.0,3e-05,3e-05
3181,0,0.00033,0.0,0.65897,0.0075,0.0001,0.0001
3182,0,0.00042,0.0,0.43277,0.0,0.00017,0.00017
3183,0,0.00025,0.0,0.65712,0.0,6e-05,6e-05
3184,0,0.00058,0.0,0.3619,0.0025,0.0005,0.0005
3185,0,0.00081,0.0,0.37053,0.01,0.00154,0.00154
3186,0,0.00088,0.0,0.33543,0.0125,0.00014,0.00014
3187,0,0.00116,0.0,0.6338,0.0325,0.00045,0.00045
3188,0,0.00122,0.0,0.32477,0.08,0.00085,0.00085
3189,0,0.01836,0.0,0.77775,0.1575,0.01469,0.01469
3190,0,0.01405,0.0,0.53467,0.0925,0.00488,0.00488
3191,0,0.04327,0.0,0.50604,0.375,0.01962,0.01962
3192,0,0.01338,0.0,0.37257,0.145,0.0226,0.0226
3193,0,0.18795,0.0,0.59871,0.28,0.01429,0.01429
3194,0,0.00019,0.0,0.06992,0.0025,5e-05,5e-05
3195,0,2e-05,0.0,0.18669,0.0,3e-05,3e-05
3196,0,3e-05,0.0,0.00442,0.0,2e-05,2e-05
3197,0,2e-05,0.0,0.02503,0.0,2e-05,2e-05
3198,0,3e-05,0.0,0.03479,0.0,1e-05,1e-05
3199,0,3e-05,0.0,0.05186,0.0,2e-05,2e-05
3200,0,2e-05,0.0,0.00684,0.0,2e-05,2e-05
3201,0,0.00035,0.0,0.05535,0.0,5e-05,5e-05
3202,0,0.00026,0.0,0.1127,0.005,3e-05,3e-05
3203,0,4e-05,0.0,0.08239,0.005,2e-05,2e-05
3204,0,3e-05,0.0,0.01788,0.0,0.0001,0.0001
3205,0,0.00016,0.0,0.55503,0.005,8e-05,8e-05
3206,0,9e-05,0.0,0.02274,0.0,2e-05,2e-05
3207,0,2e-05,0.0,0.01007,0.0,1e-05,1e-05
3208,0,3e-05,0.0,0.01083,0.0,2e-05,2e-05
3209,0,0.00019,0.0,0.06519,0.0025,2e-05,2e-05
3210,0,2e-05,0.0,0.01701,0.0,1e-05,1e-05
3211,0,0.00048,0.0,0.24001,0.0125,0.00043,0.00043
3212,0,7e-05,0.0,0.34431,0.0025,1e-05,1e-05
3213,0,2e-05,0.0,0.02185,0.0,1e-05,1e-05
3214,0,0.0004,0.0,0.02251,0.0325,5e-05,5e-05
3215,0,9e-05,0.0,0.40376,0.0,3e-05,3e-05
3216,0,0.0001,0.0,0.18997,0.0,0.00025,0.00025
3217,0,0.00026,0.0,0.02184,0.0,0.00023,0.00023
3218,0,0.00013,0.0,0.07611,0.0025,0.00024,0.00024
3219,0,0.00032,0.0,0.52727,0.0025,2e-05,2e-05
3220,0,7e-05,0.0,0.05359,0.0,1e-05,1e-05
3221,0,0.0001,0.0,0.04245,0.0,5e-05,5e-05
3222,0,0.00247,0.0,0.3695,0.04,0.00036,0.00036
3223,0,0.00024,0.0,0.17872,0.0025,0.00019,0.00019
3224,0,5e-05,0.0,0.05776,0.0,1e-05,1e-05
3225,0,5e-05,0.0,0.03567,0.0,3e-05,3e-05
3226,0,7e-05,0.0,0.16224,0.0,1e-05,1e-05
3227,0,0.0002,0.0,0.30778,0.0,3e-05,3e-05
3228,0,3e-05,0.0,0.05172,0.0,2e-05,2e-05
3229,0,9e-05,0.0,0.32036,0.0,1e-05,1e-05
3230,0,0.00021,0.0,0.26404,0.0,2e-05,2e-05
3231,0,0.00015,0.0,0.09512,0.0,1e-05,1e-05
3232,0,0.00027,0.0,0.40332,0.015,2e-05,2e-05
3233,0,3e-05,0.0,0.14863,0.0025,1e-05,1e-05
3234,0,4e-05,0.0,0.13292,0.0025,3e-05,3e-05
3235,0,8e-05,0.0,0.19047,0.0,4e-05,4e-05
3236,0,0.00015,0.0,0.21916,0.0,5e-05,5e-05
3237,1,0.02865,1.0,0.96186,0.46,0.98869,1.0
3238,0,0.00023,0.0,0.08493,0.0,2e-05,2e-05
3239,0,0.00065,0.0,0.09115,0.0025,5e-05,5e-05
3240,0,0.00081,0.0,0.61553,0.0125,2e-05,2e-05
3241,0,0.00011,0.0,0.15105,0.0,2e-05,2e-05
3242,0,4e-05,0.0,0.31909,0.005,1e-05,1e-05
3243,0,0.00045,0.0,0.4567,0.015,0.00012,0.00012
3244,0,0.00019,0.0,0.16144,0.0175,5e-05,5e-05
3245,0,0.00116,0.0,0.55586,0.0325,8e-05,8e-05
3246,0,0.00014,0.0,0.13994,0.0,2e-05,2e-05
3247,0,0.00018,0.0,0.40862,0.0,1e-05,1e-05
3248,0,0.00013,0.0,0.12761,0.0025,5e-05,5e-05
3249,0,0.00035,0.0,0.25328,0.0,2e-05,2e-05
3250,0,0.0002,0.0,0.34514,0.0,1e-05,1e-05
3251,0,0.00502,0.0,0.16512,0.0325,0.00017,0.00017
3252,0,0.0001,0.0,0.35727,0.0,1e-05,1e-05
3253,0,0.00059,0.0,0.27211,0.02,0.00011,0.00011
3254,0,0.00053,0.0,0.62471,0.0225,9e-05,9e-05
3255,0,0.0019,0.0,0.9726,0.0475,4e-05,4e-05
3256,0,0.00021,0.0,0.50472,0.0,1e-05,1e-05
3257,0,0.0001,0.0,0.41941,0.0,1e-05,1e-05
3258,0,0.00051,0.0,0.67311,0.0,1e-05,1e-05
3259,0,8e-05,0.0,0.27858,0.0,4e-05,4e-05
3260,0,6e-05,0.0,0.24965,0.0,2e-05,2e-05
3261,0,0.00017,0.0,0.79944,0.0025,8e-05,8e-05
3262,0,9e-05,0.0,0.41693,0.0,0.00011,0.00011
3263,0,0.00011,0.0,0.4141,0.0,0.0002,0.0002
3264,0,0.00233,0.0,0.9479,0.1125,0.00106,0.00106
3265,0,0.00018,0.0,0.57299,0.0025,7e-05,7e-05
3266,0,0.62899,0.0,0.93378,0.1275,0.00118,0.00118
3267,1,0.7382,1.0,0.98201,0.66,0.06052,1.0
3268,0,0.00013,0.0,0.58588,0.0,1e-05,1e-05
3269,0,0.00062,0.0,0.45916,0.0075,0.00039,0.00039
3270,0,0.00022,0.0,0.3877,0.01,5e-05,5e-05
3271,0,0.05673,0.0,0.77606,0.26,0.00485,0.00485
3272,0,0.00074,0.0,0.40016,0.1525,0.00216,0.00216
3273,0,0.00239,0.0,0.45102,0.1425,0.00075,0.00075
3274,0,0.00309,0.0,0.54738,0.185,0.00286,0.00286
3275,0,1e-05,0.0,0.00746,0.0,1e-05,1e-05
3276,0,2e-05,0.0,0.00783,0.0,2e-05,2e-05
3277,0,0.0004,0.0,0.04548,0.0325,0.00032,0.00032
3278,0,4e-05,0.0,0.03973,0.0,2e-05,2e-05
3279,0,4e-05,0.0,0.04827,0.0,1e-05,1e-05
3280,0,0.0008,0.0,0.47149,0.03,4e-05,4e-05
3281,0,0.0005,0.0,0.17704,0.0,0.00015,0.00015
3282,0,0.00024,0.0,0.08656,0.0125,4e-05,4e-05
3283,0,9e-05,0.0,0.0564,0.0,1e-05,1e-05
3284,0,0.00026,0.0,0.14782,0.005,2e-05,2e-05
3285,0,0.00162,0.0,0.2966,0.0525,0.00026,0.00026
3286,0,9e-05,0.0,0.01356,0.0,5e-05,5e-05
3287,0,0.00013,0.0,0.02556,0.0,2e-05,2e-05
3288,0,4e-05,0.0,0.01132,0.0,4e-05,4e-05
3289,0,0.00012,0.0,0.01468,0.0,4e-05,4e-05
3290,0,0.00222,0.0,0.82353,0.015,0.00011,0.00011
3291,0,0.00026,0.0,0.12102,0.0,5e-05,5e-05
3292,0,0.00014,0.0,0.10932,0.0025,2e-05,2e-05
3293,0,0.00036,0.0,0.1705,0.0,5e-05,5e-05
3294,0,0.00112,0.0,0.59617,0.01,0.00071,0.00071
3295,0,6e-05,0.0,0.02917,0.0,5e-05,5e-05
3296,0,9e-05,0.0,0.11266,0.0,2e-05,2e-05
3297,0,0.00029,0.0,0.10581,0.0,7e-05,7e-05
3298,0,0.00011,0.0,0.05119,0.0,3e-05,3e-05
3299,0,6e-05,0.0,0.06216,0.0,3e-05,3e-05
3300,0,0.00017,0.0,0.25224,0.0125,9e-05,9e-05
3301,0,6e-05,0.0,0.02974,0.0,2e-05,2e-05
3302,0,0.00147,0.0,0.38197,0.0075,0.00021,0.00021
3303,0,0.00081,0.0,0.20082,0.01,9e-05,9e-05
3304,0,0.00048,0.0,0.44305,0.005,4e-05,4e-05
3305,0,0.00024,0.0,0.17482,0.0,6e-05,6e-05
3306,0,0.00052,0.0,0.10232,0.0425,0.0007,0.0007
3307,0,0.0019,0.0,0.56616,0.0,0.00011,0.00011
3308,0,0.00012,0.0,0.07021,0.0,2e-05,2e-05
3309,0,0.00037,0.0,0.22199,0.0025,9e-05,9e-05
3310,0,0.00044,0.0,0.53582,0.0,4e-05,4e-05
3311,0,0.0015,0.0,0.45536,0.0,4e-05,4e-05
3312,0,0.00043,0.0,0.25842,0.0,5e-05,5e-05
3313,0,0.00011,0.0,0.04563,0.0,4e-05,4e-05
3314,0,6e-05,0.0,0.0561,0.0,1e-05,1e-05
3315,0,7e-05,0.0,0.22457,0.0,1e-05,1e-05
3316,0,5e-05,0.0,0.14082,0.0,3e-05,3e-05
3317,0,0.0055,0.0,0.98188,0.045,0.00041,0.00041
3318,0,0.0002,0.0,0.06348,0.0,2e-05,2e-05
3319,0,0.0005,0.0,0.53598,0.0025,0.0001,0.0001
3320,0,7e-05,0.0,0.07181,0.0,2e-05,2e-05
3321,0,0.00019,0.0,0.7969,0.005,5e-05,5e-05
3322,0,9e-05,0.0,0.20298,0.0,2e-05,2e-05
3323,0,0.00334,0.0,0.79838,0.0075,5e-05,5e-05
3324,0,0.00012,0.0,0.14426,0.0,2e-05,2e-05
3325,0,4e-05,0.0,0.09953,0.0,1e-05,1e-05
3326,0,4e-05,0.0,0.09984,0.0,1e-05,1e-05
3327,0,0.00037,0.0,0.26336,0.0,5e-05,5e-05
3328,0,0.05317,0.0,0.95564,0.0175,0.00036,0.00036
3329,0,0.0002,0.0,0.42835,0.0,0.0001,0.0001
3330,0,0.00013,0.0,0.12433,0.0,5e-05,5e-05
3331,0,0.00126,0.0,0.71541,0.005,6e-05,6e-05
3332,0,0.0003,0.0,0.31686,0.0,6e-05,6e-05
3333,0,6e-05,0.0,0.09745,0.0,3e-05,3e-05
3334,0,0.00192,0.0,0.68735,0.0275,7e-05,7e-05
3335,0,9e-05,0.0,0.12326,0.0,5e-05,5e-05
3336,0,0.00013,0.0,0.15234,0.0025,7e-05,7e-05
3337,0,7e-05,0.0,0.19888,0.0,4e-05,4e-05
3338,0,4e-05,0.0,0.19163,0.0,4e-05,4e-05
3339,0,0.00017,0.0,0.24653,0.0,0.00013,0.00013
3340,0,0.00018,0.0,0.39763,0.005,2e-05,2e-05
3341,0,0.00023,0.0,0.38438,0.0,7e-05,7e-05
3342,0,0.00038,0.0,0.77147,0.0075,3e-05,3e-05
3343,0,0.00055,0.0,0.82209,0.005,0.00014,0.00014
3344,0,6e-05,0.0,0.164,0.0,3e-05,3e-05
3345,0,0.00182,0.0,0.22856,0.0375,0.00016,0.00016
3346,0,8e-05,0.0,0.23379,0.0,2e-05,2e-05
3347,0,0.00016,0.0,0.28514,0.0125,0.00042,0.00042
3348,0,0.00011,0.0,0.40305,0.0,0.0001,0.0001
3349,0,0.00014,0.0,0.29162,0.0,5e-05,5e-05
3350,0,0.00095,0.0,0.27201,0.0125,0.00104,0.00104
3351,1,0.76626,1.0,0.98747,0.875,0.99108,1.0
3352,0,9e-05,0.0,0.29579,0.0025,6e-05,6e-05
3353,0,0.00016,0.0,0.29836,0.0,0.00021,0.00021
3354,0,0.00013,0.0,0.32226,0.0,0.00011,0.00011
3355,0,0.00024,0.0,0.43824,0.0,0.0001,0.0001
3356,0,0.00856,0.0,0.82849,0.015,0.00248,0.00248
3357,1,0.54586,1.0,0.95276,0.9,0.99459,1.0
3358,0,0.00085,0.0,0.74057,0.02,0.00012,0.00012
3359,0,0.00082,0.0,0.43207,0.0075,0.00023,0.00023
3360,0,0.00118,0.0,0.58115,0.035,0.00204,0.00204
3361,0,0.02304,0.0,0.80163,0.325,0.05971,0.05971
3362,0,0.00427,0.0,0.53297,0.0875,0.00107,0.00107
3363,0,0.02467,0.0,0.71014,0.29,0.02729,0.02729
3364,0,0.00025,0.0,0.52895,0.0275,0.00014,0.00014
3365,0,4e-05,0.0,0.01878,0.0,2e-05,2e-05
3366,0,9e-05,0.0,0.00434,0.0,4e-05,4e-05
3367,0,3e-05,0.0,0.00421,0.0,3e-05,3e-05
3368,0,1e-05,0.0,0.00505,0.0,3e-05,3e-05
3369,0,0.00076,0.0,0.75807,0.04,0.00028,0.00028
3370,1,0.89538,1.0,0.99208,0.9975,0.91174,1.0
3371,0,9e-05,0.0,0.0089,0.0,2e-05,2e-05
3372,0,0.00043,0.0,0.01444,0.0,0.00016,0.00016
3373,0,0.0005,0.0,0.07661,0.0025,7e-05,7e-05
3374,0,4e-05,0.0,0.0167,0.0,2e-05,2e-05
3375,0,0.0003,0.0,0.31798,0.0175,0.00031,0.00031
3376,0,9e-05,0.0,0.09607,0.0,3e-05,3e-05
3377,0,0.00123,0.0,0.14727,0.0175,0.00081,0.00081
3378,0,1e-05,0.0,0.00512,0.0,0.0002,0.0002
3379,0,0.00013,0.0,0.01437,0.0,3e-05,3e-05
3380,0,0.00025,0.0,0.02209,0.0,0.00011,0.00011
3381,0,8e-05,0.0,0.02285,0.0,8e-05,8e-05
3382,0,0.00047,0.0,0.258,0.0,8e-05,8e-05
3383,0,5e-05,0.0,0.04424,0.0025,3e-05,3e-05
3384,0,3e-05,0.0,0.00995,0.0,2e-05,2e-05
3385,0,5e-05,0.0,0.07953,0.0,2e-05,2e-05
3386,0,9e-05,0.0,0.10979,0.0,4e-05,4e-05
3387,0,3e-05,0.0,0.04238,0.0,2e-05,2e-05
3388,0,0.4364,0.0,0.96765,0.33,0.0024,0.0024
3389,0,0.0039,0.0,0.2071,0.075,0.00186,0.00186
3390,0,0.00019,0.0,0.44312,0.0,7e-05,7e-05
3391,0,3e-05,0.0,0.05502,0.0,2e-05,2e-05
3392,0,0.00017,0.0,0.23588,0.01,0.00019,0.00019
3393,0,0.00117,0.0,0.32853,0.0075,0.00025,0.00025
3394,0,0.00055,0.0,0.25074,0.0075,9e-05,9e-05
3395,0,0.00012,0.0,0.19559,0.0,3e-05,3e-05
3396,0,3e-05,0.0,0.04529,0.0,1e-05,1e-05
3397,0,0.0002,0.0,0.04061,0.0,5e-05,5e-05
3398,0,6e-05,0.0,0.04202,0.0,3e-05,3e-05
3399,0,0.00015,0.0,0.04207,0.0,7e-05,7e-05
3400,0,6e-05,0.0,0.05244,0.0,4e-05,4e-05
3401,0,4e-05,0.0,0.11967,0.0,2e-05,2e-05
3402,0,6e-05,0.0,0.04234,0.0,4e-05,4e-05
3403,0,0.00259,0.0,0.77098,0.0075,5e-05,5e-05
3404,0,0.00348,0.0,0.77313,0.005,3e-05,3e-05
3405,0,0.00011,0.0,0.08028,0.0,2e-05,2e-05
3406,0,6e-05,0.0,0.05285,0.0,2e-05,2e-05
3407,0,0.00011,0.0,0.25732,0.0,2e-05,2e-05
3408,0,0.00033,0.0,0.60624,0.0,7e-05,7e-05
3409,0,0.00023,0.0,0.2331,0.0,0.0001,0.0001
3410,0,0.00023,0.0,0.06457,0.0,3e-05,3e-05
3411,0,0.0002,0.0,0.21721,0.0,4e-05,4e-05
3412,0,0.00107,0.0,0.80127,0.0125,0.00127,0.00127
3413,0,0.00989,0.0,0.91354,0.0125,0.00064,0.00064
3414,0,7e-05,0.0,0.17084,0.0,3e-05,3e-05
3415,0,9e-05,0.0,0.25213,0.0,2e-05,2e-05
3416,0,6e-05,0.0,0.17423,0.0,1e-05,1e-05
3417,0,0.0004,0.0,0.45045,0.0,3e-05,3e-05
3418,0,5e-05,0.0,0.1543,0.0,2e-05,2e-05
3419,0,5e-05,0.0,0.16015,0.0,4e-05,4e-05
3420,0,4e-05,0.0,0.1879,0.0,2e-05,2e-05
3421,0,0.00023,0.0,0.2388,0.0,2e-05,2e-05
3422,0,6e-05,0.0,0.10396,0.02,0.00017,0.00017
3423,0,4e-05,0.0,0.22609,0.0,3e-05,3e-05
3424,0,0.00012,0.0,0.2553,0.0,2e-05,2e-05
3425,0,4e-05,0.0,0.1847,0.0,1e-05,1e-05
3426,0,5e-05,0.0,0.18049,0.0,4e-05,4e-05
3427,0,0.00087,0.0,0.75605,0.0075,6e-05,6e-05
3428,0,6e-05,0.0,0.26728,0.0,3e-05,3e-05
3429,0,0.00038,0.0,0.76129,0.0025,3e-05,3e-05
3430,0,4e-05,0.0,0.19855,0.0,1e-05,1e-05
3431,0,8e-05,0.0,0.20745,0.0025,8e-05,8e-05
3432,0,0.00039,0.0,0.58917,0.0,0.00012,0.00012
3433,0,0.0001,0.0,0.53503,0.0,2e-05,2e-05
3434,0,0.00041,0.0,0.44532,0.005,0.00084,0.00084
3435,0,0.00017,0.0,0.6007,0.0,0.00015,0.00015
3436,0,0.0008,0.0,0.90473,0.07,6e-05,6e-05
3437,0,0.00021,0.0,0.6919,0.0,5e-05,5e-05
3438,0,0.01285,0.0,0.97976,0.05,0.00014,0.00014
3439,0,0.00108,0.0,0.50394,0.0,0.00029,0.00029
3440,0,0.00013,0.0,0.58884,0.0,3e-05,3e-05
3441,0,0.00013,0.0,0.62631,0.0,5e-05,5e-05
3442,0,0.0001,0.0,0.45342,0.0025,3e-05,3e-05
3443,0,0.00209,0.0,0.7419,0.0775,0.00016,0.00016
3444,0,0.00022,0.0,0.49125,0.0125,0.0001,0.0001
3445,0,0.01139,0.0,0.88257,0.08,0.0021,0.0021
3446,0,0.00557,0.0,0.44651,0.0775,0.00226,0.00226
3447,0,0.04795,0.0,0.8221,0.335,0.01106,0.01106
3448,0,0.06266,0.0,0.53394,0.3625,0.04276,0.04276
3449,0,0.00999,0.0,0.61542,0.1825,0.00583,0.00583
3450,0,0.02333,0.0,0.56636,0.2125,0.00458,0.00458
3451,0,0.00262,0.0,0.71063,0.0325,0.00043,0.00043
3452,0,7e-05,0.0,0.05693,0.0,2e-05,2e-05
3453,0,3e-05,0.0,0.00368,0.0,2e-05,2e-05
3454,0,0.0001,0.0,0.44337,0.005,0.00014,0.00014
3455,0,5e-05,0.0,0.01104,0.0,0.00012,0.00012
3456,0,2e-05,0.0,0.02461,0.005,1e-05,1e-05
3457,0,0.00011,0.0,0.01606,0.0,2e-05,2e-05
3458,1,0.75574,1.0,0.91763,0.965,0.96469,1.0
3459,0,0.00391,0.0,0.25791,0.01,0.00013,0.00013
3460,0,0.00128,0.0,0.7666,0.015,0.00015,0.00015
3461,0,0.00013,0.0,0.08009,0.005,8e-05,8e-05
3462,0,0.19557,0.0,0.3683,0.0875,0.00044,0.00044
3463,0,2e-05,0.0,0.00784,0.0125,0.00023,0.00023
3464,0,6e-05,0.0,0.01824,0.0,2e-05,2e-05
3465,0,0.0309,0.0,0.92519,0.0675,8e-05,8e-05
3466,0,0.00329,0.0,0.16534,0.005,0.00071,0.00071
3467,0,0.00242,0.0,0.64309,0.03,0.00015,0.00015
3468,0,0.00044,0.0,0.14183,0.0,2e-05,2e-05
3469,0,0.00028,0.0,0.10699,0.0025,0.00067,0.00067
3470,0,0.00057,0.0,0.22713,0.0075,0.00045,0.00045
3471,0,8e-05,0.0,0.02096,0.0,3e-05,3e-05
3472,0,0.0003,0.0,0.32571,0.0,4e-05,4e-05
3473,0,0.00011,0.0,0.10665,0.0,2e-05,2e-05
3474,0,6e-05,0.0,0.01899,0.0,4e-05,4e-05
3475,0,8e-05,0.0,0.03008,0.0,4e-05,4e-05
3476,0,6e-05,0.0,0.03959,0.0,3e-05,3e-05
3477,0,0.0001,0.0,0.14111,0.0,3e-05,3e-05
3478,0,0.00014,0.0,0.12326,0.0,2e-05,2e-05
3479,0,0.00012,0.0,0.03627,0.0,3e-05,3e-05
3480,0,9e-05,0.0,0.02333,0.0,6e-05,6e-05
3481,0,0.00687,0.0,0.80739,0.0225,0.00231,0.00231
3482,0,0.00014,0.0,0.05462,0.0075,3e-05,3e-05
3483,0,0.00023,0.0,0.08736,0.0,5e-05,5e-05
3484,0,0.00029,0.0,0.13724,0.0,6e-05,6e-05
3485,0,0.00036,0.0,0.11758,0.0,0.00029,0.00029
3486,0,0.0009,0.0,0.44061,0.005,0.00014,0.00014
3487,0,0.0002,0.0,0.0631,0.0025,4e-05,4e-05
3488,0,6e-05,0.0,0.09337,0.0,3e-05,3e-05
3489,0,0.14687,0.0,0.7762,0.0375,0.00293,0.00293
3490,0,0.00021,0.0,0.1159,0.0,2e-05,2e-05
3491,0,0.0001,0.0,0.05104,0.0,4e-05,4e-05
3492,0,7e-05,0.0,0.04848,0.0,5e-05,5e-05
3493,0,0.20052,0.0,0.94542,0.295,0.00563,0.00563
3494,0,0.00012,0.0,0.07267,0.0,3e-05,3e-05
3495,0,0.00266,0.0,0.51331,0.01,0.00017,0.00017
3496,0,0.00351,0.0,0.46108,0.01,0.00102,0.00102
3497,0,0.04975,0.0,0.69553,0.025,0.00056,0.00056
3498,0,5e-05,0.0,0.11229,0.0,5e-05,5e-05
3499,0,0.02091,0.0,0.91471,0.0325,0.00048,0.00048
3500,0,0.00097,0.0,0.48716,0.015,0.00019,0.00019
3501,0,3e-05,0.0,0.10953,0.0075,2e-05,2e-05
3502,0,0.06544,0.0,0.97307,0.22,0.00136,0.00136
3503,0,0.05592,0.0,0.4783,0.0175,0.00036,0.00036
3504,0,0.00052,0.0,0.46976,0.005,8e-05,8e-05
3505,0,0.00012,0.0,0.22902,0.0,6e-05,6e-05
3506,0,8e-05,0.0,0.17048,0.0,5e-05,5e-05
3507,0,0.00018,0.0,0.45898,0.015,0.00015,0.00015
3508,0,6e-05,0.0,0.18568,0.0,3e-05,3e-05
3509,0,0.00013,0.0,0.2122,0.0,0.00013,0.00013
3510,0,7e-05,0.0,0.2479,0.01,0.00017,0.00017
3511,0,0.00011,0.0,0.4368,0.0,9e-05,9e-05
3512,0,0.00142,0.0,0.90045,0.01,0.00034,0.00034
3513,0,0.00044,0.0,0.68811,0.0025,0.00013,0.00013
3514,0,0.00135,0.0,0.76066,0.03,0.00118,0.00118
3515,0,7e-05,0.0,0.6839,0.0,0.00024,0.00024
3516,0,0.00037,0.0,0.25933,0.005,0.00033,0.00033
3517,0,0.00077,0.0,0.76206,0.015,0.00028,0.00028
3518,0,0.00012,0.0,0.3963,0.0,0.00018,0.00018
3519,0,0.01098,0.0,0.73963,0.0325,0.00229,0.00229
3520,0,6e-05,0.0,0.24902,0.0,3e-05,3e-05
3521,0,6e-05,0.0,0.3036,0.0,5e-05,5e-05
3522,0,0.00046,0.0,0.46021,0.0025,0.00043,0.00043
3523,0,9e-05,0.0,0.38093,0.0,7e-05,7e-05
3524,0,0.00049,0.0,0.52117,0.025,0.00187,0.00187
3525,0,0.15352,0.0,0.81621,0.0725,0.00098,0.00098
3526,0,0.00112,0.0,0.41902,0.0075,0.00019,0.00019
3527,0,0.01156,0.0,0.47449,0.265,0.06507,0.06507
3528,0,0.01152,0.0,0.41682,0.0475,0.00071,0.00071
3529,1,0.83157,1.0,0.92944,0.91,0.99127,1.0
3530,1,0.00756,0.0,0.51538,0.05,0.00054,0.00054
3531,0,0.00041,0.0,0.04881,0.0325,0.0001,0.0001
3532,0,0.00014,0.0,0.00481,0.0075,7e-05,7e-05
3533,0,0.00011,0.0,0.03731,0.0,3e-05,3e-05
3534,0,5e-05,0.0,0.01821,0.0,3e-05,3e-05
3535,0,5e-05,0.0,0.00417,0.0,3e-05,3e-05
3536,0,7e-05,0.0,0.00345,0.005,2e-05,2e-05
3537,0,8e-05,0.0,0.01685,0.0,5e-05,5e-05
3538,0,0.00036,0.0,0.01358,0.0025,0.00019,0.00019
3539,0,4e-05,0.0,0.02106,0.0,5e-05,5e-05
3540,0,4e-05,0.0,0.01093,0.0,4e-05,4e-05
3541,0,5e-05,0.0,0.01424,0.0,6e-05,6e-05
3542,0,0.00013,0.0,0.05344,0.0,3e-05,3e-05
3543,0,0.00026,0.0,0.015,0.0,0.00027,0.00027
3544,0,0.00011,0.0,0.03219,0.0,2e-05,2e-05
3545,0,3e-05,0.0,0.02238,0.0,2e-05,2e-05
3546,0,4e-05,0.0,0.03123,0.0025,7e-05,7e-05
3547,0,0.02142,0.0,0.51937,0.055,0.00119,0.00119
3548,0,0.00073,0.0,0.13485,0.0125,7e-05,7e-05
3549,0,6e-05,0.0,0.02244,0.0,0.00011,0.00011
3550,0,0.00817,0.0,0.91026,0.0525,0.00017,0.00017
3551,0,0.0002,0.0,0.06738,0.0175,9e-05,9e-05
3552,0,8e-05,0.0,0.02298,0.0,3e-05,3e-05
3553,0,0.01278,0.0,0.51393,0.0225,0.00073,0.00073
3554,0,6e-05,0.0,0.02736,0.0,6e-05,6e-05
3555,0,7e-05,0.0,0.11216,0.0,2e-05,2e-05
3556,0,0.00029,0.0,0.06875,0.0,6e-05,6e-05
3557,0,0.00023,0.0,0.03602,0.0,3e-05,3e-05
3558,0,0.01873,0.0,0.2438,0.05,0.00028,0.00028
3559,0,0.00012,0.0,0.03211,0.0,2e-05,2e-05
3560,0,0.00016,0.0,0.02282,0.0,4e-05,4e-05
3561,0,4e-05,0.0,0.04146,0.0,2e-05,2e-05
3562,0,0.00025,0.0,0.09838,0.0,3e-05,3e-05
3563,0,0.00022,0.0,0.19409,0.0,3e-05,3e-05
3564,0,9e-05,0.0,0.05037,0.0,2e-05,2e-05
3565,0,0.00022,0.0,0.13161,0.0,4e-05,4e-05
3566,0,0.00709,0.0,0.53174,0.02,0.00093,0.00093
3567,0,0.19534,0.0,0.97637,0.2225,0.00105,0.00105
3568,0,7e-05,0.0,0.09158,0.0,1e-05,1e-05
3569,0,0.02939,0.0,0.81261,0.1275,0.0025,0.0025
3570,0,0.00019,0.0,0.07554,0.0,3e-05,3e-05
3571,0,0.00031,0.0,0.24772,0.005,8e-05,8e-05
3572,0,0.00037,0.0,0.04634,0.0,7e-05,7e-05
3573,0,0.00023,0.0,0.58919,0.0075,6e-05,6e-05
3574,0,0.00062,0.0,0.47632,0.0075,0.00015,0.00015
3575,0,0.00085,0.0,0.46006,0.0075,0.00026,0.00026
3576,0,7e-05,0.0,0.18872,0.0,4e-05,4e-05
3577,0,7e-05,0.0,0.1727,0.0,1e-05,1e-05
3578,0,0.0001,0.0,0.1815,0.0,1e-05,1e-05
3579,0,9e-05,0.0,0.11852,0.0,2e-05,2e-05
3580,1,0.93441,1.0,0.99791,0.96,0.97377,1.0
3581,0,7e-05,0.0,0.12914,0.0,7e-05,7e-05
3582,0,0.0001,0.0,0.20757,0.0,6e-05,6e-05
3583,0,0.00076,0.0,0.73927,0.005,0.0001,0.0001
3584,0,0.00017,0.0,0.14029,0.0025,3e-05,3e-05
3585,0,0.56575,0.0,0.99907,0.3225,0.00025,0.00025
3586,0,0.00014,0.0,0.3158,0.0075,7e-05,7e-05
3587,0,8e-05,0.0,0.21701,0.0,1e-05,1e-05
3588,0,6e-05,0.0,0.24803,0.0,3e-05,3e-05
3589,0,0.00122,0.0,0.37582,0.0,0.00036,0.00036
3590,0,0.92274,0.0,0.9883,0.18,0.9772,0.9772
3591,0,0.0008,0.0,0.67415,0.0,0.00013,0.00013
3592,0,0.0002,0.0,0.35692,0.0,4e-05,4e-05
3593,0,0.038,0.0,0.51568,0.0625,0.00031,0.00031
3594,0,0.08004,0.0,0.60396,0.045,0.00015,0.00015
3595,0,0.0002,0.0,0.53169,0.0,3e-05,3e-05
3596,0,9e-05,0.0,0.46717,0.0025,3e-05,3e-05
3597,0,0.10021,0.0,0.86241,0.1075,9e-05,9e-05
3598,0,0.0001,0.0,0.20854,0.0025,6e-05,6e-05
3599,0,0.00123,0.0,0.87176,0.01,0.00015,0.00015
3600,0,0.00088,0.0,0.74598,0.005,8e-05,8e-05
3601,0,8e-05,0.0,0.39993,0.0,0.00015,0.00015
3602,0,0.10637,0.0,0.69655,0.0625,0.00014,0.00014
3603,0,0.00069,0.0,0.64543,0.015,0.0012,0.0012
3604,0,0.00012,0.0,0.48413,0.0,7e-05,7e-05
3605,0,6e-05,0.0,0.33308,0.0,2e-05,2e-05
3606,0,9e-05,0.0,0.39768,0.0,4e-05,4e-05
3607,0,0.151,0.0,0.95824,0.25,0.00609,0.00609
3608,0,9e-05,0.0,0.40508,0.0025,8e-05,8e-05
3609,0,4e-05,0.0,0.59536,0.0125,0.00045,0.00045
3610,0,0.00096,0.0,0.34562,0.0,0.00068,0.00068
3611,0,0.00035,0.0,0.30662,0.0075,0.00019,0.00019
3612,1,0.02556,0.0,0.7876,0.1325,0.00562,0.00562
3613,0,4e-05,0.0,0.01284,0.0,4e-05,4e-05
3614,0,0.0001,0.0,0.02195,0.0,3e-05,3e-05
3615,0,3e-05,0.0,0.00826,0.0,3e-05,3e-05
3616,0,3e-05,0.0,0.00414,0.0025,2e-05,2e-05
3617,0,0.00013,0.0,0.0365,0.0075,0.0001,0.0001
3618,0,0.00011,0.0,0.02992,0.0,1e-05,1e-05
3619,0,7e-05,0.0,0.11738,0.0,6e-05,6e-05
3620,0,0.00017,0.0,0.08418,0.0,6e-05,6e-05
3621,0,2e-05,0.0,0.03579,0.0,3e-05,3e-05
3622,0,0.00035,0.0,0.00629,0.005,0.00039,0.00039
3623,0,6e-05,0.0,0.02903,0.0,6e-05,6e-05
3624,0,5e-05,0.0,0.01359,0.0,4e-05,4e-05
3625,0,5e-05,0.0,0.01159,0.0,2e-05,2e-05
3626,0,8e-05,0.0,0.05447,0.015,3e-05,3e-05
3627,0,0.0048,0.0,0.44266,0.0175,0.00129,0.00129
3628,0,3e-05,0.0,0.01445,0.005,7e-05,7e-05
3629,0,4e-05,0.0,0.01565,0.0,2e-05,2e-05
3630,0,0.0002,0.0,0.1443,0.0,5e-05,5e-05
3631,0,0.00014,0.0,0.01792,0.0,3e-05,3e-05
3632,0,0.00051,0.0,0.02251,0.03,0.00046,0.00046
3633,0,0.00018,0.0,0.01521,0.0,8e-05,8e-05
3634,0,6e-05,0.0,0.04894,0.0,3e-05,3e-05
3635,0,7e-05,0.0,0.0436,0.0,4e-05,4e-05
3636,0,5e-05,0.0,0.02355,0.0,2e-05,2e-05
3637,0,0.00011,0.0,0.22633,0.0,4e-05,4e-05
3638,0,5e-05,0.0,0.01744,0.0,1e-05,1e-05
3639,0,0.00028,0.0,0.13124,0.015,2e-05,2e-05
3640,0,6e-05,0.0,0.04603,0.0,3e-05,3e-05
3641,0,2e-05,0.0,0.04068,0.0,1e-05,1e-05
3642,0,7e-05,0.0,0.12709,0.0,2e-05,2e-05
3643,0,0.00374,0.0,0.88686,0.03,0.00023,0.00023
3644,0,4e-05,0.0,0.04264,0.0,4e-05,4e-05
3645,0,0.00011,0.0,0.03592,0.0,1e-05,1e-05
3646,0,0.00025,0.0,0.2,0.0,7e-05,7e-05
3647,0,5e-05,0.0,0.03734,0.005,5e-05,5e-05
3648,0,0.00016,0.0,0.2109,0.0,5e-05,5e-05
3649,0,0.00043,0.0,0.24646,0.0075,8e-05,8e-05
3650,0,6e-05,0.0,0.1293,0.0,9e-05,9e-05
3651,0,7e-05,0.0,0.1391,0.0025,7e-05,7e-05
3652,0,0.00109,0.0,0.24608,0.0,0.00015,0.00015
3653,0,0.00212,0.0,0.55613,0.01,0.00037,0.00037
3654,0,0.00026,0.0,0.09678,0.0,0.00023,0.00023
3655,0,0.00011,0.0,0.07142,0.0,5e-05,5e-05
3656,0,0.0001,0.0,0.05484,0.0,5e-05,5e-05
3657,0,0.00195,0.0,0.64473,0.055,0.00395,0.00395
3658,0,0.00015,0.0,0.29823,0.0,6e-05,6e-05
3659,0,0.00049,0.0,0.21801,0.0025,8e-05,8e-05
3660,0,0.00011,0.0,0.05261,0.0,3e-05,3e-05
3661,0,0.00064,0.0,0.5561,0.0,0.00013,0.00013
3662,0,7e-05,0.0,0.07475,0.0,5e-05,5e-05
3663,0,9e-05,0.0,0.0989,0.0,0.00014,0.00014
3664,0,0.00027,0.0,0.20065,0.0,0.00011,0.00011
3665,0,6e-05,0.0,0.07642,0.0,7e-05,7e-05
3666,0,0.00448,0.0,0.63251,0.01,3e-05,3e-05
3667,0,7e-05,0.0,0.15404,0.0,3e-05,3e-05
3668,0,4e-05,0.0,0.14986,0.0,4e-05,4e-05
3669,0,0.00013,0.0,0.21319,0.0,0.0001,0.0001
3670,0,0.00024,0.0,0.27894,0.0,3e-05,3e-05
3671,0,0.00061,0.0,0.10949,0.04,9e-05,9e-05
3672,0,8e-05,0.0,0.18499,0.0,4e-05,4e-05
3673,0,3e-05,0.0,0.15851,0.0,1e-05,1e-05
3674,0,0.00024,0.0,0.33752,0.0,3e-05,3e-05
3675,0,0.00196,0.0,0.84658,0.0175,0.00011,0.00011
3676,0,0.00105,0.0,0.23724,0.0025,4e-05,4e-05
3677,0,6e-05,0.0,0.20241,0.0,5e-05,5e-05
3678,0,0.02591,0.0,0.78458,0.1975,0.00391,0.00391
3679,0,0.00016,0.0,0.244,0.0,3e-05,3e-05
3680,0,0.00011,0.0,0.2292,0.0,2e-05,2e-05
3681,0,5e-05,0.0,0.20152,0.0,7e-05,7e-05
3682,0,0.00034,0.0,0.46315,0.0,0.00015,0.00015
3683,0,0.00012,0.0,0.32881,0.0,3e-05,3e-05
3684,0,5e-05,0.0,0.27353,0.0,8e-05,8e-05
3685,1,0.96879,1.0,0.99403,0.89,0.99822,1.0
3686,0,0.00055,0.0,0.81291,0.0325,0.0003,0.0003
3687,0,0.00098,0.0,0.82947,0.0075,0.00029,0.00029
3688,0,0.00012,0.0,0.26843,0.0,0.0001,0.0001
3689,0,0.00144,0.0,0.68511,0.0275,0.00231,0.00231
3690,0,6e-05,0.0,0.47738,0.005,0.00016,0.00016
3691,0,0.0002,0.0,0.57146,0.0075,0.00014,0.00014
3692,0,0.00149,0.0,0.69256,0.02,0.00017,0.00017
3693,0,0.00072,0.0,0.46906,0.0275,0.00033,0.00033
3694,0,0.00097,0.0,0.40962,0.0225,0.00046,0.00046
3695,0,0.00323,0.0,0.58421,0.045,0.00058,0.00058
3696,1,0.00694,0.0,0.52609,0.24,0.00357,0.00357
3697,0,0.00268,0.0,0.08578,0.0125,0.00011,0.00011
3698,0,7e-05,0.0,0.00877,0.0,0.00024,0.00024
3699,0,5e-05,0.0,0.0047,0.0,3e-05,3e-05
3700,0,7e-05,0.0,0.01279,0.0,5e-05,5e-05
3701,0,0.00057,0.0,0.18669,0.0075,3e-05,3e-05
3702,0,0.00324,0.0,0.15947,0.0725,0.00336,0.00336
3703,0,0.00121,0.0,0.08188,0.0,0.00037,0.00037
3704,0,0.00167,0.0,0.16767,0.085,0.00194,0.00194
3705,0,0.00044,0.0,0.18284,0.0825,0.00083,0.00083
3706,0,0.00011,0.0,0.00529,0.0,4e-05,4e-05
3707,0,9e-05,0.0,0.02899,0.0,3e-05,3e-05
3708,0,0.00011,0.0,0.0207,0.0,3e-05,3e-05
3709,0,8e-05,0.0,0.05169,0.0,2e-05,2e-05
3710,0,4e-05,0.0,0.01404,0.0,7e-05,7e-05
3711,0,0.0001,0.0,0.03304,0.0,3e-05,3e-05
3712,0,4e-05,0.0,0.02754,0.0,3e-05,3e-05
3713,0,7e-05,0.0,0.01552,0.0,2e-05,2e-05
3714,0,7e-05,0.0,0.02392,0.0,3e-05,3e-05
3715,0,0.0001,0.0,0.01365,0.0,9e-05,9e-05
3716,0,0.00011,0.0,0.10632,0.015,4e-05,4e-05
3717,0,3e-05,0.0,0.02546,0.0,3e-05,3e-05
3718,0,5e-05,0.0,0.11559,0.0025,2e-05,2e-05
3719,0,0.00031,0.0,0.14828,0.0025,5e-05,5e-05
3720,0,3e-05,0.0,0.05118,0.0,2e-05,2e-05
3721,0,6e-05,0.0,0.06407,0.0,1e-05,1e-05
3722,0,8e-05,0.0,0.07312,0.005,1e-05,1e-05
3723,0,0.00011,0.0,0.14502,0.0,2e-05,2e-05
3724,0,5e-05,0.0,0.02713,0.0,1e-05,1e-05
3725,0,0.0003,0.0,0.2061,0.0325,4e-05,4e-05
3726,0,0.0001,0.0,0.04776,0.0,2e-05,2e-05
3727,0,5e-05,0.0,0.05297,0.0,1e-05,1e-05
3728,0,6e-05,0.0,0.04225,0.0,1e-05,1e-05
3729,0,0.0001,0.0,0.22905,0.0,4e-05,4e-05
3730,0,0.06776,0.0,0.93984,0.1975,0.00272,0.00272
3731,0,0.0016,0.0,0.37108,0.07,0.00036,0.00036
3732,0,0.00458,0.0,0.21605,0.0225,5e-05,5e-05
3733,0,0.00076,0.0,0.52028,0.005,0.00013,0.00013
3734,0,8e-05,0.0,0.17869,0.0,3e-05,3e-05
3735,0,9e-05,0.0,0.05858,0.0,2e-05,2e-05
3736,0,0.10302,0.0,0.73989,0.19,0.01378,0.01378
3737,0,9e-05,0.0,0.0403,0.0,1e-05,1e-05
3738,0,0.01129,0.0,0.66593,0.0425,0.0001,0.0001
3739,0,0.0002,0.0,0.2721,0.015,4e-05,4e-05
3740,0,0.00014,0.0,0.0586,0.015,4e-05,4e-05
3741,0,0.00025,0.0,0.64243,0.0125,0.00027,0.00027
3742,0,6e-05,0.0,0.21144,0.0,3e-05,3e-05
3743,0,3e-05,0.0,0.12214,0.0,4e-05,4e-05
3744,0,6e-05,0.0,0.12951,0.0,1e-05,1e-05
3745,0,0.00034,0.0,0.75596,0.01,0.0002,0.0002
3746,0,9e-05,0.0,0.15475,0.0025,1e-05,1e-05
3747,0,0.00168,0.0,0.56518,0.01,0.00022,0.00022
3748,0,6e-05,0.0,0.28759,0.0,2e-05,2e-05
3749,0,7e-05,0.0,0.33947,0.0,2e-05,2e-05
3750,0,4e-05,0.0,0.19291,0.0,1e-05,1e-05
3751,0,6e-05,0.0,0.16712,0.015,0.00031,0.00031
3752,0,9e-05,0.0,0.37395,0.0,2e-05,2e-05
3753,0,0.00031,0.0,0.29356,0.0,5e-05,5e-05
3754,0,0.00081,0.0,0.57957,0.0,9e-05,9e-05
3755,0,0.00031,0.0,0.56213,0.0025,3e-05,3e-05
3756,0,0.08896,0.0,0.89271,0.2025,0.00049,0.00049
3757,0,0.00012,0.0,0.2224,0.0,3e-05,3e-05
3758,0,0.00014,0.0,0.17025,0.0,4e-05,4e-05
3759,0,0.00056,0.0,0.53164,0.0,6e-05,6e-05
3760,0,0.00196,0.0,0.73036,0.005,0.00024,0.00024
3761,1,0.86032,1.0,0.782,0.755,0.99759,1.0
3762,0,6e-05,0.0,0.3089,0.005,1e-05,1e-05
3763,0,0.00018,0.0,0.33935,0.0,2e-05,2e-05
3764,0,0.00213,0.0,0.7602,0.0075,0.00092,0.00092
3765,0,0.03458,0.0,0.95458,0.6725,0.00103,0.00103
3766,0,0.00059,0.0,0.80037,0.015,0.00018,0.00018
3767,0,0.02134,0.0,0.90741,0.0925,0.00059,0.00059
3768,0,5e-05,0.0,0.39822,0.0,5e-05,5e-05
3769,0,0.0002,0.0,0.40949,0.0,5e-05,5e-05
3770,0,0.0004,0.0,0.65568,0.0,0.00013,0.00013
3771,0,0.00012,0.0,0.36133,0.0,3e-05,3e-05
3772,0,0.00179,0.0,0.84459,0.04,0.00012,0.00012
3773,0,0.00057,0.0,0.74783,0.01,5e-05,5e-05
3774,0,4e-05,0.0,0.62038,0.0075,7e-05,7e-05
3775,0,0.00222,0.0,0.63955,0.0125,0.00011,0.00011
3776,0,0.00316,0.0,0.54371,0.0625,0.00026,0.00026
3777,0,0.08801,0.0,0.62842,0.5525,0.15795,0.15795
3778,0,0.02313,0.0,0.43623,0.18,0.00137,0.00137
3779,0,0.04565,0.0,0.51121,0.2675,0.00595,0.00595
3780,0,6e-05,0.0,0.00829,0.0,2e-05,2e-05
3781,0,0.00012,0.0,0.06796,0.0,2e-05,2e-05
3782,0,0.00029,0.0,0.08542,0.0075,3e-05,3e-05
3783,0,0.00024,0.0,0.00978,0.0,5e-05,5e-05
3784,0,0.01002,0.0,0.13155,0.0975,0.00087,0.00087
3785,0,0.00011,0.0,0.00982,0.0,3e-05,3e-05
3786,0,0.00036,0.0,0.02358,0.0,5e-05,5e-05
3787,0,0.0001,0.0,0.03167,0.0,3e-05,3e-05
3788,1,0.86252,1.0,0.28335,0.8875,0.9976,1.0
3789,0,0.00109,0.0,0.16377,0.0075,3e-05,3e-05
3790,0,6e-05,0.0,0.02014,0.0025,2e-05,2e-05
3791,0,0.00366,0.0,0.30066,0.045,0.00037,0.00037
3792,0,6e-05,0.0,0.07021,0.0,3e-05,3e-05
3793,0,0.00015,0.0,0.02915,0.0,2e-05,2e-05
3794,1,0.07964,1.0,0.39696,0.7225,0.99541,1.0
3795,0,0.86128,0.0,0.33151,0.9175,0.01378,0.01378
3796,0,0.0004,0.0,0.07409,0.0275,0.0003,0.0003
3797,0,0.00012,0.0,0.03819,0.0,2e-05,2e-05
3798,0,4e-05,0.0,0.03326,0.0,3e-05,3e-05
3799,0,9e-05,0.0,0.02185,0.0,0.0001,0.0001
3800,0,0.00013,0.0,0.03079,0.0,0.00014,0.00014
3801,0,0.00016,0.0,0.02074,0.0,0.00023,0.00023
3802,0,0.0001,0.0,0.0212,0.0,2e-05,2e-05
3803,0,0.00014,0.0,0.11541,0.0025,2e-05,2e-05
3804,0,0.00039,0.0,0.07521,0.0,3e-05,3e-05
3805,0,0.00023,0.0,0.04576,0.0,2e-05,2e-05
3806,0,7e-05,0.0,0.04807,0.0,2e-05,2e-05
3807,1,0.76875,1.0,0.25777,0.775,0.99136,1.0
3808,0,5e-05,0.0,0.04298,0.0,1e-05,1e-05
3809,0,0.00015,0.0,0.03326,0.0025,3e-05,3e-05
3810,0,0.44464,0.0,0.87894,0.855,0.00217,0.00217
3811,0,0.00024,0.0,0.06863,0.0,2e-05,2e-05
3812,0,0.00026,0.0,0.03709,0.0,4e-05,4e-05
3813,0,0.00085,0.0,0.59048,0.0325,0.00022,0.00022
3814,0,0.00018,0.0,0.28977,0.005,1e-05,1e-05
3815,1,0.67014,1.0,0.92717,0.915,0.9961,1.0
3816,0,7e-05,0.0,0.07225,0.0,2e-05,2e-05
3817,0,0.00044,0.0,0.46643,0.01,9e-05,9e-05
3818,0,0.03044,0.0,0.60528,0.0425,0.00054,0.00054
3819,0,0.00029,0.0,0.27101,0.0,0.0001,0.0001
3820,0,8e-05,0.0,0.12717,0.0,2e-05,2e-05
3821,0,0.00959,0.0,0.31768,0.0375,0.00421,0.00421
3822,0,8e-05,0.0,0.10007,0.0,2e-05,2e-05
3823,0,0.00027,0.0,0.27023,0.0075,3e-05,3e-05
3824,0,0.00011,0.0,0.10297,0.0,3e-05,3e-05
3825,0,0.00013,0.0,0.10165,0.0,2e-05,2e-05
3826,0,0.00199,0.0,0.57613,0.03,0.00038,0.00038
3827,0,0.00228,0.0,0.34082,0.0075,8e-05,8e-05
3828,0,0.00046,0.0,0.28364,0.0025,3e-05,3e-05
3829,0,6e-05,0.0,0.12043,0.0,0.00016,0.00016
3830,1,0.94226,1.0,0.60212,0.8775,0.99186,1.0
3831,0,0.00044,0.0,0.3114,0.0,0.00011,0.00011
3832,0,0.00019,0.0,0.16226,0.01,0.0008,0.0008
3833,0,0.0003,0.0,0.36915,0.0,6e-05,6e-05
3834,0,0.00012,0.0,0.20197,0.0,2e-05,2e-05
3835,0,0.04026,0.0,0.95246,0.1475,0.00108,0.00108
3836,0,0.00047,0.0,0.43384,0.0075,0.00018,0.00018
3837,0,9e-05,0.0,0.50768,0.0,3e-05,3e-05
3838,0,0.00209,0.0,0.64654,0.0,0.00027,0.00027
3839,0,0.00021,0.0,0.40341,0.0,5e-05,5e-05
3840,0,0.00014,0.0,0.19018,0.0,1e-05,1e-05
3841,0,0.00013,0.0,0.31227,0.0025,1e-05,1e-05
3842,0,7e-05,0.0,0.40124,0.0,2e-05,2e-05
3843,0,0.0001,0.0,0.45058,0.0025,3e-05,3e-05
3844,0,0.30724,0.0,0.99273,0.23,0.0004,0.0004
3845,0,0.00026,0.0,0.6231,0.0,2e-05,2e-05
3846,0,0.00013,0.0,0.33012,0.0025,1e-05,1e-05
3847,0,0.00371,0.0,0.78757,0.07,0.00246,0.00246
3848,0,0.00109,0.0,0.60224,0.0,0.00015,0.00015
3849,0,0.00027,0.0,0.33385,0.0,0.00012,0.00012
3850,0,0.00018,0.0,0.44795,0.0,6e-05,6e-05
3851,0,0.00038,0.0,0.56063,0.0025,0.00049,0.00049
3852,0,0.0072,0.0,0.70506,0.02,0.00032,0.00032
3853,0,9e-05,0.0,0.80084,0.0,5e-05,5e-05
3854,0,0.00013,0.0,0.62428,0.0175,6e-05,6e-05
3855,1,0.9988,1.0,0.99342,0.885,0.99997,1.0
3856,0,0.0001,0.0,0.34337,0.0,1e-05,1e-05
3857,0,0.08451,0.0,0.97002,0.5125,0.2074,0.2074
3858,0,0.0011,0.0,0.47196,0.0475,0.00058,0.00058
3859,0,0.10791,0.0,0.57229,0.5375,0.08807,0.08807
3860,0,0.00645,0.0,0.58317,0.205,0.00282,0.00282
3861,0,0.25608,0.0,0.70473,0.41,0.48587,0.48587
3862,0,0.00789,0.0,0.6037,0.125,0.01865,0.01865
3863,0,0.00232,0.0,0.61692,0.0475,0.00082,0.00082
3864,0,0.00519,0.0,0.59184,0.27,0.00433,0.00433
3865,0,0.27718,0.0,0.4472,0.615,0.81941,0.81941
3866,1,0.00747,0.0,0.48976,0.145,0.0049,0.0049
3867,0,0.35138,0.0,0.57156,0.045,0.00058,0.00058
3868,1,0.65677,1.0,0.95849,0.9625,0.96949,1.0
3869,0,0.00028,0.0,0.00542,0.0,3e-05,3e-05
3870,0,0.00025,0.0,0.06997,0.005,9e-05,9e-05
3871,0,0.00076,0.0,0.09827,0.0025,6e-05,6e-05
3872,0,0.00022,0.0,0.00568,0.0,2e-05,2e-05
3873,0,0.00128,0.0,0.14306,0.0075,0.00032,0.00032
3874,0,7e-05,0.0,0.01272,0.0,5e-05,5e-05
3875,0,0.48545,0.0,0.79575,0.08,0.00803,0.00803
3876,0,0.00037,0.0,0.22169,0.0175,0.00027,0.00027
3877,0,0.0001,0.0,0.01021,0.0,4e-05,4e-05
3878,0,0.00043,0.0,0.09423,0.0025,5e-05,5e-05
3879,0,7e-05,0.0,0.01099,0.0,4e-05,4e-05
3880,0,0.00048,0.0,0.24395,0.005,0.00014,0.00014
3881,0,5e-05,0.0,0.0116,0.0,4e-05,4e-05
3882,0,6e-05,0.0,0.10347,0.0,3e-05,3e-05
3883,0,0.00071,0.0,0.11591,0.0075,0.00012,0.00012
3884,0,6e-05,0.0,0.039,0.0,2e-05,2e-05
3885,0,4e-05,0.0,0.01393,0.0,3e-05,3e-05
3886,0,5e-05,0.0,0.02298,0.0,5e-05,5e-05
3887,0,0.00053,0.0,0.44777,0.0,0.00012,0.00012
3888,0,0.00025,0.0,0.39895,0.0,3e-05,3e-05
3889,0,4e-05,0.0,0.0305,0.0,0.00019,0.00019
3890,0,0.00018,0.0,0.56668,0.0125,4e-05,4e-05
3891,0,0.00061,0.0,0.62561,0.0275,0.00011,0.00011
3892,0,0.00017,0.0,0.31855,0.0,5e-05,5e-05
3893,0,0.01742,0.0,0.67862,0.1325,0.00107,0.00107
3894,0,7e-05,0.0,0.10293,0.0,2e-05,2e-05
3895,0,0.0003,0.0,0.13655,0.0,8e-05,8e-05
3896,0,9e-05,0.0,0.05873,0.0,2e-05,2e-05
3897,0,0.00016,0.0,0.02982,0.0,5e-05,5e-05
3898,0,8e-05,0.0,0.03478,0.0,2e-05,2e-05
3899,0,0.0003,0.0,0.05719,0.02,0.0003,0.0003
3900,0,0.00046,0.0,0.03173,0.0,2e-05,2e-05
3901,0,0.00026,0.0,0.39059,0.005,7e-05,7e-05
3902,0,7e-05,0.0,0.04378,0.0,1e-05,1e-05
3903,0,5e-05,0.0,0.08788,0.0,5e-05,5e-05
3904,0,6e-05,0.0,0.1072,0.0,2e-05,2e-05
3905,0,0.0006,0.0,0.50822,0.01,7e-05,7e-05
3906,0,6e-05,0.0,0.06657,0.0,4e-05,4e-05
3907,0,0.03785,0.0,0.97825,0.18,0.00157,0.00157
3908,0,7e-05,0.0,0.09305,0.0,5e-05,5e-05
3909,0,4e-05,0.0,0.11575,0.0,5e-05,5e-05
3910,0,4e-05,0.0,0.06045,0.0,1e-05,1e-05
3911,0,0.00022,0.0,0.13913,0.0,3e-05,3e-05
3912,0,0.00577,0.0,0.70448,0.02,0.00013,0.00013
3913,0,9e-05,0.0,0.28122,0.0,3e-05,3e-05
3914,0,9e-05,0.0,0.0793,0.0,9e-05,9e-05
3915,0,6e-05,0.0,0.18165,0.0,3e-05,3e-05
3916,0,5e-05,0.0,0.11565,0.0,8e-05,8e-05
3917,0,0.0001,0.0,0.24178,0.0,4e-05,4e-05
3918,0,0.00029,0.0,0.16575,0.0,3e-05,3e-05
3919,0,0.02508,0.0,0.79347,0.025,0.00298,0.00298
3920,0,1e-05,0.0,0.13724,0.0,2e-05,2e-05
3921,0,0.00025,0.0,0.21236,0.005,3e-05,3e-05
3922,0,0.0005,0.0,0.40483,0.0,8e-05,8e-05
3923,0,0.00013,0.0,0.15492,0.0,0.00021,0.00021
3924,0,0.00025,0.0,0.17177,0.0,3e-05,3e-05
3925,0,5e-05,0.0,0.18135,0.0,9e-05,9e-05
3926,0,0.00038,0.0,0.18485,0.0,0.00072,0.00072
3927,0,0.00044,0.0,0.28038,0.0,5e-05,5e-05
3928,0,0.00042,0.0,0.23619,0.0,7e-05,7e-05
3929,1,0.10536,1.0,0.89698,0.8025,0.6639,1.0
3930,0,0.00012,0.0,0.32399,0.0,0.0001,0.0001
3931,0,8e-05,0.0,0.62446,0.0,4e-05,4e-05
3932,0,0.00013,0.0,0.32271,0.0025,0.00014,0.00014
3933,0,0.00029,0.0,0.63613,0.005,0.00036,0.00036
3934,0,8e-05,0.0,0.37747,0.0,4e-05,4e-05
3935,0,9e-05,0.0,0.353,0.0,8e-05,8e-05
3936,1,0.98715,1.0,0.99836,0.815,0.98537,1.0
3937,0,4e-05,0.0,0.72092,0.005,2e-05,2e-05
3938,0,8e-05,0.0,0.4654,0.0,0.0001,0.0001
3939,0,6e-05,0.0,0.40419,0.0,4e-05,4e-05
3940,0,0.02074,0.0,0.90374,0.25,0.04291,0.04291
3941,0,0.04959,0.0,0.90404,0.28,0.10649,0.10649
3942,0,0.00153,0.0,0.78955,0.0775,0.00109,0.00109
3943,0,0.00451,0.0,0.72628,0.0575,0.00266,0.00266
3944,1,0.99842,1.0,0.99192,0.9875,0.99999,1.0
3945,0,0.00874,0.0,0.88021,0.0975,0.00109,0.00109
3946,0,0.00026,0.0,0.00971,0.0,3e-05,3e-05
3947,0,7e-05,0.0,0.00422,0.0025,2e-05,2e-05
3948,0,2e-05,0.0,0.00613,0.0,3e-05,3e-05
3949,0,2e-05,0.0,0.01293,0.0,2e-05,2e-05
3950,0,0.00084,0.0,0.30021,0.0075,0.00017,0.00017
3951,0,7e-05,0.0,0.0157,0.0,2e-05,2e-05
3952,0,6e-05,0.0,0.00854,0.0,4e-05,4e-05
3953,0,6e-05,0.0,0.02897,0.0,4e-05,4e-05
3954,0,0.00018,0.0,0.02249,0.0,6e-05,6e-05
3955,0,0.0006,0.0,0.01028,0.0,0.00016,0.00016
3956,0,0.00012,0.0,0.19719,0.0,6e-05,6e-05
3957,0,6e-05,0.0,0.03153,0.0,3e-05,3e-05
3958,0,0.0003,0.0,0.07801,0.0025,4e-05,4e-05
3959,0,0.0109,0.0,0.65407,0.0375,0.00058,0.00058
3960,0,4e-05,0.0,0.02016,0.0,2e-05,2e-05
3961,0,0.00078,0.0,0.26065,0.015,0.00021,0.00021
3962,0,3e-05,0.0,0.00976,0.0,2e-05,2e-05
3963,0,6e-05,0.0,0.01625,0.0,6e-05,6e-05
3964,0,2e-05,0.0,0.03407,0.005,2e-05,2e-05
3965,0,6e-05,0.0,0.01524,0.0,6e-05,6e-05
3966,0,0.0001,0.0,0.04414,0.0,3e-05,3e-05
3967,0,0.00032,0.0,0.04487,0.0,6e-05,6e-05
3968,0,0.00011,0.0,0.13181,0.0025,5e-05,5e-05
3969,0,0.00023,0.0,0.08302,0.0025,0.00012,0.00012
3970,0,7e-05,0.0,0.06783,0.0,2e-05,2e-05
3971,0,0.02406,0.0,0.35271,0.0175,0.00055,0.00055
3972,0,7e-05,0.0,0.0291,0.0,3e-05,3e-05
3973,0,0.00013,0.0,0.04572,0.0,3e-05,3e-05
3974,0,0.00012,0.0,0.1027,0.0,2e-05,2e-05
3975,0,4e-05,0.0,0.09177,0.0,7e-05,7e-05
3976,0,2e-05,0.0,0.08765,0.0,2e-05,2e-05
3977,0,0.07813,0.0,0.27929,0.04,8e-05,8e-05
3978,0,0.00021,0.0,0.06143,0.0,4e-05,4e-05
3979,0,0.00097,0.0,0.4095,0.0025,0.00027,0.00027
3980,0,0.00054,0.0,0.21147,0.0125,0.0003,0.0003
3981,0,0.01258,0.0,0.37037,0.025,0.00018,0.00018
3982,0,0.00011,0.0,0.09247,0.0,1e-05,1e-05
3983,0,0.0023,0.0,0.37214,0.0025,0.00011,0.00011
3984,0,0.00051,0.0,0.46406,0.0075,0.00017,0.00017
3985,0,5e-05,0.0,0.07643,0.0,6e-05,6e-05
3986,0,0.00032,0.0,0.66531,0.02,0.00016,0.00016
3987,0,6e-05,0.0,0.04829,0.005,2e-05,2e-05
3988,0,0.00021,0.0,0.23968,0.0,7e-05,7e-05
3989,0,9e-05,0.0,0.15939,0.0,3e-05,3e-05
3990,0,9e-05,0.0,0.10204,0.0,3e-05,3e-05
3991,0,0.00013,0.0,0.05474,0.0,2e-05,2e-05
3992,0,7e-05,0.0,0.14485,0.0,5e-05,5e-05
3993,0,0.00016,0.0,0.15555,0.0,3e-05,3e-05
3994,0,0.00889,0.0,0.72403,0.0175,0.00025,0.00025
3995,0,0.00015,0.0,0.31148,0.0,4e-05,4e-05
3996,0,6e-05,0.0,0.15187,0.0,4e-05,4e-05
3997,0,8e-05,0.0,0.12353,0.0,5e-05,5e-05
3998,0,0.00054,0.0,0.82313,0.0,8e-05,8e-05
3999,0,8e-05,0.0,0.20887,0.0,2e-05,2e-05
4000,0,0.00466,0.0,0.56143,0.025,0.00102,0.00102
4001,0,0.00032,0.0,0.68051,0.0,9e-05,9e-05
4002,0,5e-05,0.0,0.12353,0.0,3e-05,3e-05
4003,1,0.02652,1.0,0.82341,0.5425,0.37323,1.0
4004,0,0.00011,0.0,0.32742,0.0,3e-05,3e-05
4005,0,0.0166,0.0,0.89897,0.11,0.00275,0.00275
4006,0,0.0006,0.0,0.64751,0.0125,0.00044,0.00044
4007,0,0.00053,0.0,0.51684,0.0025,7e-05,7e-05
4008,0,0.00449,0.0,0.82618,0.02,0.0003,0.0003
4009,0,0.00019,0.0,0.40897,0.0,5e-05,5e-05
4010,0,0.00015,0.0,0.32115,0.0,4e-05,4e-05
4011,0,0.0002,0.0,0.28598,0.005,0.00027,0.00027
4012,0,0.00162,0.0,0.78044,0.0175,0.00019,0.00019
4013,0,0.00706,0.0,0.86194,0.05,0.00011,0.00011
4014,0,0.00013,0.0,0.22412,0.0025,4e-05,4e-05
4015,0,9e-05,0.0,0.39319,0.0,4e-05,4e-05
4016,0,0.00013,0.0,0.57797,0.005,9e-05,9e-05
4017,0,0.00051,0.0,0.38658,0.0025,2e-05,2e-05
4018,0,9e-05,0.0,0.61718,0.0075,0.00013,0.00013
4019,0,0.00015,0.0,0.43773,0.0075,0.00024,0.00024
4020,0,0.00025,0.0,0.47071,0.0,6e-05,6e-05
4021,0,0.02545,0.0,0.896,0.065,0.0002,0.0002
4022,0,0.00209,0.0,0.59401,0.0075,0.00012,0.00012
4023,0,0.00806,0.0,0.48622,0.0325,0.00062,0.00062
4024,0,0.22994,0.0,0.90169,0.155,0.00487,0.00487
4025,1,0.71658,1.0,0.97013,0.7225,0.99131,1.0
4026,0,0.00209,0.0,0.4077,0.0525,0.00113,0.00113
4027,0,0.05091,0.0,0.4137,0.285,0.00601,0.00601
4028,0,0.53003,0.0,0.58796,0.7575,0.836,0.836
4029,0,0.00236,0.0,0.76217,0.0525,0.00097,0.00097
4030,0,0.25127,0.0,0.44445,0.4525,0.10905,0.10905
4031,0,0.3267,0.0,0.97922,0.275,0.11088,0.11088
4032,0,0.07595,0.0,0.77263,0.1225,0.00424,0.00424
4033,1,0.61516,1.0,0.92866,0.695,0.94531,1.0
4034,0,0.06201,0.0,0.65367,0.445,0.05432,0.05432
4035,1,0.06953,0.0,0.57554,0.3125,0.01435,0.01435
4036,0,4e-05,0.0,0.0188,0.0,5e-05,5e-05
4037,0,0.00087,0.0,0.16748,0.035,8e-05,8e-05
4038,0,5e-05,0.0,0.00861,0.0,3e-05,3e-05
4039,0,7e-05,0.0,0.01489,0.0,5e-05,5e-05
4040,0,0.00012,0.0,0.02449,0.0,4e-05,4e-05
4041,0,6e-05,0.0,0.00806,0.0075,0.00032,0.00032
4042,0,5e-05,0.0,0.0164,0.0,5e-05,5e-05
4043,0,0.00074,0.0,0.02666,0.0,6e-05,6e-05
4044,0,0.00227,0.0,0.0995,0.055,0.00011,0.00011
4045,1,0.00019,0.0,0.13018,0.0,0.0001,0.0001
4046,0,0.00018,0.0,0.01071,0.0,4e-05,4e-05
4047,0,0.04078,0.0,0.10524,0.155,0.03035,0.03035
4048,0,0.0007,0.0,0.11597,0.005,0.00026,0.00026
4049,1,0.72704,1.0,0.92515,0.98,0.97534,1.0
4050,0,7e-05,0.0,0.06476,0.0,4e-05,4e-05
4051,0,0.00026,0.0,0.14624,0.0125,0.0001,0.0001
4052,0,0.00041,0.0,0.2367,0.005,0.00021,0.00021
4053,0,6e-05,0.0,0.03073,0.0,4e-05,4e-05
4054,0,0.00326,0.0,0.29647,0.045,0.00037,0.00037
4055,0,9e-05,0.0,0.08142,0.0,3e-05,3e-05
4056,0,8e-05,0.0,0.02279,0.0,3e-05,3e-05
4057,0,6e-05,0.0,0.03498,0.0,2e-05,2e-05
4058,0,0.00011,0.0,0.06122,0.0,2e-05,2e-05
4059,0,0.00044,0.0,0.18143,0.0075,4e-05,4e-05
4060,0,0.00137,0.0,0.16136,0.0,6e-05,6e-05
4061,0,0.01402,0.0,0.71108,0.06,0.00041,0.00041
4062,0,6e-05,0.0,0.05736,0.0025,6e-05,6e-05
4063,0,0.00034,0.0,0.18158,0.0,4e-05,4e-05
4064,0,7e-05,0.0,0.0761,0.0,2e-05,2e-05
4065,0,0.00048,0.0,0.27367,0.0125,0.00014,0.00014
4066,0,0.00011,0.0,0.05226,0.0,7e-05,7e-05
4067,0,0.00028,0.0,0.21831,0.0025,5e-05,5e-05
4068,0,0.0012,0.0,0.48998,0.03,0.00064,0.00064
4069,0,0.00275,0.0,0.48348,0.0975,9e-05,9e-05
4070,0,0.00072,0.0,0.32527,0.0025,0.00011,0.00011
4071,0,0.60152,0.0,0.90704,0.175,0.00061,0.00061
4072,1,0.96824,1.0,0.9901,0.865,0.99962,1.0
4073,0,0.00011,0.0,0.06865,0.0,5e-05,5e-05
4074,0,0.00224,0.0,0.3234,0.0075,0.00015,0.00015
4075,0,0.0005,0.0,0.24861,0.0,6e-05,6e-05
4076,0,0.00041,0.0,0.14364,0.0,3e-05,3e-05
4077,0,0.00012,0.0,0.096,0.0,3e-05,3e-05
4078,0,7e-05,0.0,0.12732,0.0,2e-05,2e-05
4079,1,0.41071,1.0,0.97128,0.8,0.99917,1.0
4080,0,0.0001,0.0,0.26751,0.0,5e-05,5e-05
4081,1,0.97996,1.0,0.93155,0.96,0.99885,1.0
4082,1,0.97495,1.0,0.94841,0.9875,0.99856,1.0
4083,0,9e-05,0.0,0.20154,0.0025,6e-05,6e-05
4084,0,0.00016,0.0,0.12829,0.0,5e-05,5e-05
4085,0,4e-05,0.0,0.1598,0.0,2e-05,2e-05
4086,0,2e-05,0.0,0.13379,0.0,2e-05,2e-05
4087,0,0.00019,0.0,0.19705,0.0,3e-05,3e-05
4088,1,0.95466,1.0,0.87935,0.94,0.99634,1.0
4089,0,8e-05,0.0,0.3633,0.0,2e-05,2e-05
4090,0,0.00011,0.0,0.18034,0.0,6e-05,6e-05
4091,0,0.0088,0.0,0.86427,0.0,6e-05,6e-05
4092,0,4e-05,0.0,0.15175,0.0,4e-05,4e-05
4093,0,3e-05,0.0,0.17181,0.0,1e-05,1e-05
4094,0,0.00023,0.0,0.16535,0.0,2e-05,2e-05
4095,0,0.00038,0.0,0.22828,0.0,2e-05,2e-05
4096,0,0.00014,0.0,0.36744,0.01,1e-05,1e-05
4097,1,0.77492,1.0,0.87278,0.9,0.99813,1.0
4098,0,0.00041,0.0,0.31633,0.0025,1e-05,1e-05
4099,0,0.00042,0.0,0.30434,0.005,3e-05,3e-05
4100,0,0.00051,0.0,0.70339,0.015,0.00013,0.00013
4101,0,0.00027,0.0,0.48761,0.0,0.00025,0.00025
4102,0,0.001,0.0,0.47176,0.0,0.00013,0.00013
4103,0,0.00028,0.0,0.70959,0.0125,0.00021,0.00021
4104,0,0.0002,0.0,0.65852,0.0025,6e-05,6e-05
4105,0,0.00192,0.0,0.85503,0.0575,0.00012,0.00012
4106,0,0.0001,0.0,0.36626,0.0,2e-05,2e-05
4107,0,0.00186,0.0,0.84629,0.0275,5e-05,5e-05
4108,0,7e-05,0.0,0.37788,0.0,2e-05,2e-05
4109,0,0.0001,0.0,0.5996,0.0,2e-05,2e-05
4110,0,0.00101,0.0,0.62088,0.005,0.00022,0.00022
4111,0,0.68173,0.0,0.82922,0.8475,0.0012,0.0012
4112,0,4e-05,0.0,0.41411,0.0075,5e-05,5e-05
4113,0,3e-05,0.0,0.49856,0.005,2e-05,2e-05
4114,0,0.08589,0.0,0.96618,0.455,0.00318,0.00318
4115,0,0.16197,0.0,0.9401,0.525,0.00601,0.00601
4116,0,0.08835,0.0,0.92105,0.5025,0.00305,0.00305
4117,0,0.09112,0.0,0.94598,0.4625,0.068,0.068
4118,1,0.28771,1.0,0.96672,0.7875,0.98068,1.0
4119,0,0.53961,0.0,0.88787,0.7675,0.18635,0.18635
4120,1,0.96726,1.0,0.87562,0.6825,0.99324,1.0
4121,1,0.75516,1.0,0.83974,0.7475,0.98735,1.0
4122,1,0.8967,1.0,0.87766,0.5775,0.9854,1.0
4123,0,0.00013,0.0,0.0866,0.0025,2e-05,2e-05
4124,0,8e-05,0.0,0.02154,0.005,6e-05,6e-05
4125,0,0.00273,0.0,0.52008,0.245,0.01364,0.01364
4126,0,0.00295,0.0,0.05075,0.005,0.0001,0.0001
4127,0,3e-05,0.0,0.01087,0.0,1e-05,1e-05
4128,0,0.00028,0.0,0.07457,0.0075,0.0001,0.0001
4129,0,0.00115,0.0,0.00739,0.0075,2e-05,2e-05
4130,0,0.00019,0.0,0.01087,0.0,3e-05,3e-05
4131,1,0.33085,1.0,0.97186,0.9325,0.99864,1.0
4132,0,0.00013,0.0,0.18083,0.0125,3e-05,3e-05
4133,0,0.00081,0.0,0.38328,0.035,0.00031,0.00031
4134,0,0.0001,0.0,0.01776,0.005,3e-05,3e-05
4135,0,9e-05,0.0,0.01752,0.0025,2e-05,2e-05
4136,0,0.00011,0.0,0.01231,0.0025,2e-05,2e-05
4137,0,0.00022,0.0,0.21274,0.005,3e-05,3e-05
4138,0,0.0098,0.0,0.50759,0.1925,0.00038,0.00038
4139,1,0.58641,1.0,0.89565,0.9075,0.99808,1.0
4140,0,7e-05,0.0,0.01106,0.0025,4e-05,4e-05
4141,1,0.55955,1.0,0.94535,0.9125,0.99811,1.0
4142,0,3e-05,0.0,0.06346,0.0,2e-05,2e-05
4143,0,0.00053,0.0,0.46886,0.0025,4e-05,4e-05
4144,0,0.0001,0.0,0.10316,0.0,1e-05,1e-05
4145,0,0.00026,0.0,0.03726,0.0,4e-05,4e-05
4146,0,0.00016,0.0,0.19568,0.015,4e-05,4e-05
4147,0,0.00015,0.0,0.14338,0.0,2e-05,2e-05
4148,0,0.00331,0.0,0.28263,0.0475,0.00032,0.00032
4149,0,0.0001,0.0,0.10289,0.0,2e-05,2e-05
4150,0,0.00035,0.0,0.08937,0.0,2e-05,2e-05
4151,0,9e-05,0.0,0.06418,0.0,2e-05,2e-05
4152,1,0.82207,1.0,0.41727,0.945,0.99852,1.0
4153,0,0.01041,0.0,0.25239,0.06,0.00021,0.00021
4154,1,0.75942,1.0,0.93255,0.8925,0.99921,1.0
4155,0,7e-05,0.0,0.0543,0.0,0.00012,0.00012
4156,1,0.58634,1.0,0.41008,0.8675,0.99369,1.0
4157,0,6e-05,0.0,0.05878,0.0,4e-05,4e-05
4158,1,0.37851,1.0,0.98108,0.9425,0.99922,1.0
4159,0,0.00011,0.0,0.11083,0.0,2e-05,2e-05
4160,0,9e-05,0.0,0.06776,0.0,2e-05,2e-05
4161,0,0.00014,0.0,0.07716,0.0,2e-05,2e-05
4162,0,5e-05,0.0,0.05328,0.0,3e-05,3e-05
4163,0,8e-05,0.0,0.09011,0.0,4e-05,4e-05
4164,0,8e-05,0.0,0.12092,0.0,3e-05,3e-05
4165,1,0.95699,1.0,0.70444,0.9825,0.99834,1.0
4166,0,0.00012,0.0,0.20691,0.0,2e-05,2e-05
4167,0,0.00014,0.0,0.4332,0.02,8e-05,8e-05
4168,0,0.00011,0.0,0.12472,0.0,2e-05,2e-05
4169,0,0.00057,0.0,0.14568,0.0,7e-05,7e-05
4170,0,0.00015,0.0,0.21065,0.0,3e-05,3e-05
4171,1,0.95901,1.0,0.80525,0.985,0.99871,1.0
4172,0,0.00012,0.0,0.19103,0.0,6e-05,6e-05
4173,0,0.00836,0.0,0.78816,0.1525,0.00134,0.00134
4174,1,0.95705,1.0,0.7235,0.9875,0.9991,1.0
4175,0,0.00043,0.0,0.32625,0.0,3e-05,3e-05
4176,0,7e-05,0.0,0.20925,0.0,1e-05,1e-05
4177,0,0.00017,0.0,0.30708,0.0,0.0001,0.0001
4178,0,0.00186,0.0,0.41088,0.0,2e-05,2e-05
4179,0,0.00039,0.0,0.26934,0.0,1e-05,1e-05
4180,1,0.7031,1.0,0.76123,0.9375,0.99809,1.0
4181,0,0.00043,0.0,0.25707,0.0,5e-05,5e-05
4182,0,0.0003,0.0,0.36193,0.0,4e-05,4e-05
4183,1,0.96984,1.0,0.93492,0.965,0.99895,1.0
4184,0,0.00221,0.0,0.8497,0.07,0.00079,0.00079
4185,1,0.88533,1.0,0.93393,0.95,0.99871,1.0
4186,1,0.9513,1.0,0.86212,0.9925,0.9987,1.0
4187,0,0.00014,0.0,0.30517,0.0,6e-05,6e-05
4188,0,7e-05,0.0,0.24365,0.0,2e-05,2e-05
4189,0,0.0001,0.0,0.28645,0.0,6e-05,6e-05
4190,0,0.00012,0.0,0.31521,0.0,1e-05,1e-05
4191,0,0.00037,0.0,0.43744,0.005,0.00013,0.00013
4192,0,0.54282,0.0,0.97967,0.665,0.01846,0.01846
4193,0,4e-05,0.0,0.58825,0.0025,3e-05,3e-05
4194,0,4e-05,0.0,0.35343,0.0,5e-05,5e-05
4195,0,0.00104,0.0,0.76408,0.0475,7e-05,7e-05
4196,0,0.00014,0.0,0.5364,0.0,7e-05,7e-05
4197,0,4e-05,0.0,0.38902,0.005,7e-05,7e-05
4198,0,4e-05,0.0,0.5242,0.0125,4e-05,4e-05
4199,0,0.00051,0.0,0.64333,0.0125,0.0001,0.0001
4200,0,0.00028,0.0,0.44247,0.01,6e-05,6e-05
4201,0,0.00027,0.0,0.53282,0.01,8e-05,8e-05
4202,0,0.00835,0.0,0.98396,0.19,0.00911,0.00911
4203,0,0.00294,0.0,0.61701,0.0825,0.00211,0.00211
4204,0,0.04098,0.0,0.4681,0.1925,0.01329,0.01329
4205,0,0.00246,0.0,0.62171,0.055,0.00055,0.00055
4206,0,0.0159,0.0,0.55979,0.0775,0.00158,0.00158
4207,0,0.00928,0.0,0.55044,0.0725,0.002,0.002
4208,1,0.06458,0.0,0.52891,0.145,0.00428,0.00428
4209,0,8e-05,0.0,0.00731,0.005,8e-05,8e-05
4210,0,0.00033,0.0,0.11683,0.01,4e-05,4e-05
4211,0,7e-05,0.0,0.01449,0.0,3e-05,3e-05
4212,1,0.34317,1.0,0.64333,0.7225,0.99775,1.0
4213,0,0.05323,0.0,0.76199,0.1775,0.01279,0.01279
4214,0,0.00029,0.0,0.0498,0.0,3e-05,3e-05
4215,0,0.00025,0.0,0.02119,0.0,5e-05,5e-05
4216,0,0.00242,0.0,0.06915,0.0025,0.00016,0.00016
4217,0,0.69033,0.0,0.38944,0.1175,0.00072,0.00072
4218,0,6e-05,0.0,0.04954,0.0,1e-05,1e-05
4219,0,0.0002,0.0,0.04345,0.0025,5e-05,5e-05
4220,0,7e-05,0.0,0.00919,0.0,6e-05,6e-05
4221,0,0.0455,0.0,0.987,0.455,0.00765,0.00765
4222,0,8e-05,0.0,0.05934,0.0,2e-05,2e-05
4223,0,3e-05,0.0,0.03359,0.005,2e-05,2e-05
4224,0,6e-05,0.0,0.01921,0.0,2e-05,2e-05
4225,0,8e-05,0.0,0.01561,0.0,0.0002,0.0002
4226,1,0.31466,1.0,0.45974,0.8625,0.99737,1.0
4227,0,4e-05,0.0,0.03482,0.0,3e-05,3e-05
4228,0,0.00214,0.0,0.3335,0.2475,0.00012,0.00012
4229,0,0.00025,0.0,0.32281,0.005,4e-05,4e-05
4230,0,0.00104,0.0,0.25063,0.035,0.0002,0.0002
4231,0,5e-05,0.0,0.02878,0.0,4e-05,4e-05
4232,0,0.75443,0.0,0.48608,0.895,0.00519,0.00519
4233,0,0.00023,0.0,0.15821,0.0,1e-05,1e-05
4234,0,0.33939,0.0,0.73874,0.1975,0.00254,0.00254
4235,0,0.00017,0.0,0.02988,0.0,2e-05,2e-05
4236,0,0.00284,0.0,0.17798,0.015,0.00015,0.00015
4237,0,0.00019,0.0,0.09626,0.0,6e-05,6e-05
4238,0,0.00018,0.0,0.04487,0.0,6e-05,6e-05
4239,0,0.00011,0.0,0.04541,0.0,1e-05,1e-05
4240,0,0.00027,0.0,0.10535,0.0,3e-05,3e-05
4241,0,5e-05,0.0,0.08213,0.0,3e-05,3e-05
4242,0,0.00065,0.0,0.3424,0.0425,0.00039,0.00039
4243,0,0.00105,0.0,0.39141,0.0225,0.00013,0.00013
4244,0,0.00097,0.0,0.1993,0.005,0.00042,0.00042
4245,0,0.0002,0.0,0.1784,0.0,3e-05,3e-05
4246,0,0.00065,0.0,0.162,0.0075,0.00011,0.00011
4247,0,0.00024,0.0,0.11692,0.0,3e-05,3e-05
4248,1,0.97491,1.0,0.93252,0.9325,0.99951,1.0
4249,0,8e-05,0.0,0.17064,0.0,3e-05,3e-05
4250,1,0.88078,1.0,0.93309,0.99,0.99833,1.0
4251,0,8e-05,0.0,0.15946,0.0,3e-05,3e-05
4252,1,0.93293,1.0,0.80893,0.965,0.99739,1.0
4253,0,0.04315,0.0,0.4957,0.0375,0.0005,0.0005
4254,1,0.18555,1.0,0.65741,0.91,0.99938,1.0
4255,1,0.99064,1.0,0.99597,0.995,0.99983,1.0
4256,0,0.00168,0.0,0.73127,0.115,0.00027,0.00027
4257,0,0.00022,0.0,0.11674,0.0,9e-05,9e-05
4258,0,0.00027,0.0,0.16974,0.0025,3e-05,3e-05
4259,1,0.46301,1.0,0.97693,0.92,0.99739,1.0
4260,0,0.00012,0.0,0.21293,0.0,7e-05,7e-05
4261,0,0.00022,0.0,0.36767,0.015,0.00039,0.00039
4262,0,0.00011,0.0,0.18195,0.0,2e-05,2e-05
4263,0,5e-05,0.0,0.54346,0.0,9e-05,9e-05
4264,0,6e-05,0.0,0.28453,0.0025,3e-05,3e-05
4265,0,0.00026,0.0,0.27273,0.0,5e-05,5e-05
4266,0,0.00216,0.0,0.42138,0.01,0.00022,0.00022
4267,0,0.00173,0.0,0.46407,0.0025,0.00021,0.00021
4268,0,0.00017,0.0,0.50808,0.0,0.0001,0.0001
4269,0,0.00037,0.0,0.27585,0.0,5e-05,5e-05
4270,0,0.0001,0.0,0.3957,0.0,7e-05,7e-05
4271,1,0.9807,1.0,0.92252,0.96,0.99928,1.0
4272,0,0.00034,0.0,0.5691,0.0,7e-05,7e-05
4273,0,0.0003,0.0,0.37775,0.0,3e-05,3e-05
4274,0,0.00011,0.0,0.41734,0.0,2e-05,2e-05
4275,0,0.00031,0.0,0.59013,0.01,0.00013,0.00013
4276,0,0.00017,0.0,0.35386,0.0,3e-05,3e-05
4277,0,0.00033,0.0,0.68736,0.0175,0.00019,0.00019
4278,0,8e-05,0.0,0.36883,0.0,2e-05,2e-05
4279,0,0.00144,0.0,0.87682,0.02,0.00153,0.00153
4280,1,0.92765,1.0,0.84722,0.955,0.9943,1.0
4281,0,0.00212,0.0,0.50117,0.0075,9e-05,9e-05
4282,0,6e-05,0.0,0.56125,0.0,2e-05,2e-05
4283,1,0.74365,1.0,0.89426,0.7625,0.99786,1.0
4284,1,0.80692,1.0,0.97826,0.6975,0.94602,1.0
4285,0,0.00018,0.0,0.64082,0.0,3e-05,3e-05
4286,1,0.4308,1.0,0.92523,0.6775,0.99858,1.0
4287,0,0.00146,0.0,0.81335,0.035,0.00056,0.00056
4288,0,0.00022,0.0,0.61006,0.0075,0.00017,0.00017
4289,0,0.00034,0.0,0.87499,0.07,0.00038,0.00038
4290,0,0.0005,0.0,0.51631,0.005,0.00014,0.00014
4291,0,0.00012,0.0,0.59366,0.0,9e-05,9e-05
4292,0,0.00152,0.0,0.89309,0.01,0.0004,0.0004
4293,1,0.01902,1.0,0.99725,0.385,0.04742,1.0
4294,0,0.27374,0.0,0.86364,0.385,0.01417,0.01417
4295,0,0.00615,0.0,0.49135,0.05,0.00104,0.00104
4296,0,0.03479,0.0,0.74437,0.37,0.05292,0.05292
4297,1,0.05928,1.0,1.0,0.61,0.20128,1.0
4298,0,0.01149,0.0,0.50083,0.17,0.00147,0.00147
4299,0,0.0003,0.0,0.05059,0.0125,0.00043,0.00043
4300,0,0.00039,0.0,0.31189,0.02,0.00021,0.00021
4301,0,2e-05,0.0,0.00883,0.0025,3e-05,3e-05
4302,0,0.00012,0.0,0.28569,0.025,9e-05,9e-05
4303,0,0.84765,0.0,0.95853,0.3075,0.00335,0.00335
4304,0,0.0008,0.0,0.22241,0.025,0.00046,0.00046
4305,0,3e-05,0.0,0.01018,0.0025,2e-05,2e-05
4306,0,0.00011,0.0,0.0081,0.0,4e-05,4e-05
4307,0,6e-05,0.0,0.0211,0.0025,4e-05,4e-05
4308,1,0.49358,1.0,0.98535,0.6925,0.9978,1.0
4309,0,0.01249,0.0,0.15062,0.015,7e-05,7e-05
4310,0,7e-05,0.0,0.03395,0.005,0.00015,0.00015
4311,0,6e-05,0.0,0.01824,0.0,1e-05,1e-05
4312,0,8e-05,0.0,0.05031,0.0025,1e-05,1e-05
4313,0,0.0004,0.0,0.22191,0.0125,3e-05,3e-05
4314,0,0.00012,0.0,0.13762,0.0025,3e-05,3e-05
4315,0,3e-05,0.0,0.01716,0.0,1e-05,1e-05
4316,0,5e-05,0.0,0.01257,0.0,5e-05,5e-05
4317,0,8e-05,0.0,0.03547,0.0,1e-05,1e-05
4318,0,0.00071,0.0,0.15266,0.0225,0.0006,0.0006
4319,0,9e-05,0.0,0.09043,0.0025,2e-05,2e-05
4320,0,0.00087,0.0,0.19155,0.07,0.004,0.004
4321,0,0.00114,0.0,0.26314,0.0225,6e-05,6e-05
4322,0,0.00012,0.0,0.03264,0.0,2e-05,2e-05
4323,0,0.00021,0.0,0.20035,0.02,7e-05,7e-05
4324,1,0.65847,1.0,0.66515,0.8875,0.9977,1.0
4325,0,0.00016,0.0,0.16947,0.0,1e-05,1e-05
4326,0,0.26481,0.0,0.81409,0.335,0.00909,0.00909
4327,1,0.14076,1.0,0.84264,0.835,0.99175,1.0
4328,0,5e-05,0.0,0.03682,0.01,3e-05,3e-05
4329,1,0.07207,1.0,0.63067,0.7525,0.99354,1.0
4330,0,9e-05,0.0,0.05358,0.0,3e-05,3e-05
4331,0,0.00017,0.0,0.14186,0.01,2e-05,2e-05
4332,0,0.00014,0.0,0.06003,0.005,4e-05,4e-05
4333,0,0.00015,0.0,0.1812,0.0025,7e-05,7e-05
4334,0,5e-05,0.0,0.09939,0.0025,5e-05,5e-05
4335,0,0.00025,0.0,0.30283,0.005,6e-05,6e-05
4336,0,0.00055,0.0,0.15723,0.0,5e-05,5e-05
4337,0,0.00137,0.0,0.63819,0.05,0.0012,0.0012
4338,0,0.00019,0.0,0.37394,0.0025,0.0003,0.0003
4339,0,0.00028,0.0,0.44699,0.005,2e-05,2e-05
4340,0,0.00014,0.0,0.37264,0.01,0.00014,0.00014
4341,0,0.00018,0.0,0.2245,0.0075,8e-05,8e-05
4342,0,0.00129,0.0,0.60572,0.05,0.00084,0.00084
4343,1,0.96001,1.0,0.99457,0.9525,0.99954,1.0
4344,0,7e-05,0.0,0.29957,0.0025,6e-05,6e-05
4345,0,0.00196,0.0,0.71286,0.045,0.00024,0.00024
4346,0,0.00015,0.0,0.23169,0.0,0.00014,0.00014
4347,0,0.00043,0.0,0.19824,0.0075,0.00017,0.00017
4348,0,0.00051,0.0,0.16349,0.0,3e-05,3e-05
4349,0,0.00046,0.0,0.53338,0.0125,4e-05,4e-05
4350,0,8e-05,0.0,0.26206,0.0025,3e-05,3e-05
4351,0,0.00051,0.0,0.27921,0.0025,5e-05,5e-05
4352,0,0.0002,0.0,0.6465,0.0075,0.00015,0.00015
4353,0,0.0002,0.0,0.63625,0.015,0.00019,0.00019
4354,1,0.81808,1.0,0.97787,0.51,0.16648,1.0
4355,0,0.54782,0.0,0.92196,0.2325,0.00713,0.00713
4356,1,0.85858,1.0,0.97627,0.7875,0.99786,1.0
4357,0,0.00042,0.0,0.3285,0.0,5e-05,5e-05
4358,0,0.00091,0.0,0.90072,0.0375,0.00043,0.00043
4359,0,0.0001,0.0,0.2477,0.0,5e-05,5e-05
4360,0,0.0001,0.0,0.42052,0.0025,5e-05,5e-05
4361,0,0.00024,0.0,0.46256,0.0,3e-05,3e-05
4362,1,0.98848,1.0,0.82862,0.9625,0.99823,1.0
4363,0,0.00084,0.0,0.80303,0.0225,0.00018,0.00018
4364,0,2e-05,0.0,0.4797,0.005,4e-05,4e-05
4365,0,9e-05,0.0,0.35989,0.0075,3e-05,3e-05
4366,0,0.00061,0.0,0.84005,0.0375,0.00047,0.00047
4367,0,0.0012,0.0,0.92901,0.0975,0.00074,0.00074
4368,0,0.00026,0.0,0.64076,0.0075,0.00021,0.00021
4369,0,0.00036,0.0,0.54304,0.0025,3e-05,3e-05
4370,0,0.0016,0.0,0.51912,0.005,0.00043,0.00043
4371,1,0.98944,1.0,0.98749,0.7975,0.99976,1.0
4372,0,0.00042,0.0,0.74251,0.035,8e-05,8e-05
4373,0,0.00849,0.0,0.77969,0.05,0.0024,0.0024
4374,0,0.01516,0.0,0.63901,0.0975,0.00395,0.00395
4375,0,0.0266,0.0,0.73487,0.1375,0.00575,0.00575
4376,0,0.07789,0.0,0.75674,0.1425,0.00222,0.00222
4377,0,0.00479,0.0,0.68604,0.02,0.00077,0.00077
4378,0,0.0118,0.0,0.8712,0.1525,0.00776,0.00776
4379,0,0.1944,0.0,0.90528,0.505,0.18822,0.18822
4380,0,0.16051,0.0,0.7471,0.32,0.05006,0.05006
4381,0,0.1766,0.0,0.9454,0.4275,0.16422,0.16422
4382,0,0.01893,0.0,0.9008,0.1275,0.03866,0.03866
4383,0,0.0185,0.0,0.84529,0.1425,0.0083,0.0083
4384,1,0.99809,1.0,0.99749,0.97,0.99988,1.0
4385,0,0.0191,0.0,0.90235,0.1075,0.00908,0.00908
4386,1,0.15921,0.0,0.90681,0.2675,0.04738,0.04738
4387,0,2e-05,0.0,0.01474,0.0025,4e-05,4e-05
4388,0,9e-05,0.0,0.05884,0.005,3e-05,3e-05
4389,0,4e-05,0.0,0.01209,0.0025,5e-05,5e-05
4390,1,0.97199,1.0,0.18398,0.815,0.99614,1.0
4391,0,0.00274,0.0,0.17547,0.1525,0.03712,0.03712
4392,1,0.92677,1.0,0.53438,0.945,0.99829,1.0
4393,0,0.00029,0.0,0.20253,0.005,6e-05,6e-05
4394,0,0.00012,0.0,0.01862,0.0025,3e-05,3e-05
4395,0,0.00113,0.0,0.29603,0.0325,0.00014,0.00014
4396,0,0.00024,0.0,0.08114,0.0,5e-05,5e-05
4397,0,0.00114,0.0,0.16596,0.2775,0.00051,0.00051
4398,0,0.00021,0.0,0.0771,0.005,7e-05,7e-05
4399,0,0.00015,0.0,0.04689,0.0025,0.00027,0.00027
4400,0,9e-05,0.0,0.02856,0.0025,8e-05,8e-05
4401,1,0.99868,1.0,0.6886,0.93,0.99908,1.0
4402,0,4e-05,0.0,0.13563,0.0,2e-05,2e-05
4403,0,7e-05,0.0,0.0247,0.0,4e-05,4e-05
4404,0,0.00177,0.0,0.62696,0.03,0.00027,0.00027
4405,0,0.00022,0.0,0.26356,0.01,0.00015,0.00015
4406,1,0.99577,1.0,0.50193,0.905,0.99775,1.0
4407,1,0.99824,1.0,0.95001,0.985,0.99959,1.0
4408,0,0.00379,0.0,0.80959,0.065,0.00049,0.00049
4409,0,9e-05,0.0,0.17734,0.0,0.00016,0.00016
4410,1,0.99408,1.0,0.84358,0.8925,0.9981,1.0
4411,0,0.00012,0.0,0.06996,0.0,1e-05,1e-05
4412,0,0.00012,0.0,0.0774,0.0,2e-05,2e-05
4413,0,0.00092,0.0,0.29422,0.0025,9e-05,9e-05
4414,0,0.00558,0.0,0.49854,0.065,0.00181,0.00181
4415,0,0.00025,0.0,0.17661,0.02,2e-05,2e-05
4416,0,0.00028,0.0,0.29781,0.0025,4e-05,4e-05
4417,0,0.00029,0.0,0.09594,0.0,7e-05,7e-05
4418,1,0.9919,1.0,0.99009,0.9725,0.99982,1.0
4419,0,8e-05,0.0,0.12726,0.0,1e-05,1e-05
4420,1,0.85948,1.0,0.99771,0.9225,0.85791,1.0
4421,0,0.00047,0.0,0.10599,0.015,0.00074,0.00074
4422,1,0.99836,1.0,0.98628,0.95,0.9987,1.0
4423,0,0.00216,0.0,0.60018,0.0275,0.01776,0.01776
4424,0,0.00052,0.0,0.18907,0.02,5e-05,5e-05
4425,0,0.00052,0.0,0.10964,0.0125,4e-05,4e-05
4426,0,0.00013,0.0,0.25583,0.0,7e-05,7e-05
4427,0,0.00083,0.0,0.37045,0.0,5e-05,5e-05
4428,1,0.97588,1.0,0.71399,0.8425,0.99653,1.0
4429,0,0.0001,0.0,0.29874,0.0,4e-05,4e-05
4430,0,8e-05,0.0,0.14079,0.0025,0.00018,0.00018
4431,0,0.00026,0.0,0.10497,0.0,5e-05,5e-05
4432,0,0.00399,0.0,0.77568,0.0625,0.00068,0.00068
4433,0,0.00056,0.0,0.6643,0.0075,0.00035,0.00035
4434,0,0.00084,0.0,0.48472,0.04,0.00039,0.00039
4435,0,0.00011,0.0,0.29625,0.0,0.00014,0.00014
4436,1,0.99323,1.0,0.9431,0.975,0.99857,1.0
4437,0,0.00015,0.0,0.28001,0.0,3e-05,3e-05
4438,0,0.0001,0.0,0.29106,0.0,6e-05,6e-05
4439,0,0.00457,0.0,0.87804,0.045,0.00321,0.00321
4440,0,0.00241,0.0,0.92099,0.1275,0.00257,0.00257
4441,0,0.00044,0.0,0.69919,0.0425,5e-05,5e-05
4442,1,0.99866,1.0,0.92802,0.9325,0.99902,1.0
4443,0,0.00031,0.0,0.42529,0.0,2e-05,2e-05
4444,0,0.02933,0.0,0.9452,0.1475,0.00089,0.00089
4445,0,0.00104,0.0,0.94797,0.0225,0.00036,0.00036
4446,0,0.00033,0.0,0.41295,0.0,2e-05,2e-05
4447,0,0.00023,0.0,0.47864,0.0,2e-05,2e-05
4448,0,7e-05,0.0,0.55675,0.015,0.00038,0.00038
4449,1,0.99437,1.0,0.91608,0.985,0.99805,1.0
4450,1,0.9855,1.0,0.91851,0.8275,0.99175,1.0
4451,0,0.00092,0.0,0.55208,0.0,2e-05,2e-05
4452,0,0.00038,0.0,0.61483,0.0075,1e-05,1e-05
4453,0,0.00019,0.0,0.58051,0.0175,0.00015,0.00015
4454,0,0.0195,0.0,0.94787,0.1125,0.00206,0.00206
4455,0,0.00175,0.0,0.90023,0.055,0.00014,0.00014
4456,0,0.00035,0.0,0.35377,0.03,0.00033,0.00033
4457,0,0.00031,0.0,0.8006,0.0125,0.00011,0.00011
4458,0,0.00047,0.0,0.49682,0.015,0.00076,0.00076
4459,0,0.00394,0.0,0.83729,0.0375,0.00102,0.00102
4460,0,0.00046,0.0,0.65379,0.0,0.00016,0.00016
4461,0,8e-05,0.0,0.59225,0.0,3e-05,3e-05
4462,0,0.00085,0.0,0.63338,0.015,4e-05,4e-05
4463,1,0.99947,1.0,0.99891,0.955,0.99998,1.0
4464,0,0.00033,0.0,0.89299,0.0025,7e-05,7e-05
4465,0,0.00059,0.0,0.67133,0.01,0.00041,0.00041
4466,0,0.00755,0.0,0.86066,0.1125,0.00091,0.00091
4467,0,0.02526,0.0,0.82031,0.27,0.06472,0.06472
4468,0,0.01567,0.0,0.69192,0.115,0.00386,0.00386
4469,0,0.08638,0.0,0.71269,0.0775,0.00232,0.00232
4470,1,0.01527,0.0,0.84638,0.025,0.00083,0.00083
4471,0,0.00082,0.0,0.01815,0.0,3e-05,3e-05
4472,0,0.00021,0.0,0.01283,0.06,0.00022,0.00022
4473,0,0.0003,0.0,0.24994,0.0075,7e-05,7e-05
4474,0,0.00048,0.0,0.02842,0.0375,7e-05,7e-05
4475,0,0.00056,0.0,0.02881,0.005,7e-05,7e-05
4476,1,0.99285,1.0,0.14312,0.745,0.99544,1.0
4477,0,0.00119,0.0,0.57193,0.025,0.00019,0.00019
4478,0,0.00028,0.0,0.02823,0.0075,0.00021,0.00021
4479,0,0.00016,0.0,0.1191,0.0025,4e-05,4e-05
4480,0,0.00021,0.0,0.03723,0.0075,0.00011,0.00011
4481,1,0.99741,1.0,0.80375,0.95,0.99878,1.0
4482,0,0.00048,0.0,0.03105,0.0,4e-05,4e-05
4483,0,7e-05,0.0,0.04675,0.0075,1e-05,1e-05
4484,0,9e-05,0.0,0.17829,0.0125,5e-05,5e-05
4485,0,0.0001,0.0,0.16016,0.0025,3e-05,3e-05
4486,0,0.00021,0.0,0.0652,0.0,0.00014,0.00014
4487,0,7e-05,0.0,0.06276,0.005,4e-05,4e-05
4488,0,0.00042,0.0,0.08444,0.0,4e-05,4e-05
4489,0,0.00028,0.0,0.06426,0.0,4e-05,4e-05
4490,0,6e-05,0.0,0.14453,0.0,2e-05,2e-05
4491,0,0.00014,0.0,0.0951,0.0,0.00016,0.00016
4492,0,0.00135,0.0,0.5705,0.05,0.00017,0.00017
4493,0,0.00727,0.0,0.73248,0.0525,0.00134,0.00134
4494,0,0.00028,0.0,0.12,0.0225,3e-05,3e-05
4495,0,7e-05,0.0,0.04764,0.0,2e-05,2e-05
4496,1,0.99463,1.0,0.91491,0.9675,0.99908,1.0
4497,0,6e-05,0.0,0.06993,0.0,2e-05,2e-05
4498,0,0.00013,0.0,0.139,0.0,2e-05,2e-05
4499,0,0.00013,0.0,0.07223,0.0,1e-05,1e-05
4500,0,0.00025,0.0,0.04979,0.0,3e-05,3e-05
4501,0,0.00045,0.0,0.12881,0.0,5e-05,5e-05
4502,1,0.99621,1.0,0.92919,0.9875,0.99902,1.0
4503,0,0.00016,0.0,0.09132,0.0,3e-05,3e-05
4504,0,0.00035,0.0,0.08272,0.01,2e-05,2e-05
4505,0,0.0001,0.0,0.14073,0.0025,2e-05,2e-05
4506,0,0.00164,0.0,0.6331,0.0175,0.00047,0.00047
4507,0,9e-05,0.0,0.16847,0.0075,0.00052,0.00052
4508,0,0.00014,0.0,0.17864,0.005,3e-05,3e-05
4509,0,0.00106,0.0,0.66905,0.0275,0.00018,0.00018
4510,0,0.00071,0.0,0.52872,0.0025,4e-05,4e-05
4511,1,0.99818,1.0,0.98,0.9325,0.99914,1.0
4512,0,0.00025,0.0,0.50996,0.0025,7e-05,7e-05
4513,0,0.00107,0.0,0.66265,0.03,0.00149,0.00149
4514,0,0.00023,0.0,0.29418,0.0,6e-05,6e-05
4515,0,0.00018,0.0,0.2673,0.0,6e-05,6e-05
4516,0,0.00354,0.0,0.72258,0.0275,0.00026,0.00026
4517,0,7e-05,0.0,0.32986,0.0,2e-05,2e-05
4518,0,0.00019,0.0,0.20589,0.0025,6e-05,6e-05
4519,0,0.00063,0.0,0.57201,0.0,2e-05,2e-05
4520,0,0.00031,0.0,0.20784,0.0,5e-05,5e-05
4521,0,0.00131,0.0,0.69438,0.0025,0.0001,0.0001
4522,0,0.00029,0.0,0.33908,0.0,3e-05,3e-05
4523,0,0.00018,0.0,0.31325,0.0,4e-05,4e-05
4524,0,0.00033,0.0,0.66189,0.005,0.00016,0.00016
4525,0,0.00021,0.0,0.30985,0.0,5e-05,5e-05
4526,0,0.00011,0.0,0.4654,0.0,0.00031,0.00031
4527,0,0.00123,0.0,0.41861,0.0025,1e-05,1e-05
4528,1,0.98566,1.0,0.70177,0.96,0.99587,1.0
4529,0,0.00037,0.0,0.4878,0.0,3e-05,3e-05
4530,0,0.0001,0.0,0.24879,0.0,4e-05,4e-05
4531,0,9e-05,0.0,0.57831,0.0,0.0001,0.0001
4532,0,0.00022,0.0,0.56846,0.0,4e-05,4e-05
4533,0,0.00219,0.0,0.51851,0.02,0.00078,0.00078
4534,1,0.9942,1.0,0.91142,0.9225,0.9964,1.0
4535,0,0.00014,0.0,0.36552,0.0175,2e-05,2e-05
4536,0,0.00027,0.0,0.54451,0.0,6e-05,6e-05
4537,1,0.99565,1.0,0.86364,0.9375,0.99737,1.0
4538,0,0.00032,0.0,0.51589,0.0,3e-05,3e-05
4539,0,0.00017,0.0,0.69085,0.0025,0.00011,0.00011
4540,0,0.0001,0.0,0.49984,0.0,2e-05,2e-05
4541,0,4e-05,0.0,0.42373,0.0,3e-05,3e-05
4542,0,0.00239,0.0,0.84612,0.02,0.00039,0.00039
4543,0,0.00011,0.0,0.44704,0.0,2e-05,2e-05
4544,0,0.00033,0.0,0.56798,0.01,0.00012,0.00012
4545,1,0.96068,1.0,0.97033,0.6775,0.99493,1.0
4546,0,0.00037,0.0,0.78547,0.0,5e-05,5e-05
4547,0,0.0003,0.0,0.75481,0.035,0.00326,0.00326
4548,0,0.00794,0.0,0.9144,0.2625,0.0011,0.0011
4549,0,0.00164,0.0,0.70525,0.0125,0.00017,0.00017
4550,0,0.00043,0.0,0.67189,0.0075,0.0002,0.0002
4551,0,0.00115,0.0,0.64457,0.015,0.00047,0.00047
4552,0,0.0024,0.0,0.60842,0.04,0.00048,0.00048
4553,0,0.00461,0.0,0.82492,0.0825,0.00113,0.00113
4554,0,0.00042,0.0,0.14765,0.005,0.00018,0.00018
4555,0,0.00011,0.0,0.01261,0.0,5e-05,5e-05
4556,0,0.00017,0.0,0.01324,0.0,1e-05,1e-05
4557,1,0.99733,1.0,0.47659,0.945,0.99909,1.0
4558,0,9e-05,0.0,0.01522,0.0,4e-05,4e-05
4559,1,0.99176,1.0,0.35869,0.97,0.9985,1.0
4560,0,0.00047,0.0,0.15284,0.0075,0.00011,0.00011
4561,0,0.0001,0.0,0.06427,0.005,9e-05,9e-05
4562,0,5e-05,0.0,0.02931,0.0025,1e-05,1e-05
4563,0,0.00431,0.0,0.79541,0.1275,0.00187,0.00187
4564,0,0.00018,0.0,0.05779,0.01,0.0002,0.0002
4565,0,8e-05,0.0,0.0644,0.0025,4e-05,4e-05
4566,1,0.95988,1.0,0.86538,0.985,0.9992,1.0
4567,0,0.00215,0.0,0.52487,0.0175,0.00022,0.00022
4568,0,0.00041,0.0,0.15742,0.0075,0.00032,0.00032
4569,0,8e-05,0.0,0.03516,0.005,0.00012,0.00012
4570,0,6e-05,0.0,0.03957,0.0,4e-05,4e-05
4571,1,0.98985,1.0,0.77525,0.98,0.99881,1.0
4572,0,0.00028,0.0,0.03988,0.005,4e-05,4e-05
4573,0,3e-05,0.0,0.03934,0.0,3e-05,3e-05
4574,0,0.00016,0.0,0.14253,0.0,3e-05,3e-05
4575,0,0.00051,0.0,0.13292,0.0225,0.00083,0.00083
4576,0,0.00027,0.0,0.39162,0.0225,0.00015,0.00015
4577,0,0.00013,0.0,0.06069,0.0,3e-05,3e-05
4578,0,6e-05,0.0,0.05028,0.0,1e-05,1e-05
4579,0,4e-05,0.0,0.05801,0.0,2e-05,2e-05
4580,1,0.98966,1.0,0.56281,0.9925,0.99941,1.0
4581,0,6e-05,0.0,0.10308,0.0,2e-05,2e-05
4582,0,5e-05,0.0,0.06521,0.0,1e-05,1e-05
4583,0,3e-05,0.0,0.07615,0.0,1e-05,1e-05
4584,0,0.00013,0.0,0.09434,0.0,7e-05,7e-05
4585,0,7e-05,0.0,0.06352,0.0,2e-05,2e-05
4586,0,4e-05,0.0,0.07827,0.0,2e-05,2e-05
4587,0,0.00839,0.0,0.58334,0.0575,0.00024,0.00024
4588,0,9e-05,0.0,0.07015,0.0,3e-05,3e-05
4589,0,7e-05,0.0,0.14545,0.0,1e-05,1e-05
4590,0,0.0001,0.0,0.07609,0.0,2e-05,2e-05
4591,0,0.00021,0.0,0.13428,0.0,5e-05,5e-05
4592,0,0.00016,0.0,0.39323,0.0,0.00017,0.00017
4593,0,4e-05,0.0,0.12247,0.0,1e-05,1e-05
4594,0,0.00118,0.0,0.39223,0.0575,0.00047,0.00047
4595,0,0.00099,0.0,0.32262,0.1025,0.00202,0.00202
4596,0,0.0002,0.0,0.35823,0.0375,0.00015,0.00015
4597,1,0.9918,1.0,0.70154,0.98,0.99768,1.0
4598,0,5e-05,0.0,0.29745,0.0,3e-05,3e-05
4599,0,0.00506,0.0,0.7503,0.04,0.00086,0.00086
4600,0,0.00683,0.0,0.86888,0.0725,0.00022,0.00022
4601,1,0.99367,1.0,0.63865,0.9,0.99699,1.0
4602,1,0.99208,1.0,0.86114,0.9525,0.99875,1.0
4603,0,0.00035,0.0,0.41471,0.0125,9e-05,9e-05
4604,0,0.20447,0.0,0.86073,0.19,0.01015,0.01015
4605,0,8e-05,0.0,0.27933,0.0,4e-05,4e-05
4606,0,0.00023,0.0,0.60307,0.02,4e-05,4e-05
4607,0,0.00029,0.0,0.52214,0.01,0.00016,0.00016
4608,0,4e-05,0.0,0.53667,0.0,0.00012,0.00012
4609,0,0.00014,0.0,0.30969,0.0,0.00034,0.00034
4610,0,0.00046,0.0,0.61358,0.035,6e-05,6e-05
4611,0,0.00454,0.0,0.73418,0.095,0.00174,0.00174
4612,1,0.98191,1.0,0.9378,0.9175,0.9988,1.0
4613,0,0.00017,0.0,0.91662,0.0025,0.00046,0.00046
4614,0,0.00428,0.0,0.91284,0.165,0.00055,0.00055
4615,0,4e-05,0.0,0.32014,0.0,2e-05,2e-05
4616,0,4e-05,0.0,0.33337,0.0,2e-05,2e-05
4617,0,7e-05,0.0,0.45507,0.0025,8e-05,8e-05
4618,0,0.00034,0.0,0.40274,0.0,0.00024,0.00024
4619,1,0.98383,1.0,0.93024,0.975,0.99938,1.0
4620,0,7e-05,0.0,0.73222,0.0,0.00014,0.00014
4621,1,0.97966,1.0,0.94806,0.92,0.99489,1.0
4622,1,0.98313,1.0,0.93243,0.9175,0.99467,1.0
4623,0,0.00036,0.0,0.44484,0.005,0.00012,0.00012
4624,0,0.00014,0.0,0.65935,0.0,0.00029,0.00029
4625,0,0.00032,0.0,0.56362,0.005,0.00013,0.00013
4626,0,0.00017,0.0,0.72341,0.0075,8e-05,8e-05
4627,0,0.00016,0.0,0.52285,0.0,0.00015,0.00015
4628,0,0.00016,0.0,0.54811,0.0025,0.00011,0.00011
4629,0,5e-05,0.0,0.47071,0.0,5e-05,5e-05
4630,0,5e-05,0.0,0.59074,0.0,4e-05,4e-05
4631,0,6e-05,0.0,0.53691,0.0,2e-05,2e-05
4632,0,0.00262,0.0,0.8665,0.355,0.04275,0.04275
4633,1,0.33304,1.0,0.94578,0.6475,0.9964,1.0
4634,0,0.01085,0.0,0.93759,0.4075,0.00035,0.00035
4635,0,0.00535,0.0,0.6458,0.07,0.00064,0.00064
4636,0,0.00378,0.0,0.52094,0.0775,0.00179,0.00179
4637,0,0.00254,0.0,0.79998,0.105,0.00118,0.00118
4638,0,0.0004,0.0,0.72159,0.02,0.00332,0.00332
4639,0,0.00495,0.0,0.69345,0.135,0.00844,0.00844
4640,0,0.01176,0.0,0.67267,0.1275,0.0038,0.0038
4641,0,0.00764,0.0,0.83259,0.095,0.00121,0.00121
4642,0,0.00082,0.0,0.76675,0.0975,0.00647,0.00647
4643,1,0.98448,1.0,0.99113,0.8675,0.99995,1.0
4644,1,0.99837,1.0,0.98142,0.9575,0.99997,1.0
4645,0,0.04471,0.0,0.82382,0.1325,0.08946,0.08946
4646,0,0.1425,0.0,0.74443,0.27,0.01927,0.01927
4647,1,0.46207,0.0,0.88266,0.3675,0.04694,0.04694
4648,0,6e-05,0.0,0.01987,0.0,6e-05,6e-05
4649,0,0.00025,0.0,0.0171,0.0,1e-05,1e-05
4650,0,0.29415,0.0,0.75927,0.145,0.00303,0.00303
4651,0,0.00027,0.0,0.0138,0.0,0.00019,0.00019
4652,1,0.98729,1.0,0.55418,0.9675,0.99578,1.0
4653,0,0.0012,0.0,0.50116,0.03,0.00063,0.00063
4654,0,5e-05,0.0,0.02258,0.0075,5e-05,5e-05
4655,0,0.00036,0.0,0.16491,0.035,0.00072,0.00072
4656,0,6e-05,0.0,0.02601,0.0,1e-05,1e-05
4657,0,5e-05,0.0,0.02486,0.0,1e-05,1e-05
4658,0,3e-05,0.0,0.02752,0.0,3e-05,3e-05
4659,0,4e-05,0.0,0.03397,0.0,4e-05,4e-05
4660,0,0.00078,0.0,0.13292,0.0125,6e-05,6e-05
4661,0,0.00301,0.0,0.19986,0.015,0.0003,0.0003
4662,1,0.99407,1.0,0.52511,0.97,0.99887,1.0
4663,0,3e-05,0.0,0.0292,0.0,3e-05,3e-05
4664,0,0.00244,0.0,0.73184,0.0775,0.00026,0.00026
4665,0,8e-05,0.0,0.11387,0.0075,3e-05,3e-05
4666,1,0.98885,1.0,0.82697,0.9775,0.9974,1.0
4667,0,0.00013,0.0,0.04831,0.0,3e-05,3e-05
4668,0,5e-05,0.0,0.02247,0.0025,2e-05,2e-05
4669,0,3e-05,0.0,0.03397,0.0,2e-05,2e-05
4670,1,0.98517,1.0,0.39219,0.97,0.99844,1.0
4671,0,6e-05,0.0,0.07741,0.0,2e-05,2e-05
4672,0,0.00036,0.0,0.21817,0.0,0.0001,0.0001
4673,0,0.01064,0.0,0.81872,0.08,0.00143,0.00143
4674,0,4e-05,0.0,0.12365,0.0,1e-05,1e-05
4675,0,0.00717,0.0,0.39704,0.1425,0.00075,0.00075
4676,0,4e-05,0.0,0.05223,0.0,1e-05,1e-05
4677,0,4e-05,0.0,0.10019,0.0,4e-05,4e-05
4678,0,0.00156,0.0,0.3175,0.02,0.00031,0.00031
4679,0,0.00036,0.0,0.18897,0.025,0.0001,0.0001
4680,0,0.00035,0.0,0.08693,0.0,1e-05,1e-05
4681,0,0.00016,0.0,0.23873,0.0,1e-05,1e-05
4682,0,0.00192,0.0,0.08838,0.0375,0.00054,0.00054
4683,0,0.00108,0.0,0.10478,0.0025,0.00016,0.00016
4684,0,0.00047,0.0,0.11378,0.0125,0.00026,0.00026
4685,1,0.00147,0.0,0.39608,0.0075,0.0001,0.0001
4686,0,0.0003,0.0,0.08746,0.035,0.00047,0.00047
4687,0,0.0004,0.0,0.12266,0.0,0.0001,0.0001
4688,0,7e-05,0.0,0.71351,0.0,9e-05,9e-05
4689,0,0.0003,0.0,0.26561,0.005,0.00031,0.00031
4690,0,7e-05,0.0,0.17219,0.0,8e-05,8e-05
4691,0,0.00016,0.0,0.3461,0.0175,0.00042,0.00042
4692,0,0.00013,0.0,0.22538,0.005,4e-05,4e-05
4693,0,0.00017,0.0,0.13363,0.0,9e-05,9e-05
4694,0,0.00014,0.0,0.17998,0.0,9e-05,9e-05
4695,0,0.00345,0.0,0.78829,0.025,0.00042,0.00042
4696,0,0.00029,0.0,0.24598,0.0075,0.00032,0.00032
4697,0,0.00017,0.0,0.51135,0.0125,4e-05,4e-05
4698,0,6e-05,0.0,0.20315,0.0,2e-05,2e-05
4699,0,9e-05,0.0,0.44532,0.0025,4e-05,4e-05
4700,0,0.00295,0.0,0.69023,0.0625,0.00165,0.00165
4701,0,6e-05,0.0,0.27341,0.0,2e-05,2e-05
4702,0,0.00012,0.0,0.17032,0.0025,2e-05,2e-05
4703,1,0.61982,1.0,0.99872,0.705,0.98951,1.0
4704,0,0.01125,0.0,0.52953,0.205,0.02315,0.02315
4705,0,0.00111,0.0,0.35135,0.0225,0.00068,0.00068
4706,0,0.00014,0.0,0.34704,0.0,2e-05,2e-05
4707,0,8e-05,0.0,0.63631,0.0,2e-05,2e-05
4708,0,4e-05,0.0,0.5923,0.0025,6e-05,6e-05
4709,0,4e-05,0.0,0.40435,0.0,2e-05,2e-05
4710,0,0.0008,0.0,0.74849,0.02,0.00034,0.00034
4711,0,8e-05,0.0,0.37787,0.0,1e-05,1e-05
4712,0,0.00026,0.0,0.53097,0.0375,0.0001,0.0001
4713,0,0.00027,0.0,0.4366,0.0,0.00025,0.00025
4714,0,0.00209,0.0,0.7545,0.0525,0.00079,0.00079
4715,0,1e-05,0.0,0.34043,0.005,4e-05,4e-05
4716,0,0.00018,0.0,0.67848,0.0075,6e-05,6e-05
4717,0,0.00012,0.0,0.51184,0.0,8e-05,8e-05
4718,0,0.00199,0.0,0.75819,0.09,0.00048,0.00048
4719,1,0.99486,1.0,0.97502,0.8125,0.99753,1.0
4720,0,8e-05,0.0,0.40303,0.0,0.00011,0.00011
4721,1,0.91637,1.0,0.81805,0.7025,0.99279,1.0
4722,0,3e-05,0.0,0.79827,0.005,6e-05,6e-05
4723,0,0.00899,0.0,0.75678,0.0725,0.00316,0.00316
4724,1,0.9626,1.0,0.93657,0.6725,0.9957,1.0
4725,0,0.00034,0.0,0.58776,0.0075,0.00011,0.00011
4726,0,0.00196,0.0,0.62587,0.035,0.00043,0.00043
4727,0,0.02252,0.0,0.94946,0.1725,0.08445,0.08445
4728,1,0.95389,1.0,0.89322,0.8475,0.99474,1.0
4729,0,0.33694,0.0,0.90067,0.5225,0.15189,0.15189
4730,1,0.99959,1.0,0.99169,0.9875,0.99991,1.0
4731,0,0.05888,0.0,0.70005,0.32,0.23038,0.23038
4732,1,0.95387,1.0,0.92814,0.785,0.98225,1.0
4733,0,0.03095,0.0,0.67885,0.21,0.02178,0.02178
4734,0,0.18877,0.0,0.818,0.235,0.01324,0.01324
4735,0,0.00852,0.0,0.77927,0.22,0.0105,0.0105
4736,0,0.00615,0.0,0.82131,0.065,0.00546,0.00546
4737,0,0.00015,0.0,0.02932,0.0025,9e-05,9e-05
4738,1,0.96745,1.0,0.80538,0.69,0.99786,1.0
4739,0,0.00058,0.0,0.04523,0.0025,0.00147,0.00147
4740,1,0.97849,1.0,0.68976,0.94,0.99787,1.0
4741,0,3e-05,0.0,0.03068,0.005,1e-05,1e-05
4742,0,0.00229,0.0,0.57582,0.0575,0.00063,0.00063
4743,0,4e-05,0.0,0.03166,0.0025,1e-05,1e-05
4744,0,0.00173,0.0,0.55821,0.035,0.00191,0.00191
4745,0,0.00106,0.0,0.35446,0.075,0.00154,0.00154
4746,0,0.00021,0.0,0.07187,0.0075,5e-05,5e-05
4747,0,0.0011,0.0,0.25824,0.065,0.00049,0.00049
4748,0,3e-05,0.0,0.02047,0.0,2e-05,2e-05
4749,1,0.99223,1.0,0.40878,0.965,0.99918,1.0
4750,0,0.00083,0.0,0.52955,0.04,0.00011,0.00011
4751,0,8e-05,0.0,0.02528,0.0,4e-05,4e-05
4752,0,0.00032,0.0,0.06431,0.0025,0.00019,0.00019
4753,0,3e-05,0.0,0.06075,0.0025,1e-05,1e-05
4754,0,6e-05,0.0,0.02703,0.0,3e-05,3e-05
4755,0,0.00767,0.0,0.69026,0.3725,0.00249,0.00249
4756,1,0.97838,1.0,0.7889,0.98,0.9987,1.0
4757,0,3e-05,0.0,0.053,0.0,0.00047,0.00047
4758,0,0.00016,0.0,0.18264,0.01,4e-05,4e-05
4759,0,0.00038,0.0,0.40945,0.015,1e-05,1e-05
4760,1,0.99467,1.0,0.52962,0.9425,0.99827,1.0
4761,0,0.00101,0.0,0.11731,0.0125,8e-05,8e-05
4762,1,0.9335,1.0,0.74052,0.785,0.9982,1.0
4763,1,0.87471,1.0,0.99206,0.9375,0.82297,1.0
4764,0,0.00157,0.0,0.37899,0.0475,0.00121,0.00121
4765,0,0.01148,0.0,0.45658,0.0425,0.00073,0.00073
4766,0,0.00039,0.0,0.10769,0.0,7e-05,7e-05
4767,0,0.00017,0.0,0.06866,0.02,0.00027,0.00027
4768,0,0.0034,0.0,0.56846,0.0625,0.00276,0.00276
4769,1,0.94428,1.0,0.87701,0.95,0.99907,1.0
4770,0,0.00079,0.0,0.08189,0.0125,0.00027,0.00027
4771,1,0.96406,1.0,0.72317,0.95,0.99609,1.0
4772,0,0.00028,0.0,0.09906,0.0175,0.00027,0.00027
4773,0,0.00505,0.0,0.14664,0.0425,0.00128,0.00128
4774,0,0.01162,0.0,0.70928,0.09,0.00183,0.00183
4775,0,0.00029,0.0,0.12743,0.005,7e-05,7e-05
4776,0,0.00018,0.0,0.11211,0.0075,6e-05,6e-05
4777,0,0.00011,0.0,0.18095,0.0,1e-05,1e-05
4778,0,0.00013,0.0,0.098,0.0,2e-05,2e-05
4779,1,0.04402,1.0,0.82329,0.5075,0.99749,1.0
4780,0,7e-05,0.0,0.22438,0.0225,4e-05,4e-05
4781,0,0.00098,0.0,0.5731,0.0025,6e-05,6e-05
4782,0,0.00086,0.0,0.60404,0.0925,0.00026,0.00026
4783,0,0.00542,0.0,0.84867,0.06,0.0019,0.0019
4784,0,7e-05,0.0,0.14346,0.0,5e-05,5e-05
4785,0,3e-05,0.0,0.13757,0.0,3e-05,3e-05
4786,0,0.00014,0.0,0.61499,0.0,5e-05,5e-05
4787,0,2e-05,0.0,0.2664,0.0,2e-05,2e-05
4788,0,0.00126,0.0,0.55408,0.01,6e-05,6e-05
4789,0,0.0002,0.0,0.13227,0.0,6e-05,6e-05
4790,0,0.00036,0.0,0.19327,0.0,2e-05,2e-05
4791,0,0.00012,0.0,0.38934,0.0,4e-05,4e-05
4792,0,0.00029,0.0,0.55103,0.0025,0.00014,0.00014
4793,0,3e-05,0.0,0.18072,0.0,1e-05,1e-05
4794,0,2e-05,0.0,0.28409,0.0,2e-05,2e-05
4795,0,5e-05,0.0,0.24748,0.0,0.00013,0.00013
4796,0,0.00029,0.0,0.75012,0.0025,8e-05,8e-05
4797,0,0.00029,0.0,0.73015,0.01,0.00011,0.00011
4798,0,0.00025,0.0,0.71612,0.005,0.00018,0.00018
4799,0,0.00046,0.0,0.6307,0.0,5e-05,5e-05
4800,0,0.00028,0.0,0.58921,0.0025,0.00015,0.00015
4801,0,0.00059,0.0,0.81342,0.005,8e-05,8e-05
4802,0,3e-05,0.0,0.33825,0.0,2e-05,2e-05
4803,0,0.00152,0.0,0.92999,0.035,0.00025,0.00025
4804,0,2e-05,0.0,0.34961,0.0025,4e-05,4e-05
4805,0,8e-05,0.0,0.46063,0.0,5e-05,5e-05
4806,0,0.0001,0.0,0.39416,0.0,2e-05,2e-05
4807,0,0.02969,0.0,0.89952,0.135,0.00261,0.00261
4808,0,0.00059,0.0,0.49804,0.0025,0.00027,0.00027
4809,0,0.00023,0.0,0.83043,0.015,9e-05,9e-05
4810,0,8e-05,0.0,0.38527,0.0,4e-05,4e-05
4811,0,0.00044,0.0,0.55478,0.0,0.00021,0.00021
4812,0,0.00152,0.0,0.51282,0.025,0.00023,0.00023
4813,0,0.04321,0.0,0.65386,0.1825,0.0042,0.0042
4814,0,0.01267,0.0,0.58518,0.105,0.00486,0.00486
4815,1,0.92119,1.0,0.93517,0.71,0.98493,1.0
4816,0,0.09808,0.0,0.45291,0.215,0.0229,0.0229
4817,1,0.00541,0.0,0.65319,0.12,0.00084,0.00084
4818,0,0.00032,0.0,0.00977,0.0125,4e-05,4e-05
4819,0,0.00065,0.0,0.00848,0.0025,0.00028,0.00028
4820,0,0.00012,0.0,0.0082,0.0025,5e-05,5e-05
4821,0,0.00048,0.0,0.01079,0.0225,9e-05,9e-05
4822,0,0.01295,0.0,0.18286,0.07,0.00485,0.00485
4823,0,0.00022,0.0,0.03883,0.015,6e-05,6e-05
4824,0,0.00031,0.0,0.04357,0.0275,9e-05,9e-05
4825,0,0.00058,0.0,0.11021,0.015,0.00021,0.00021
4826,0,6e-05,0.0,0.01396,0.0,5e-05,5e-05
4827,0,0.00839,0.0,0.33543,0.0325,0.0012,0.0012
4828,0,0.09519,0.0,0.7021,0.095,0.00499,0.00499
4829,0,0.00028,0.0,0.05577,0.0225,0.00016,0.00016
4830,0,0.00017,0.0,0.04451,0.0,6e-05,6e-05
4831,0,0.00015,0.0,0.01932,0.0225,5e-05,5e-05
4832,1,0.88216,1.0,0.69894,0.915,0.9977,1.0
4833,0,0.00181,0.0,0.18934,0.04,0.00037,0.00037
4834,1,0.26278,1.0,0.13422,0.6875,0.97894,1.0
4835,0,0.00029,0.0,0.07489,0.0225,2e-05,2e-05
4836,0,0.01956,0.0,0.40713,0.1025,0.00793,0.00793
4837,1,0.82005,1.0,0.96259,0.9325,0.99752,1.0
4838,0,4e-05,0.0,0.01401,0.0025,5e-05,5e-05
4839,0,5e-05,0.0,0.02091,0.0,4e-05,4e-05
4840,0,0.00229,0.0,0.45053,0.0325,0.00028,0.00028
4841,1,0.96395,1.0,0.98386,0.9125,0.99708,1.0
4842,0,0.00125,0.0,0.20265,0.075,0.00036,0.00036
4843,0,0.00036,0.0,0.25745,0.0075,3e-05,3e-05
4844,0,7e-05,0.0,0.05525,0.0025,8e-05,8e-05
4845,1,0.9947,1.0,0.68145,0.975,0.99876,1.0
4846,0,0.0001,0.0,0.04514,0.0,2e-05,2e-05
4847,0,0.00014,0.0,0.04784,0.0075,5e-05,5e-05
4848,0,0.00173,0.0,0.35448,0.0275,0.00022,0.00022
4849,0,0.03683,0.0,0.59803,0.1125,0.00187,0.00187
4850,0,0.00051,0.0,0.19869,0.0275,7e-05,7e-05
4851,0,0.01947,0.0,0.76405,0.11,0.00051,0.00051
4852,1,0.44402,1.0,0.77365,0.735,0.99896,1.0
4853,0,0.00015,0.0,0.1245,0.0,4e-05,4e-05
4854,0,0.00086,0.0,0.10216,0.0125,0.00026,0.00026
4855,0,0.0003,0.0,0.1078,0.0025,7e-05,7e-05
4856,0,0.00075,0.0,0.55048,0.51,0.00261,0.00261
4857,0,2e-05,0.0,0.06172,0.0,1e-05,1e-05
4858,0,5e-05,0.0,0.13366,0.0,6e-05,6e-05
4859,0,0.0047,0.0,0.7879,0.5425,0.00022,0.00022
4860,0,5e-05,0.0,0.20904,0.0,1e-05,1e-05
4861,0,9e-05,0.0,0.34627,0.005,6e-05,6e-05
4862,0,7e-05,0.0,0.20641,0.0,1e-05,1e-05
4863,0,0.43796,0.0,0.92172,0.795,0.00047,0.00047
4864,0,6e-05,0.0,0.1686,0.0,1e-05,1e-05
4865,0,0.00033,0.0,0.40966,0.005,3e-05,3e-05
4866,0,5e-05,0.0,0.121,0.0025,3e-05,3e-05
4867,0,2e-05,0.0,0.13974,0.0,6e-05,6e-05
4868,0,0.00189,0.0,0.88704,0.06,0.00039,0.00039
4869,0,0.00095,0.0,0.56177,0.02,0.00012,0.00012
4870,0,7e-05,0.0,0.13534,0.0,2e-05,2e-05
4871,0,9e-05,0.0,0.10018,0.0,2e-05,2e-05
4872,0,0.00011,0.0,0.32052,0.0,2e-05,2e-05
4873,0,0.01136,0.0,0.97161,0.2025,0.00257,0.00257
4874,0,0.00016,0.0,0.26037,0.0,3e-05,3e-05
4875,0,3e-05,0.0,0.20126,0.0,2e-05,2e-05
4876,0,3e-05,0.0,0.18185,0.0,5e-05,5e-05
4877,0,0.00031,0.0,0.22937,0.0,2e-05,2e-05
4878,0,0.00015,0.0,0.19413,0.0,2e-05,2e-05
4879,0,0.00259,0.0,0.87264,0.0675,0.00019,0.00019
4880,0,0.0002,0.0,0.18757,0.0,6e-05,6e-05
4881,0,6e-05,0.0,0.39809,0.0,9e-05,9e-05
4882,0,0.00048,0.0,0.63971,0.0025,4e-05,4e-05
4883,0,9e-05,0.0,0.6164,0.0,5e-05,5e-05
4884,0,5e-05,0.0,0.20098,0.0,4e-05,4e-05
4885,0,2e-05,0.0,0.20088,0.0075,2e-05,2e-05
4886,0,2e-05,0.0,0.26558,0.0025,2e-05,2e-05
4887,0,0.00331,0.0,0.80647,0.0625,0.00029,0.00029
4888,0,0.00012,0.0,0.42638,0.0,6e-05,6e-05
4889,0,4e-05,0.0,0.49171,0.0,2e-05,2e-05
4890,0,3e-05,0.0,0.46654,0.0,3e-05,3e-05
4891,0,8e-05,0.0,0.58537,0.0025,4e-05,4e-05
4892,0,5e-05,0.0,0.43176,0.015,0.00015,0.00015
4893,0,2e-05,0.0,0.71202,0.0025,0.00045,0.00045
4894,0,0.00041,0.0,0.65111,0.0025,2e-05,2e-05
4895,0,0.00051,0.0,0.71375,0.0075,0.00018,0.00018
4896,0,0.0049,0.0,0.49602,0.0575,0.00358,0.00358
4897,0,0.00211,0.0,0.45301,0.0275,0.00057,0.00057
4898,0,0.00587,0.0,0.56605,0.1825,0.00074,0.00074
4899,0,0.86349,0.0,0.79265,0.75,0.31241,0.31241
4900,0,0.00443,0.0,0.97781,0.15,0.00303,0.00303
4901,0,0.06353,0.0,0.81427,0.1825,0.00576,0.00576
4902,0,0.02637,0.0,0.48396,0.16,0.01771,0.01771
4903,0,0.2702,0.0,0.65641,0.2975,0.38856,0.38856
4904,0,0.00291,0.0,0.08116,0.0,0.00014,0.00014
4905,0,9e-05,0.0,0.1789,0.0025,2e-05,2e-05
4906,0,0.04031,0.0,0.51843,0.0625,0.00124,0.00124
4907,0,0.00079,0.0,0.0973,0.0425,0.00083,0.00083
4908,0,0.00015,0.0,0.00782,0.0,3e-05,3e-05
4909,0,0.00014,0.0,0.12429,0.0475,0.00018,0.00018
4910,0,4e-05,0.0,0.07911,0.0,3e-05,3e-05
4911,0,0.00015,0.0,0.00754,0.0,4e-05,4e-05
4912,0,6e-05,0.0,0.01751,0.0,3e-05,3e-05
4913,0,9e-05,0.0,0.03649,0.005,3e-05,3e-05
4914,0,0.00011,0.0,0.01428,0.0,6e-05,6e-05
4915,0,2e-05,0.0,0.04486,0.005,2e-05,2e-05
4916,0,0.00022,0.0,0.3019,0.02,0.00019,0.00019
4917,0,1e-05,0.0,0.00916,0.0,5e-05,5e-05
4918,0,5e-05,0.0,0.03413,0.0,2e-05,2e-05
4919,0,7e-05,0.0,0.10579,0.0,1e-05,1e-05
4920,0,5e-05,0.0,0.08799,0.0,1e-05,1e-05
4921,1,0.99238,1.0,0.99078,0.8825,0.99872,1.0
4922,0,0.00442,0.0,0.84287,0.0525,0.00018,0.00018
4923,0,7e-05,0.0,0.02956,0.0,3e-05,3e-05
4924,0,0.00012,0.0,0.04106,0.0,0.00023,0.00023
4925,0,2e-05,0.0,0.05811,0.0,2e-05,2e-05
4926,0,7e-05,0.0,0.03285,0.0025,2e-05,2e-05
4927,0,0.0002,0.0,0.05986,0.0,3e-05,3e-05
4928,0,0.00016,0.0,0.03223,0.0,1e-05,1e-05
4929,0,0.00013,0.0,0.06319,0.0,2e-05,2e-05
4930,0,0.00456,0.0,0.35838,0.03,6e-05,6e-05
4931,0,4e-05,0.0,0.04897,0.0025,3e-05,3e-05
4932,0,0.00014,0.0,0.03489,0.0,3e-05,3e-05
4933,0,0.0036,0.0,0.31616,0.0025,8e-05,8e-05
4934,0,0.00016,0.0,0.0513,0.0025,2e-05,2e-05
4935,0,6e-05,0.0,0.08852,0.0,3e-05,3e-05
4936,0,3e-05,0.0,0.21984,0.0,3e-05,3e-05
4937,1,0.78817,1.0,0.99678,0.7575,0.99964,1.0
4938,0,6e-05,0.0,0.12501,0.0,2e-05,2e-05
4939,0,7e-05,0.0,0.04289,0.0025,2e-05,2e-05
4940,0,0.02425,0.0,0.98255,0.095,0.0006,0.0006
4941,0,6e-05,0.0,0.19132,0.0,1e-05,1e-05
4942,0,0.0001,0.0,0.04874,0.0,2e-05,2e-05
4943,0,0.00011,0.0,0.11029,0.0,2e-05,2e-05
4944,0,0.00012,0.0,0.16883,0.0025,3e-05,3e-05
4945,0,0.00011,0.0,0.06307,0.0025,2e-05,2e-05
4946,0,0.00137,0.0,0.41985,0.0075,4e-05,4e-05
4947,0,2e-05,0.0,0.08045,0.0,1e-05,1e-05
4948,0,0.00306,0.0,0.78383,0.015,0.00136,0.00136
4949,0,5e-05,0.0,0.23222,0.0,3e-05,3e-05
4950,0,7e-05,0.0,0.10557,0.0,3e-05,3e-05
4951,0,2e-05,0.0,0.25115,0.0,4e-05,4e-05
4952,0,3e-05,0.0,0.19441,0.0,2e-05,2e-05
4953,0,0.00555,0.0,0.8072,0.1175,0.00525,0.00525
4954,0,5e-05,0.0,0.13686,0.0,3e-05,3e-05
4955,0,2e-05,0.0,0.17627,0.0,1e-05,1e-05
4956,0,0.00146,0.0,0.61077,0.075,0.00044,0.00044
4957,0,0.00989,0.0,0.94221,0.0275,1e-05,1e-05
4958,0,4e-05,0.0,0.18352,0.0,2e-05,2e-05
4959,0,0.00025,0.0,0.50633,0.0,6e-05,6e-05
4960,0,3e-05,0.0,0.25597,0.0,3e-05,3e-05
4961,0,0.03061,0.0,0.97922,0.195,0.00024,0.00024
4962,0,3e-05,0.0,0.34109,0.0,1e-05,1e-05
4963,0,0.00012,0.0,0.74392,0.01,5e-05,5e-05
4964,0,2e-05,0.0,0.28809,0.0025,2e-05,2e-05
4965,0,5e-05,0.0,0.34086,0.0,1e-05,1e-05
4966,0,0.0009,0.0,0.7874,0.0075,0.00025,0.00025
4967,0,2e-05,0.0,0.29624,0.0,2e-05,2e-05
4968,0,0.00037,0.0,0.85691,0.0075,0.00012,0.00012
4969,0,4e-05,0.0,0.50351,0.0,3e-05,3e-05
4970,0,7e-05,0.0,0.41379,0.0,4e-05,4e-05
4971,0,9e-05,0.0,0.41689,0.0,0.0003,0.0003
4972,0,0.00021,0.0,0.48251,0.0025,0.00012,0.00012
4973,0,1e-05,0.0,0.42539,0.0,1e-05,1e-05
4974,0,0.00013,0.0,0.55527,0.0025,9e-05,9e-05
4975,0,0.00016,0.0,0.67029,0.01,0.00025,0.00025
4976,0,0.00026,0.0,0.7466,0.0025,8e-05,8e-05
4977,1,0.04979,1.0,0.95448,0.8575,0.02154,1.0
4978,0,0.00023,0.0,0.6464,0.005,4e-05,4e-05
4979,0,0.00073,0.0,0.7864,0.01,0.00011,0.00011
4980,0,0.0001,0.0,0.38528,0.01,0.0001,0.0001
4981,0,0.00059,0.0,0.36549,0.025,0.00034,0.00034
4982,0,0.02344,0.0,0.47722,0.19,0.01147,0.01147
4983,0,0.00071,0.0,0.47918,0.0075,0.00125,0.00125
4984,0,0.00228,0.0,0.6404,0.03,0.00895,0.00895
4985,1,0.32883,1.0,0.9873,0.76,0.99992,1.0
4986,0,0.00187,0.0,0.57594,0.045,0.00149,0.00149
4987,0,9e-05,0.0,0.02287,0.0,1e-05,1e-05
4988,0,0.00209,0.0,0.53615,0.0075,7e-05,7e-05
4989,1,0.05803,1.0,0.41755,0.87,0.22691,1.0
4990,0,5e-05,0.0,0.0224,0.0,4e-05,4e-05
4991,0,0.00015,0.0,0.15985,0.0025,5e-05,5e-05
4992,0,3e-05,0.0,0.02555,0.005,2e-05,2e-05
4993,0,0.00022,0.0,0.0138,0.0,2e-05,2e-05
4994,0,5e-05,0.0,0.01255,0.0,1e-05,1e-05
4995,0,2e-05,0.0,0.00595,0.0,3e-05,3e-05
4996,0,3e-05,0.0,0.03393,0.0,2e-05,2e-05
4997,0,9e-05,0.0,0.07076,0.01,5e-05,5e-05
4998,1,0.35822,1.0,0.93482,0.9825,0.97328,1.0
4999,0,0.00016,0.0,0.00939,0.0,3e-05,3e-05
5000,0,2e-05,0.0,0.03299,0.0025,1e-05,1e-05
5001,0,7e-05,0.0,0.01584,0.0025,3e-05,3e-05
5002,0,5e-05,0.0,0.09295,0.0,0.00034,0.00034
5003,0,7e-05,0.0,0.02263,0.0,2e-05,2e-05
5004,0,0.00104,0.0,0.33352,0.0025,9e-05,9e-05
5005,0,0.00274,0.0,0.25093,0.0075,0.00015,0.00015
5006,0,0.00044,0.0,0.35278,0.01,6e-05,6e-05
5007,0,0.00211,0.0,0.24783,0.0075,0.00029,0.00029
5008,0,0.00083,0.0,0.25274,0.0,6e-05,6e-05
5009,0,6e-05,0.0,0.08015,0.0,2e-05,2e-05
5010,0,0.00011,0.0,0.08191,0.0,3e-05,3e-05
5011,0,2e-05,0.0,0.05745,0.0,2e-05,2e-05
5012,0,0.00014,0.0,0.02457,0.0,2e-05,2e-05
5013,0,5e-05,0.0,0.02702,0.0,2e-05,2e-05
5014,0,6e-05,0.0,0.03491,0.0,1e-05,1e-05
5015,0,0.00017,0.0,0.08328,0.0025,3e-05,3e-05
5016,0,1e-05,0.0,0.03201,0.0,1e-05,1e-05
5017,0,0.00013,0.0,0.37337,0.0025,4e-05,4e-05
5018,0,0.00025,0.0,0.2207,0.0025,1e-05,1e-05
5019,0,1e-05,0.0,0.04856,0.0,1e-05,1e-05
5020,0,3e-05,0.0,0.09094,0.0,1e-05,1e-05
5021,0,5e-05,0.0,0.08173,0.0,1e-05,1e-05
5022,0,0.01395,0.0,0.93768,0.1225,0.00015,0.00015
5023,0,0.00017,0.0,0.4536,0.01,3e-05,3e-05
5024,0,2e-05,0.0,0.05022,0.0,2e-05,2e-05
5025,0,2e-05,0.0,0.04546,0.0,4e-05,4e-05
5026,0,9e-05,0.0,0.15958,0.0025,3e-05,3e-05
5027,0,7e-05,0.0,0.17417,0.0,6e-05,6e-05
5028,0,0.00081,0.0,0.88832,0.0075,0.00043,0.00043
5029,0,3e-05,0.0,0.03981,0.0025,3e-05,3e-05
5030,0,3e-05,0.0,0.07181,0.0,6e-05,6e-05
5031,0,0.00015,0.0,0.38057,0.0025,0.00025,0.00025
5032,0,3e-05,0.0,0.193,0.0,3e-05,3e-05
5033,0,3e-05,0.0,0.07842,0.0,1e-05,1e-05
5034,0,0.00013,0.0,0.32518,0.01,0.00023,0.00023
5035,0,0.00016,0.0,0.16792,0.0,3e-05,3e-05
5036,0,8e-05,0.0,0.17582,0.0,2e-05,2e-05
5037,0,3e-05,0.0,0.14641,0.0,4e-05,4e-05
5038,0,4e-05,0.0,0.1554,0.0,2e-05,2e-05
5039,0,4e-05,0.0,0.13508,0.0,1e-05,1e-05
5040,0,1e-05,0.0,0.08768,0.0,1e-05,1e-05
5041,0,6e-05,0.0,0.10261,0.0,2e-05,2e-05
5042,0,0.00016,0.0,0.72269,0.0125,1e-05,1e-05
5043,0,6e-05,0.0,0.2297,0.0,3e-05,3e-05
5044,0,0.00013,0.0,0.36662,0.0,2e-05,2e-05
5045,0,0.00042,0.0,0.65993,0.0025,9e-05,9e-05
5046,0,0.00027,0.0,0.38515,0.0025,0.00014,0.00014
5047,0,8e-05,0.0,0.42717,0.01,4e-05,4e-05
5048,0,2e-05,0.0,0.15245,0.0,1e-05,1e-05
5049,1,0.01855,1.0,0.99589,0.63,0.00163,1.0
5050,0,8e-05,0.0,0.52328,0.0,2e-05,2e-05
5051,0,3e-05,0.0,0.25747,0.0,2e-05,2e-05
5052,0,2e-05,0.0,0.49737,0.0,3e-05,3e-05
5053,0,0.00038,0.0,0.71229,0.005,0.00017,0.00017
5054,0,9e-05,0.0,0.37375,0.0,3e-05,3e-05
5055,0,6e-05,0.0,0.36205,0.0,5e-05,5e-05
5056,0,0.00076,0.0,0.67787,0.0075,0.00024,0.00024
5057,0,0.00198,0.0,0.84601,0.1025,0.0007,0.0007
5058,0,0.00073,0.0,0.87776,0.0075,0.00019,0.00019
5059,0,3e-05,0.0,0.61698,0.0,2e-05,2e-05
5060,0,0.00322,0.0,0.82132,0.0325,0.00105,0.00105
5061,0,0.00024,0.0,0.61944,0.0,0.00032,0.00032
5062,1,0.9497,1.0,0.98011,0.81,0.99996,1.0
5063,0,0.06591,0.0,0.96155,0.2025,0.10304,0.10304
5064,0,6e-05,0.0,0.05311,0.0025,1e-05,1e-05
5065,0,5e-05,0.0,0.05765,0.0225,0.00016,0.00016
5066,0,0.00044,0.0,0.01878,0.0,5e-05,5e-05
5067,0,2e-05,0.0,0.00859,0.0025,1e-05,1e-05
5068,0,0.0001,0.0,0.24736,0.0,3e-05,3e-05
5069,0,0.00047,0.0,0.02,0.0,4e-05,4e-05
5070,0,0.00011,0.0,0.21912,0.0675,0.00032,0.00032
5071,0,1e-05,0.0,0.00933,0.0,0.0,0.0
5072,0,1e-05,0.0,0.05502,0.0075,1e-05,1e-05
5073,0,3e-05,0.0,0.16728,0.015,4e-05,4e-05
5074,0,7e-05,0.0,0.1098,0.02,0.00021,0.00021
5075,0,1e-05,0.0,0.01963,0.0,0.0,0.0
5076,0,0.00183,0.0,0.26128,0.0,0.0003,0.0003
5077,0,2e-05,0.0,0.12684,0.0075,1e-05,1e-05
5078,0,0.0,0.0,0.016,0.0,1e-05,1e-05
5079,0,3e-05,0.0,0.06786,0.0,3e-05,3e-05
5080,0,0.00011,0.0,0.51547,0.0125,0.00011,0.00011
5081,0,4e-05,0.0,0.42055,0.0,0.0,0.0
5082,0,3e-05,0.0,0.03944,0.0,1e-05,1e-05
5083,0,2e-05,0.0,0.04284,0.0,3e-05,3e-05
5084,0,0.00015,0.0,0.76023,0.01,1e-05,1e-05
5085,0,1e-05,0.0,0.08439,0.0,1e-05,1e-05
5086,0,0.00259,0.0,0.68781,0.0425,0.00428,0.00428
5087,0,8e-05,0.0,0.14115,0.0,2e-05,2e-05
5088,0,5e-05,0.0,0.01735,0.0,2e-05,2e-05
5089,0,3e-05,0.0,0.11324,0.0,2e-05,2e-05
5090,0,0.00012,0.0,0.16693,0.0025,2e-05,2e-05
5091,0,3e-05,0.0,0.04964,0.0,4e-05,4e-05
5092,0,0.0005,0.0,0.45468,0.0025,0.00015,0.00015
5093,0,4e-05,0.0,0.06407,0.0,4e-05,4e-05
5094,0,0.00047,0.0,0.51356,0.0275,0.00072,0.00072
5095,0,4e-05,0.0,0.16331,0.0,0.0,0.0
5096,0,0.00025,0.0,0.10426,0.0,0.00042,0.00042
5097,0,3e-05,0.0,0.04581,0.0,8e-05,8e-05
5098,0,5e-05,0.0,0.40227,0.0,2e-05,2e-05
5099,0,8e-05,0.0,0.18898,0.0,1e-05,1e-05
5100,0,0.00049,0.0,0.4493,0.0025,0.0,0.0
5101,0,6e-05,0.0,0.2861,0.005,9e-05,9e-05
5102,0,2e-05,0.0,0.12656,0.0,1e-05,1e-05
5103,0,1e-05,0.0,0.05049,0.0,0.0,0.0
5104,0,4e-05,0.0,0.32035,0.0025,1e-05,1e-05
5105,0,5e-05,0.0,0.27603,0.0,1e-05,1e-05
5106,0,0.00523,0.0,0.85942,0.0675,0.00513,0.00513
5107,0,2e-05,0.0,0.15496,0.0,9e-05,9e-05
5108,0,0.00058,0.0,0.21377,0.0025,0.00039,0.00039
5109,0,0.00035,0.0,0.70522,0.0,0.00014,0.00014
5110,0,0.00083,0.0,0.3978,0.0225,0.00015,0.00015
5111,0,0.0001,0.0,0.06848,0.0,3e-05,3e-05
5112,0,0.00015,0.0,0.1738,0.0,0.00015,0.00015
5113,0,0.00013,0.0,0.27857,0.005,6e-05,6e-05
5114,0,0.00133,0.0,0.55684,0.0,0.00061,0.00061
5115,0,0.00068,0.0,0.26756,0.08,0.00026,0.00026
5116,0,0.00019,0.0,0.51014,0.06,0.0001,0.0001
5117,0,0.00164,0.0,0.79345,0.0625,0.00298,0.00298
5118,0,7e-05,0.0,0.15248,0.0025,7e-05,7e-05
5119,0,0.00035,0.0,0.1163,0.0,0.00023,0.00023
5120,0,0.0006,0.0,0.55495,0.005,0.0003,0.0003
5121,0,0.00033,0.0,0.37519,0.0,0.00019,0.00019
5122,0,0.00035,0.0,0.36404,0.0,0.00023,0.00023
5123,0,0.00023,0.0,0.11419,0.0025,8e-05,8e-05
5124,0,0.00015,0.0,0.27839,0.005,7e-05,7e-05
5125,0,2e-05,0.0,0.19677,0.0,0.0,0.0
5126,0,0.00014,0.0,0.61825,0.015,0.0,0.0
5127,0,0.00011,0.0,0.33463,0.005,6e-05,6e-05
5128,0,0.01545,0.0,0.9493,0.0275,2e-05,2e-05
5129,0,0.00036,0.0,0.56598,0.0,2e-05,2e-05
5130,0,3e-05,0.0,0.2395,0.0025,4e-05,4e-05
5131,0,0.0001,0.0,0.38407,0.0,0.0001,0.0001
5132,0,0.00022,0.0,0.61548,0.0,0.001,0.001
5133,0,7e-05,0.0,0.77875,0.01,1e-05,1e-05
5134,0,4e-05,0.0,0.49052,0.0025,2e-05,2e-05
5135,0,0.00758,0.0,0.69363,0.0175,0.00354,0.00354
5136,0,1e-05,0.0,0.44028,0.0025,1e-05,1e-05
5137,0,0.00101,0.0,0.42867,0.0075,6e-05,6e-05
5138,0,3e-05,0.0,0.42649,0.0,0.0,0.0
5139,0,0.00158,0.0,0.43636,0.0025,0.00316,0.00316
5140,0,0.00589,0.0,0.42743,0.05,0.00516,0.00516
5141,0,7e-05,0.0,0.27918,0.0,1e-05,1e-05
5142,1,0.0007,0.0,0.40697,0.02,2e-05,2e-05
5143,0,3e-05,0.0,0.02509,0.0025,6e-05,6e-05
5144,0,3e-05,0.0,0.02496,0.0,1e-05,1e-05
5145,0,0.00307,0.0,0.00839,0.115,0.0002,0.0002
5146,0,2e-05,0.0,0.00879,0.0,0.0,0.0
5147,0,2e-05,0.0,0.01902,0.0,0.0,0.0
5148,0,2e-05,0.0,0.01952,0.0,0.0,0.0
5149,0,6e-05,0.0,0.05274,0.0075,1e-05,1e-05
5150,0,3e-05,0.0,0.04756,0.0,0.0,0.0
5151,0,1e-05,0.0,0.00796,0.0,0.0,0.0
5152,0,0.00012,0.0,0.56612,0.01,0.00023,0.00023
5153,0,0.78176,0.0,0.90474,0.355,0.98875,0.98875
5154,0,6e-05,0.0,0.01106,0.0,5e-05,5e-05
5155,0,2e-05,0.0,0.0241,0.0,1e-05,1e-05
5156,0,1e-05,0.0,0.01253,0.0,1e-05,1e-05
5157,0,2e-05,0.0,0.05883,0.0,0.0,0.0
5158,0,0.00022,0.0,0.28113,0.0,5e-05,5e-05
5159,0,3e-05,0.0,0.24083,0.0,1e-05,1e-05
5160,0,5e-05,0.0,0.12371,0.0,1e-05,1e-05
5161,0,0.00016,0.0,0.31081,0.0025,2e-05,2e-05
5162,0,0.00016,0.0,0.04577,0.0,0.00039,0.00039
5163,0,2e-05,0.0,0.15867,0.0,0.0,0.0
5164,0,2e-05,0.0,0.00878,0.0,1e-05,1e-05
5165,0,7e-05,0.0,0.0178,0.0,1e-05,1e-05
5166,0,7e-05,0.0,0.14503,0.015,1e-05,1e-05
5167,0,1e-05,0.0,0.04957,0.0,0.0,0.0
5168,0,1e-05,0.0,0.03041,0.0,1e-05,1e-05
5169,0,5e-05,0.0,0.01279,0.0,2e-05,2e-05
5170,0,5e-05,0.0,0.09451,0.0,1e-05,1e-05
5171,0,7e-05,0.0,0.05774,0.0,2e-05,2e-05
5172,0,0.00083,0.0,0.74039,0.0125,0.00026,0.00026
5173,0,0.00013,0.0,0.03744,0.0,1e-05,1e-05
5174,0,1e-05,0.0,0.02199,0.0,1e-05,1e-05
5175,0,9e-05,0.0,0.30886,0.005,0.00011,0.00011
5176,0,0.00012,0.0,0.03718,0.0,1e-05,1e-05
5177,0,1e-05,0.0,0.03196,0.0,1e-05,1e-05
5178,0,6e-05,0.0,0.62029,0.0125,1e-05,1e-05
5179,0,1e-05,0.0,0.16467,0.0025,1e-05,1e-05
5180,0,4e-05,0.0,0.18371,0.0,3e-05,3e-05
5181,0,4e-05,0.0,0.11173,0.0,2e-05,2e-05
5182,0,4e-05,0.0,0.07441,0.0,1e-05,1e-05
5183,0,7e-05,0.0,0.0778,0.0,1e-05,1e-05
5184,0,5e-05,0.0,0.11378,0.0,2e-05,2e-05
5185,0,0.00012,0.0,0.37855,0.0,4e-05,4e-05
5186,0,1e-05,0.0,0.24633,0.0,0.0,0.0
5187,0,0.00079,0.0,0.93286,0.025,9e-05,9e-05
5188,0,1e-05,0.0,0.1041,0.0,1e-05,1e-05
5189,0,3e-05,0.0,0.09491,0.0,1e-05,1e-05
5190,0,0.00026,0.0,0.4126,0.0025,8e-05,8e-05
5191,0,0.00033,0.0,0.50902,0.0125,0.00032,0.00032
5192,0,0.00012,0.0,0.49484,0.005,4e-05,4e-05
5193,0,0.02206,0.0,0.98077,0.0975,0.00089,0.00089
5194,0,2e-05,0.0,0.24356,0.005,1e-05,1e-05
5195,0,9e-05,0.0,0.09771,0.0,8e-05,8e-05
5196,0,4e-05,0.0,0.18598,0.0,7e-05,7e-05
5197,0,1e-05,0.0,0.18329,0.0,1e-05,1e-05
5198,0,3e-05,0.0,0.12859,0.0,2e-05,2e-05
5199,0,0.00028,0.0,0.78992,0.005,0.00011,0.00011
5200,0,4e-05,0.0,0.32913,0.0,6e-05,6e-05
5201,0,0.20424,0.0,0.89339,0.15,0.04023,0.04023
5202,0,0.00029,0.0,0.64554,0.015,0.00037,0.00037
5203,0,0.00166,0.0,0.87521,0.005,0.00012,0.00012
5204,0,8e-05,0.0,0.1945,0.0025,6e-05,6e-05
5205,0,5e-05,0.0,0.59916,0.0,6e-05,6e-05
5206,0,5e-05,0.0,0.57375,0.0,2e-05,2e-05
5207,0,2e-05,0.0,0.2585,0.01,0.00011,0.00011
5208,0,0.00019,0.0,0.46614,0.0,5e-05,5e-05
5209,0,2e-05,0.0,0.3428,0.0,9e-05,9e-05
5210,0,0.0001,0.0,0.39756,0.0,0.00017,0.00017
5211,0,8e-05,0.0,0.6158,0.0,4e-05,4e-05
5212,0,0.00081,0.0,0.86488,0.0525,0.00239,0.00239
5213,0,0.0004,0.0,0.78905,0.0075,0.00035,0.00035
5214,0,0.00015,0.0,0.59326,0.0,0.00037,0.00037
5215,0,4e-05,0.0,0.39882,0.0025,5e-05,5e-05
5216,0,3e-05,0.0,0.48317,0.0025,5e-05,5e-05
5217,0,0.01395,0.0,0.91698,0.1325,0.00079,0.00079
5218,0,0.01103,0.0,0.75024,0.0425,0.00158,0.00158
5219,0,0.00658,0.0,0.52556,0.1,0.00276,0.00276
5220,1,0.96465,1.0,0.97075,0.94,0.99997,1.0
5221,0,0.00611,0.0,0.37961,0.1,0.00746,0.00746
5222,0,0.00116,0.0,0.50473,0.065,0.00024,0.00024
5223,0,0.00013,0.0,0.00566,0.0,4e-05,4e-05
5224,0,0.00389,0.0,0.13681,0.01,0.00063,0.00063
5225,0,0.002,0.0,0.00691,0.0,7e-05,7e-05
5226,0,0.00028,0.0,0.24263,0.015,0.00017,0.00017
5227,0,4e-05,0.0,0.19972,0.02,4e-05,4e-05
5228,0,4e-05,0.0,0.04188,0.0025,1e-05,1e-05
5229,0,0.08399,0.0,0.84075,0.085,0.00058,0.00058
5230,0,6e-05,0.0,0.00432,0.0,9e-05,9e-05
5231,0,0.00023,0.0,0.03413,0.0,0.00124,0.00124
5232,0,0.00023,0.0,0.05833,0.0,2e-05,2e-05
5233,0,0.00209,0.0,0.72381,0.025,0.0012,0.0012
5234,0,0.00068,0.0,0.1038,0.0025,8e-05,8e-05
5235,0,0.00013,0.0,0.24668,0.0025,5e-05,5e-05
5236,0,4e-05,0.0,0.03852,0.0,1e-05,1e-05
5237,0,0.00064,0.0,0.1671,0.0025,6e-05,6e-05
5238,0,2e-05,0.0,0.06287,0.0,2e-05,2e-05
5239,0,5e-05,0.0,0.0962,0.0,3e-05,3e-05
5240,0,8e-05,0.0,0.01424,0.0,2e-05,2e-05
5241,0,8e-05,0.0,0.01777,0.0,8e-05,8e-05
5242,0,0.0001,0.0,0.01281,0.0,2e-05,2e-05
5243,0,4e-05,0.0,0.13034,0.0,2e-05,2e-05
5244,0,5e-05,0.0,0.0191,0.0,2e-05,2e-05
5245,0,1e-05,0.0,0.01608,0.0,2e-05,2e-05
5246,0,2e-05,0.0,0.03434,0.0,1e-05,1e-05
5247,0,5e-05,0.0,0.06766,0.0,2e-05,2e-05
5248,0,0.00038,0.0,0.06755,0.005,0.0001,0.0001
5249,0,3e-05,0.0,0.02298,0.0,8e-05,8e-05
5250,0,0.00135,0.0,0.05297,0.005,3e-05,3e-05
5251,0,0.00091,0.0,0.69357,0.0025,2e-05,2e-05
5252,0,0.00186,0.0,0.70261,0.0475,0.00017,0.00017
5253,0,0.00776,0.0,0.90248,0.025,0.00025,0.00025
5254,0,3e-05,0.0,0.06287,0.0,1e-05,1e-05
5255,0,8e-05,0.0,0.05335,0.0,9e-05,9e-05
5256,0,0.00039,0.0,0.40632,0.02,0.00013,0.00013
5257,0,0.00026,0.0,0.55405,0.005,6e-05,6e-05
5258,0,4e-05,0.0,0.09283,0.0,2e-05,2e-05
5259,0,0.00016,0.0,0.08286,0.0025,2e-05,2e-05
5260,0,0.00016,0.0,0.06687,0.0,3e-05,3e-05
5261,0,8e-05,0.0,0.13983,0.0,2e-05,2e-05
5262,0,0.00053,0.0,0.06684,0.0,2e-05,2e-05
5263,0,5e-05,0.0,0.21955,0.0,2e-05,2e-05
5264,0,0.00012,0.0,0.07257,0.0,5e-05,5e-05
5265,0,0.00583,0.0,0.67959,0.0325,0.00216,0.00216
5266,0,9e-05,0.0,0.05149,0.0,6e-05,6e-05
5267,0,0.00011,0.0,0.07822,0.0,2e-05,2e-05
5268,0,0.00049,0.0,0.17193,0.0,0.00011,0.00011
5269,0,0.0005,0.0,0.69845,0.005,0.00011,0.00011
5270,0,0.00019,0.0,0.28269,0.005,4e-05,4e-05
5271,0,0.24594,0.0,0.98734,0.1175,0.00129,0.00129
5272,0,3e-05,0.0,0.14433,0.0,1e-05,1e-05
5273,0,0.00032,0.0,0.13276,0.0275,0.00012,0.00012
5274,0,0.00023,0.0,0.33616,0.0,4e-05,4e-05
5275,0,7e-05,0.0,0.07193,0.0,2e-05,2e-05
5276,0,0.00039,0.0,0.28334,0.0025,6e-05,6e-05
5277,0,2e-05,0.0,0.10133,0.0,2e-05,2e-05
5278,0,5e-05,0.0,0.27942,0.0,2e-05,2e-05
5279,0,4e-05,0.0,0.07345,0.0,8e-05,8e-05
5280,0,0.00024,0.0,0.13223,0.0,7e-05,7e-05
5281,0,0.00018,0.0,0.29267,0.0,4e-05,4e-05
5282,0,5e-05,0.0,0.1977,0.0,4e-05,4e-05
5283,0,0.0039,0.0,0.70024,0.0075,0.00047,0.00047
5284,0,9e-05,0.0,0.32784,0.0,3e-05,3e-05
5285,0,0.0003,0.0,0.12727,0.0,7e-05,7e-05
5286,0,6e-05,0.0,0.28439,0.0,4e-05,4e-05
5287,0,7e-05,0.0,0.44914,0.0,4e-05,4e-05
5288,0,0.00036,0.0,0.34726,0.0,0.00016,0.00016
5289,0,0.0001,0.0,0.29441,0.0,2e-05,2e-05
5290,0,0.00046,0.0,0.16183,0.0,4e-05,4e-05
5291,0,0.00032,0.0,0.29852,0.0,8e-05,8e-05
5292,0,0.00112,0.0,0.80072,0.0075,0.00016,0.00016
5293,0,7e-05,0.0,0.19525,0.0,2e-05,2e-05
5294,0,9e-05,0.0,0.5186,0.0125,2e-05,2e-05
5295,0,0.00164,0.0,0.65457,0.0325,0.00088,0.00088
5296,0,0.00735,0.0,0.80557,0.0025,0.00118,0.00118
5297,0,0.00453,0.0,0.74432,0.01,0.00058,0.00058
5298,0,0.00054,0.0,0.75817,0.0025,8e-05,8e-05
5299,0,0.00037,0.0,0.85261,0.005,0.00014,0.00014
5300,0,0.00794,0.0,0.84406,0.0125,0.00056,0.00056
5301,0,0.00024,0.0,0.28002,0.0125,0.00035,0.00035
5302,0,0.01793,0.0,0.96294,0.2625,0.04108,0.04108
5303,0,0.0002,0.0,0.42474,0.0,0.00014,0.00014
5304,0,0.00089,0.0,0.64488,0.0075,0.00024,0.00024
5305,0,0.00478,0.0,0.78747,0.025,0.0003,0.0003
5306,0,0.00126,0.0,0.2704,0.0,0.00037,0.00037
5307,0,0.00397,0.0,0.36335,0.0875,0.00387,0.00387
5308,0,0.01208,0.0,0.42366,0.1575,0.00415,0.00415
5309,0,0.00038,0.0,0.62825,0.06,6e-05,6e-05
5310,1,0.01127,0.0,0.78006,0.1125,0.00175,0.00175
5311,0,0.00023,0.0,0.05111,0.0,4e-05,4e-05
5312,0,0.00024,0.0,0.11378,0.0,7e-05,7e-05
5313,0,0.00022,0.0,0.00794,0.0,3e-05,3e-05
5314,0,7e-05,0.0,0.00677,0.0,4e-05,4e-05
5315,0,0.00012,0.0,0.00778,0.0,3e-05,3e-05
5316,0,0.00016,0.0,0.00586,0.0,2e-05,2e-05
5317,0,0.00011,0.0,0.00871,0.0,5e-05,5e-05
5318,0,2e-05,0.0,0.01159,0.0,2e-05,2e-05
5319,0,0.00014,0.0,0.02976,0.0,4e-05,4e-05
5320,0,0.00081,0.0,0.12051,0.015,0.00026,0.00026
5321,0,0.00541,0.0,0.15564,0.0125,0.00012,0.00012
5322,0,0.0001,0.0,0.07855,0.0,4e-05,4e-05
5323,0,0.00706,0.0,0.58121,0.0475,0.00348,0.00348
5324,0,0.00029,0.0,0.18703,0.05,0.00054,0.00054
5325,0,0.00054,0.0,0.0068,0.0025,2e-05,2e-05
5326,0,3e-05,0.0,0.01245,0.0075,5e-05,5e-05
5327,0,0.0007,0.0,0.2125,0.0475,0.00019,0.00019
5328,0,4e-05,0.0,0.08788,0.0,0.00165,0.00165
5329,0,0.00012,0.0,0.07374,0.0025,3e-05,3e-05
5330,0,4e-05,0.0,0.14098,0.0,2e-05,2e-05
5331,0,2e-05,0.0,0.02072,0.0,1e-05,1e-05
5332,0,0.00022,0.0,0.15337,0.0,4e-05,4e-05
5333,0,0.00046,0.0,0.14863,0.0225,0.0001,0.0001
5334,0,0.00013,0.0,0.40713,0.0025,4e-05,4e-05
5335,1,0.32182,1.0,0.99357,0.97,0.95697,1.0
5336,0,0.00018,0.0,0.0507,0.0,3e-05,3e-05
5337,0,5e-05,0.0,0.03259,0.0075,1e-05,1e-05
5338,0,0.00014,0.0,0.11848,0.0025,5e-05,5e-05
5339,0,2e-05,0.0,0.02667,0.0,1e-05,1e-05
5340,0,8e-05,0.0,0.02771,0.0,4e-05,4e-05
5341,0,0.00056,0.0,0.46006,0.0,0.00012,0.00012
5342,0,0.0006,0.0,0.54409,0.01,0.00013,0.00013
5343,0,0.00047,0.0,0.294,0.0,0.00024,0.00024
5344,0,9e-05,0.0,0.07275,0.0025,3e-05,3e-05
5345,0,0.00383,0.0,0.63599,0.0,0.00011,0.00011
5346,0,0.00021,0.0,0.10363,0.0,6e-05,6e-05
5347,0,3e-05,0.0,0.0714,0.0,5e-05,5e-05
5348,0,0.05135,0.0,0.98537,0.1,0.00152,0.00152
5349,0,6e-05,0.0,0.07507,0.0,2e-05,2e-05
5350,0,0.00019,0.0,0.0487,0.0,2e-05,2e-05
5351,0,6e-05,0.0,0.06094,0.0,3e-05,3e-05
5352,0,0.00015,0.0,0.06132,0.0025,3e-05,3e-05
5353,0,6e-05,0.0,0.0659,0.0,2e-05,2e-05
5354,0,6e-05,0.0,0.09201,0.0,3e-05,3e-05
5355,0,7e-05,0.0,0.15316,0.0025,7e-05,7e-05
5356,0,0.00026,0.0,0.61029,0.0025,5e-05,5e-05
5357,0,3e-05,0.0,0.06282,0.0,2e-05,2e-05
5358,0,6e-05,0.0,0.28049,0.0,2e-05,2e-05
5359,0,1e-05,0.0,0.08677,0.0,2e-05,2e-05
5360,0,0.00019,0.0,0.49189,0.0025,0.0004,0.0004
5361,0,0.00017,0.0,0.3984,0.0,3e-05,3e-05
5362,0,2e-05,0.0,0.12996,0.0,2e-05,2e-05
5363,0,0.00986,0.0,0.95097,0.02,0.00012,0.00012
5364,0,5e-05,0.0,0.29654,0.0,4e-05,4e-05
5365,0,8e-05,0.0,0.17306,0.0,3e-05,3e-05
5366,0,4e-05,0.0,0.16391,0.0,2e-05,2e-05
5367,0,0.00013,0.0,0.29586,0.0,4e-05,4e-05
5368,0,5e-05,0.0,0.12643,0.005,0.00037,0.00037
5369,0,0.00026,0.0,0.11755,0.0,2e-05,2e-05
5370,0,8e-05,0.0,0.16441,0.0,4e-05,4e-05
5371,0,1e-05,0.0,0.2156,0.0,1e-05,1e-05
5372,0,0.00038,0.0,0.64364,0.0075,8e-05,8e-05
5373,0,5e-05,0.0,0.46999,0.0025,2e-05,2e-05
5374,0,5e-05,0.0,0.30044,0.005,5e-05,5e-05
5375,0,3e-05,0.0,0.4548,0.0,2e-05,2e-05
5376,0,0.00015,0.0,0.28133,0.0,3e-05,3e-05
5377,0,0.01992,0.0,0.90332,0.3275,0.00465,0.00465
5378,0,0.00028,0.0,0.79428,0.005,6e-05,6e-05
5379,0,0.00021,0.0,0.39343,0.0,5e-05,5e-05
5380,0,0.00022,0.0,0.51116,0.0,3e-05,3e-05
5381,0,0.0004,0.0,0.44687,0.0275,0.00013,0.00013
5382,0,0.00045,0.0,0.32643,0.03,4e-05,4e-05
5383,0,0.00059,0.0,0.40227,0.005,7e-05,7e-05
5384,0,0.00136,0.0,0.52958,0.0475,0.00027,0.00027
5385,0,0.06339,0.0,0.64949,0.2275,0.05022,0.05022
5386,0,0.00015,0.0,0.39083,0.015,6e-05,6e-05
5387,0,0.0011,0.0,0.667,0.0775,0.00127,0.00127
5388,0,0.15526,0.0,0.83409,0.31,0.01444,0.01444
5389,0,0.01836,0.0,0.7595,0.095,0.00035,0.00035
5390,0,0.14438,0.0,0.87537,0.265,0.00867,0.00867
5391,0,0.07432,0.0,0.62818,0.215,0.01179,0.01179
5392,0,0.13972,0.0,0.53148,0.2575,0.02363,0.02363
5393,0,0.03167,0.0,0.68503,0.105,0.00404,0.00404
5394,0,0.00408,0.0,0.71438,0.09,0.00115,0.00115
5395,1,0.99462,1.0,0.99716,0.94,0.9984,1.0
5396,0,0.03893,0.0,0.61952,0.175,0.03082,0.03082
5397,0,0.02039,0.0,0.56975,0.04,0.00073,0.00073
5398,0,0.02734,0.0,0.73292,0.165,0.00733,0.00733
5399,0,0.01274,0.0,0.73605,0.1775,0.01306,0.01306
5400,1,0.44997,1.0,0.85294,0.56,0.98721,1.0
5401,1,0.18276,1.0,0.74083,0.54,0.97841,1.0
5402,1,0.94913,1.0,0.83562,0.6625,0.98887,1.0
5403,0,0.0003,0.0,0.13581,0.02,0.00018,0.00018
5404,0,0.00023,0.0,0.00441,0.0,4e-05,4e-05
5405,0,0.00012,0.0,0.03927,0.0125,0.00012,0.00012
5406,0,0.00016,0.0,0.13191,0.0025,3e-05,3e-05
5407,0,0.00208,0.0,0.17647,0.005,0.0001,0.0001
5408,0,0.00033,0.0,0.00753,0.0025,0.00011,0.00011
5409,0,4e-05,0.0,0.00861,0.0,1e-05,1e-05
5410,0,0.00032,0.0,0.05629,0.005,5e-05,5e-05
5411,0,0.00099,0.0,0.14969,0.0525,0.00053,0.00053
5412,0,4e-05,0.0,0.02354,0.0,1e-05,1e-05
5413,0,0.00538,0.0,0.81186,0.0275,0.00014,0.00014
5414,0,3e-05,0.0,0.01226,0.0,1e-05,1e-05
5415,0,7e-05,0.0,0.01505,0.0,2e-05,2e-05
5416,0,0.00014,0.0,0.16528,0.005,5e-05,5e-05
5417,0,5e-05,0.0,0.01154,0.0,2e-05,2e-05
5418,0,8e-05,0.0,0.13422,0.0025,2e-05,2e-05
5419,0,0.00019,0.0,0.05734,0.005,4e-05,4e-05
5420,0,0.00174,0.0,0.57563,0.0025,2e-05,2e-05
5421,0,0.00013,0.0,0.01391,0.0,5e-05,5e-05
5422,0,7e-05,0.0,0.01319,0.0,2e-05,2e-05
5423,0,0.00552,0.0,0.07905,0.015,4e-05,4e-05
5424,0,4e-05,0.0,0.0141,0.0,1e-05,1e-05
5425,0,0.0026,0.0,0.17772,0.0125,2e-05,2e-05
5426,0,3e-05,0.0,0.01258,0.0,1e-05,1e-05
5427,0,2e-05,0.0,0.04721,0.0,1e-05,1e-05
5428,0,0.00032,0.0,0.36744,0.0025,7e-05,7e-05
5429,0,0.00016,0.0,0.20124,0.0,2e-05,2e-05
5430,0,6e-05,0.0,0.0324,0.0,2e-05,2e-05
5431,0,7e-05,0.0,0.01505,0.0,3e-05,3e-05
5432,0,0.00014,0.0,0.10498,0.0,2e-05,2e-05
5433,0,0.00015,0.0,0.26054,0.0,4e-05,4e-05
5434,0,0.00013,0.0,0.0946,0.0,1e-05,1e-05
5435,0,4e-05,0.0,0.02861,0.0,3e-05,3e-05
5436,0,6e-05,0.0,0.06946,0.0,1e-05,1e-05
5437,0,3e-05,0.0,0.021,0.0,2e-05,2e-05
5438,0,0.00037,0.0,0.20336,0.0,3e-05,3e-05
5439,0,4e-05,0.0,0.04326,0.0,2e-05,2e-05
5440,0,4e-05,0.0,0.03456,0.0,2e-05,2e-05
5441,0,4e-05,0.0,0.03285,0.0,2e-05,2e-05
5442,0,0.00025,0.0,0.15192,0.005,2e-05,2e-05
5443,0,0.00068,0.0,0.63159,0.01,9e-05,9e-05
5444,0,6e-05,0.0,0.23255,0.01,5e-05,5e-05
5445,0,5e-05,0.0,0.19611,0.0,3e-05,3e-05
5446,0,2e-05,0.0,0.03251,0.0,1e-05,1e-05
5447,0,5e-05,0.0,0.1304,0.0,1e-05,1e-05
5448,0,0.00034,0.0,0.20881,0.0,1e-05,1e-05
5449,0,2e-05,0.0,0.12264,0.0,2e-05,2e-05
5450,0,0.00798,0.0,0.85111,0.0175,0.00173,0.00173
5451,0,7e-05,0.0,0.15133,0.0,3e-05,3e-05
5452,0,0.00131,0.0,0.5427,0.0075,6e-05,6e-05
5453,0,0.00038,0.0,0.06641,0.0,3e-05,3e-05
5454,0,0.00022,0.0,0.2415,0.0,4e-05,4e-05
5455,0,0.00016,0.0,0.2069,0.0,3e-05,3e-05
5456,0,7e-05,0.0,0.11909,0.0,2e-05,2e-05
5457,0,7e-05,0.0,0.07086,0.0,2e-05,2e-05
5458,0,6e-05,0.0,0.09015,0.0,3e-05,3e-05
5459,0,5e-05,0.0,0.22465,0.0,1e-05,1e-05
5460,0,0.00019,0.0,0.50555,0.0025,5e-05,5e-05
5461,0,0.0005,0.0,0.12163,0.0,3e-05,3e-05
5462,0,0.00131,0.0,0.76739,0.0275,0.00016,0.00016
5463,0,3e-05,0.0,0.26089,0.0,1e-05,1e-05
5464,0,3e-05,0.0,0.14462,0.0,2e-05,2e-05
5465,0,4e-05,0.0,0.11119,0.0,2e-05,2e-05
5466,0,0.00024,0.0,0.60808,0.0025,3e-05,3e-05
5467,0,0.00027,0.0,0.39701,0.01,0.00013,0.00013
5468,0,0.00045,0.0,0.77236,0.015,7e-05,7e-05
5469,0,0.00013,0.0,0.21424,0.0,3e-05,3e-05
5470,0,0.00119,0.0,0.35139,0.0025,0.00028,0.00028
5471,0,0.00014,0.0,0.17285,0.0,3e-05,3e-05
5472,0,0.04959,0.0,0.95889,0.215,0.00466,0.00466
5473,0,0.02184,0.0,0.91028,0.14,0.00571,0.00571
5474,0,0.00865,0.0,0.82711,0.0225,9e-05,9e-05
5475,0,0.00499,0.0,0.65186,0.025,0.00042,0.00042
5476,0,0.00593,0.0,0.76438,0.0225,0.0001,0.0001
5477,0,9e-05,0.0,0.38426,0.0,3e-05,3e-05
5478,0,2e-05,0.0,0.33098,0.005,0.00022,0.00022
5479,0,5e-05,0.0,0.3041,0.0,2e-05,2e-05
5480,0,7e-05,0.0,0.24586,0.0,2e-05,2e-05
5481,0,1e-05,0.0,0.31647,0.0,2e-05,2e-05
5482,0,0.00011,0.0,0.38181,0.0,0.00014,0.00014
5483,0,3e-05,0.0,0.42222,0.0,4e-05,4e-05
5484,0,0.00053,0.0,0.61063,0.0775,0.00267,0.00267
5485,0,0.00022,0.0,0.32938,0.0225,0.00016,0.00016
5486,0,0.00213,0.0,0.89351,0.125,0.00268,0.00268
5487,0,0.00183,0.0,0.48405,0.04,0.00029,0.00029
5488,0,0.00245,0.0,0.41303,0.0225,0.00015,0.00015
5489,1,0.17115,1.0,0.8307,0.795,0.90347,1.0
5490,0,0.04958,0.0,0.47297,0.32,0.02812,0.02812
5491,1,0.85776,1.0,0.98239,0.84,0.99952,1.0
5492,0,0.03079,0.0,0.62909,0.07,0.00057,0.00057
5493,0,0.0008,0.0,0.24286,0.0075,4e-05,4e-05
5494,0,0.00855,0.0,0.55405,0.0175,0.00031,0.00031
5495,0,0.00196,0.0,0.20497,0.0175,0.0002,0.0002
5496,0,0.00241,0.0,0.35432,0.045,0.00012,0.00012
5497,0,3e-05,0.0,0.00617,0.0,4e-05,4e-05
5498,0,8e-05,0.0,0.01611,0.0,2e-05,2e-05
5499,0,3e-05,0.0,0.00845,0.0,4e-05,4e-05
5500,0,0.00067,0.0,0.11127,0.0125,6e-05,6e-05
5501,0,2e-05,0.0,0.01549,0.0,1e-05,1e-05
5502,0,0.00015,0.0,0.02275,0.0025,2e-05,2e-05
5503,0,0.00081,0.0,0.27798,0.0175,0.00022,0.00022
5504,0,6e-05,0.0,0.00568,0.0,2e-05,2e-05
5505,0,7e-05,0.0,0.23793,0.0075,3e-05,3e-05
5506,0,2e-05,0.0,0.01272,0.0,1e-05,1e-05
5507,0,0.00016,0.0,0.01488,0.0,0.0001,0.0001
5508,0,3e-05,0.0,0.06071,0.0,2e-05,2e-05
5509,0,0.04553,0.0,0.64671,0.045,0.00124,0.00124
5510,0,4e-05,0.0,0.03328,0.0,3e-05,3e-05
5511,0,0.00018,0.0,0.42895,0.005,3e-05,3e-05
5512,0,9e-05,0.0,0.04298,0.0,2e-05,2e-05
5513,0,3e-05,0.0,0.01923,0.0,3e-05,3e-05
5514,0,8e-05,0.0,0.21534,0.0,2e-05,2e-05
5515,0,4e-05,0.0,0.03394,0.0,6e-05,6e-05
5516,0,0.0001,0.0,0.05012,0.0,2e-05,2e-05
5517,0,5e-05,0.0,0.02572,0.0,1e-05,1e-05
5518,0,0.00018,0.0,0.30968,0.0,0.00052,0.00052
5519,0,9e-05,0.0,0.0603,0.0,5e-05,5e-05
5520,0,0.00017,0.0,0.23577,0.0,2e-05,2e-05
5521,0,0.00014,0.0,0.11536,0.0025,1e-05,1e-05
5522,0,0.00082,0.0,0.34161,0.0,0.00024,0.00024
5523,0,0.00013,0.0,0.10684,0.0,3e-05,3e-05
5524,0,6e-05,0.0,0.03563,0.0,2e-05,2e-05
5525,0,6e-05,0.0,0.03814,0.0,4e-05,4e-05
5526,0,0.20085,0.0,0.26532,0.03,0.00033,0.00033
5527,0,0.00022,0.0,0.16383,0.0025,2e-05,2e-05
5528,0,6e-05,0.0,0.0674,0.0,2e-05,2e-05
5529,0,0.00053,0.0,0.57343,0.025,0.00034,0.00034
5530,0,0.00011,0.0,0.08797,0.0,2e-05,2e-05
5531,0,0.03821,0.0,0.50189,0.105,0.0059,0.0059
5532,0,5e-05,0.0,0.0784,0.0,4e-05,4e-05
5533,0,0.00011,0.0,0.29308,0.0,0.0002,0.0002
5534,0,3e-05,0.0,0.06454,0.0,1e-05,1e-05
5535,0,7e-05,0.0,0.08453,0.0025,3e-05,3e-05
5536,0,0.00019,0.0,0.26063,0.0025,3e-05,3e-05
5537,1,0.00657,0.0,0.68618,0.01,2e-05,2e-05
5538,0,3e-05,0.0,0.07668,0.0,2e-05,2e-05
5539,0,0.00049,0.0,0.08819,0.0,4e-05,4e-05
5540,0,0.0001,0.0,0.13514,0.0,3e-05,3e-05
5541,0,0.00013,0.0,0.1827,0.0,0.00019,0.00019
5542,0,0.00011,0.0,0.33333,0.0025,0.00012,0.00012
5543,0,0.00018,0.0,0.31554,0.005,7e-05,7e-05
5544,0,0.02154,0.0,0.97,0.135,0.00848,0.00848
5545,0,0.00043,0.0,0.3892,0.0,7e-05,7e-05
5546,0,0.00321,0.0,0.40492,0.04,3e-05,3e-05
5547,0,0.00012,0.0,0.33912,0.0,3e-05,3e-05
5548,0,0.00116,0.0,0.07368,0.045,0.00208,0.00208
5549,0,0.0001,0.0,0.14295,0.0,3e-05,3e-05
5550,0,0.00524,0.0,0.68364,0.0025,5e-05,5e-05
5551,0,6e-05,0.0,0.24565,0.0025,6e-05,6e-05
5552,0,0.01182,0.0,0.53426,0.04,0.00019,0.00019
5553,0,3e-05,0.0,0.13979,0.0,1e-05,1e-05
5554,0,0.00455,0.0,0.97041,0.055,0.00022,0.00022
5555,0,6e-05,0.0,0.27523,0.0025,0.00016,0.00016
5556,0,0.00037,0.0,0.5685,0.0,7e-05,7e-05
5557,0,0.00498,0.0,0.43686,0.025,0.00028,0.00028
5558,0,0.00013,0.0,0.47772,0.0025,2e-05,2e-05
5559,0,9e-05,0.0,0.39132,0.0,0.00013,0.00013
5560,0,0.00014,0.0,0.47905,0.0,2e-05,2e-05
5561,0,8e-05,0.0,0.39472,0.0,6e-05,6e-05
5562,0,0.0043,0.0,0.68322,0.0475,0.00037,0.00037
5563,0,0.00011,0.0,0.28588,0.0,6e-05,6e-05
5564,0,0.00035,0.0,0.30231,0.0,0.0001,0.0001
5565,0,0.00171,0.0,0.73526,0.0625,0.00241,0.00241
5566,0,0.00082,0.0,0.38266,0.005,0.0003,0.0003
5567,0,0.00377,0.0,0.65018,0.0175,0.00081,0.00081
5568,0,0.00028,0.0,0.22071,0.045,0.00033,0.00033
5569,0,2e-05,0.0,0.01348,0.0,1e-05,1e-05
5570,0,2e-05,0.0,0.01167,0.0,1e-05,1e-05
5571,0,4e-05,0.0,0.05012,0.0,1e-05,1e-05
5572,0,4e-05,0.0,0.01292,0.0025,1e-05,1e-05
5573,0,0.00011,0.0,0.0111,0.0,4e-05,4e-05
5574,0,5e-05,0.0,0.00333,0.0,1e-05,1e-05
5575,0,0.00208,0.0,0.31527,0.02,0.00026,0.00026
5576,0,4e-05,0.0,0.01462,0.0,1e-05,1e-05
5577,0,1e-05,0.0,0.04656,0.0,1e-05,1e-05
5578,0,5e-05,0.0,0.04039,0.0,1e-05,1e-05
5579,0,3e-05,0.0,0.01859,0.0,1e-05,1e-05
5580,0,5e-05,0.0,0.00933,0.0,5e-05,5e-05
5581,0,0.0001,0.0,0.01992,0.0,3e-05,3e-05
5582,0,0.0004,0.0,0.10503,0.01,5e-05,5e-05
5583,0,0.00013,0.0,0.04496,0.0,1e-05,1e-05
5584,0,4e-05,0.0,0.0114,0.0,3e-05,3e-05
5585,0,3e-05,0.0,0.0131,0.0,2e-05,2e-05
5586,0,8e-05,0.0,0.00744,0.0025,0.00016,0.00016
5587,0,7e-05,0.0,0.0114,0.0,2e-05,2e-05
5588,0,4e-05,0.0,0.0792,0.0,1e-05,1e-05
5589,0,6e-05,0.0,0.02714,0.0,5e-05,5e-05
5590,0,0.00288,0.0,0.82367,0.0575,0.00057,0.00057
5591,0,0.00548,0.0,0.80589,0.0875,0.00053,0.00053
5592,0,4e-05,0.0,0.0245,0.0,1e-05,1e-05
5593,0,0.00022,0.0,0.23852,0.0025,6e-05,6e-05
5594,0,0.16737,0.0,0.38825,0.0075,0.00024,0.00024
5595,0,5e-05,0.0,0.04748,0.0,4e-05,4e-05
5596,0,6e-05,0.0,0.0437,0.0,7e-05,7e-05
5597,0,5e-05,0.0,0.03787,0.0,3e-05,3e-05
5598,0,0.00023,0.0,0.05864,0.0,4e-05,4e-05
5599,0,0.00097,0.0,0.50072,0.0025,7e-05,7e-05
5600,0,0.00033,0.0,0.02233,0.0,2e-05,2e-05
5601,0,3e-05,0.0,0.07983,0.0,2e-05,2e-05
5602,0,7e-05,0.0,0.04854,0.0,2e-05,2e-05
5603,0,0.00334,0.0,0.82233,0.0525,0.00016,0.00016
5604,0,0.00376,0.0,0.8862,0.0625,0.00065,0.00065
5605,0,5e-05,0.0,0.10407,0.0,0.0001,0.0001
5606,0,0.0001,0.0,0.13148,0.0,3e-05,3e-05
5607,0,3e-05,0.0,0.04148,0.0,1e-05,1e-05
5608,0,3e-05,0.0,0.03657,0.0,5e-05,5e-05
5609,0,4e-05,0.0,0.04091,0.0,2e-05,2e-05
5610,0,0.00829,0.0,0.5081,0.0125,0.00068,0.00068
5611,0,0.00036,0.0,0.22988,0.0025,4e-05,4e-05
5612,0,0.0001,0.0,0.04763,0.0,5e-05,5e-05
5613,0,0.00014,0.0,0.21268,0.0,3e-05,3e-05
5614,0,9e-05,0.0,0.11407,0.0,4e-05,4e-05
5615,0,2e-05,0.0,0.0607,0.0,1e-05,1e-05
5616,1,0.90735,1.0,0.99737,0.84,0.99958,1.0
5617,0,3e-05,0.0,0.24584,0.005,3e-05,3e-05
5618,1,0.20159,1.0,0.89561,0.6925,0.37404,1.0
5619,0,5e-05,0.0,0.06409,0.015,8e-05,8e-05
5620,0,5e-05,0.0,0.23904,0.0,1e-05,1e-05
5621,0,3e-05,0.0,0.17143,0.0,4e-05,4e-05
5622,0,0.00481,0.0,0.88479,0.06,0.00023,0.00023
5623,0,3e-05,0.0,0.2082,0.0,3e-05,3e-05
5624,0,2e-05,0.0,0.14116,0.0,2e-05,2e-05
5625,0,0.00021,0.0,0.15658,0.0,4e-05,4e-05
5626,0,5e-05,0.0,0.11822,0.0,2e-05,2e-05
5627,0,5e-05,0.0,0.08491,0.0,2e-05,2e-05
5628,0,0.0001,0.0,0.25233,0.0,2e-05,2e-05
5629,0,5e-05,0.0,0.1837,0.0,2e-05,2e-05
5630,0,0.00063,0.0,0.73484,0.015,6e-05,6e-05
5631,0,0.00015,0.0,0.15035,0.0,2e-05,2e-05
5632,0,4e-05,0.0,0.26697,0.0,5e-05,5e-05
5633,0,0.00951,0.0,0.80787,0.0175,0.00019,0.00019
5634,0,0.00016,0.0,0.5738,0.0025,6e-05,6e-05
5635,0,0.02939,0.0,0.87411,0.14,0.00216,0.00216
5636,0,0.00043,0.0,0.49275,0.0025,3e-05,3e-05
5637,0,0.0009,0.0,0.57683,0.0,6e-05,6e-05
5638,0,5e-05,0.0,0.41232,0.005,2e-05,2e-05
5639,0,0.00021,0.0,0.33991,0.0025,0.00013,0.00013
5640,0,0.00016,0.0,0.25199,0.0475,0.00032,0.00032
5641,0,0.00023,0.0,0.79073,0.01,3e-05,3e-05
5642,0,6e-05,0.0,0.38378,0.0,0.00013,0.00013
5643,0,4e-05,0.0,0.41142,0.0,4e-05,4e-05
5644,0,0.0001,0.0,0.43015,0.005,3e-05,3e-05
5645,0,0.00019,0.0,0.82912,0.0375,0.00018,0.00018
5646,0,3e-05,0.0,0.19161,0.0025,4e-05,4e-05
5647,0,7e-05,0.0,0.26769,0.0,0.00016,0.00016
5648,0,0.01812,0.0,0.98451,0.0975,0.00136,0.00136
5649,0,0.00559,0.0,0.73346,0.1175,0.00303,0.00303
5650,0,0.00677,0.0,0.78272,0.145,0.00102,0.00102
5651,0,0.04094,0.0,0.70602,0.175,0.00411,0.00411
5652,0,0.08432,0.0,0.59785,0.24,0.01067,0.01067
5653,0,0.00246,0.0,0.39317,0.04,0.00057,0.00057
5654,0,0.03357,0.0,0.56877,0.485,0.23748,0.23748
5655,0,7e-05,0.0,0.00999,0.0,4e-05,4e-05
5656,0,0.0009,0.0,0.13772,0.005,0.00024,0.00024
5657,0,0.01723,0.0,0.1441,0.0275,0.00029,0.00029
5658,0,4e-05,0.0,0.00463,0.0,2e-05,2e-05
5659,0,0.00316,0.0,0.42845,0.01,0.00039,0.00039
5660,0,0.00028,0.0,0.00478,0.0,0.00013,0.00013
5661,0,0.00011,0.0,0.04175,0.0,1e-05,1e-05
5662,0,0.00057,0.0,0.38303,0.0075,0.00079,0.00079
5663,0,8e-05,0.0,0.00936,0.0,2e-05,2e-05
5664,0,0.00014,0.0,0.0327,0.005,5e-05,5e-05
5665,0,8e-05,0.0,0.01071,0.0,3e-05,3e-05
5666,0,4e-05,0.0,0.01574,0.0,7e-05,7e-05
5667,0,0.0001,0.0,0.07809,0.0,3e-05,3e-05
5668,0,0.00012,0.0,0.04974,0.0,3e-05,3e-05
5669,0,0.00112,0.0,0.09753,0.0325,0.00048,0.00048
5670,0,7e-05,0.0,0.02831,0.0,2e-05,2e-05
5671,0,0.00058,0.0,0.13095,0.03,0.00026,0.00026
5672,0,6e-05,0.0,0.01311,0.0,3e-05,3e-05
5673,0,3e-05,0.0,0.00571,0.0,4e-05,4e-05
5674,0,0.0002,0.0,0.26927,0.0,3e-05,3e-05
5675,0,0.00011,0.0,0.08234,0.0,5e-05,5e-05
5676,0,6e-05,0.0,0.0667,0.0,2e-05,2e-05
5677,0,7e-05,0.0,0.03422,0.0,1e-05,1e-05
5678,0,0.00152,0.0,0.66271,0.015,5e-05,5e-05
5679,0,2e-05,0.0,0.02314,0.0,4e-05,4e-05
5680,0,0.00034,0.0,0.19176,0.01,4e-05,4e-05
5681,0,0.00023,0.0,0.35847,0.01,0.00011,0.00011
5682,0,0.00198,0.0,0.19362,0.0025,0.00011,0.00011
5683,0,0.00347,0.0,0.37612,0.0325,0.00031,0.00031
5684,0,0.00013,0.0,0.04121,0.0,3e-05,3e-05
5685,0,5e-05,0.0,0.02651,0.0,2e-05,2e-05
5686,0,0.00027,0.0,0.1979,0.0025,3e-05,3e-05
5687,0,4e-05,0.0,0.03879,0.0,1e-05,1e-05
5688,0,0.00142,0.0,0.30424,0.0025,0.00023,0.00023
5689,0,0.00349,0.0,0.18909,0.0175,0.00015,0.00015
5690,0,0.0001,0.0,0.04255,0.0025,4e-05,4e-05
5691,0,0.00024,0.0,0.23932,0.0,3e-05,3e-05
5692,0,0.03552,0.0,0.86898,0.1175,0.01344,0.01344
5693,0,0.00267,0.0,0.8003,0.01,2e-05,2e-05
5694,0,0.0002,0.0,0.15079,0.0025,9e-05,9e-05
5695,0,0.00018,0.0,0.22675,0.0,2e-05,2e-05
5696,0,0.00013,0.0,0.2092,0.0,3e-05,3e-05
5697,0,2e-05,0.0,0.04414,0.0,1e-05,1e-05
5698,0,0.00261,0.0,0.62695,0.0125,2e-05,2e-05
5699,0,0.01938,0.0,0.96907,0.0825,0.00178,0.00178
5700,0,3e-05,0.0,0.09719,0.0025,1e-05,1e-05
5701,0,5e-05,0.0,0.20975,0.0,1e-05,1e-05
5702,0,0.04573,0.0,0.77788,0.1525,0.00079,0.00079
5703,0,0.0001,0.0,0.19769,0.0,2e-05,2e-05
5704,0,0.00011,0.0,0.31344,0.0,5e-05,5e-05
5705,0,0.04996,0.0,0.82876,0.0025,0.0001,0.0001
5706,0,0.00012,0.0,0.31943,0.0,2e-05,2e-05
5707,1,0.73295,1.0,0.99498,0.805,0.99929,1.0
5708,0,0.00025,0.0,0.36839,0.0,6e-05,6e-05
5709,0,5e-05,0.0,0.16537,0.0,3e-05,3e-05
5710,0,0.00017,0.0,0.16783,0.0,7e-05,7e-05
5711,0,0.00046,0.0,0.35251,0.0,0.00024,0.00024
5712,0,0.00032,0.0,0.17191,0.0,5e-05,5e-05
5713,0,0.00294,0.0,0.88454,0.0075,5e-05,5e-05
5714,0,9e-05,0.0,0.18171,0.0,2e-05,2e-05
5715,0,0.00011,0.0,0.1503,0.0,2e-05,2e-05
5716,0,7e-05,0.0,0.12367,0.0,3e-05,3e-05
5717,0,0.00358,0.0,0.80727,0.0325,0.0001,0.0001
5718,0,3e-05,0.0,0.19193,0.0,3e-05,3e-05
5719,0,9e-05,0.0,0.19708,0.0025,2e-05,2e-05
5720,0,9e-05,0.0,0.50964,0.0,3e-05,3e-05
5721,0,0.00036,0.0,0.74011,0.0125,0.0001,0.0001
5722,0,0.00051,0.0,0.42327,0.005,0.00012,0.00012
5723,0,0.0002,0.0,0.44861,0.0,3e-05,3e-05
5724,0,0.00061,0.0,0.54393,0.0125,0.00034,0.00034
5725,0,0.00117,0.0,0.73944,0.0025,0.00025,0.00025
5726,0,0.00013,0.0,0.20268,0.0,0.00011,0.00011
5727,0,0.00069,0.0,0.73187,0.02,0.0001,0.0001
5728,0,0.00014,0.0,0.22735,0.0025,0.00018,0.00018
5729,0,0.00283,0.0,0.62062,0.005,7e-05,7e-05
5730,0,0.00022,0.0,0.27959,0.0025,0.00035,0.00035
5731,0,0.0005,0.0,0.3708,0.025,0.0001,0.0001
5732,0,0.00059,0.0,0.54169,0.015,0.00015,0.00015
5733,0,0.0099,0.0,0.69165,0.1125,0.00514,0.00514
5734,0,0.00752,0.0,0.59192,0.0975,0.00535,0.00535
5735,1,0.96579,1.0,0.93419,0.945,0.99906,1.0
5736,0,0.00162,0.0,0.34635,0.1125,0.00227,0.00227
5737,0,0.02079,0.0,0.44993,0.19,0.0042,0.0042
5738,0,0.00358,0.0,0.46184,0.0525,0.00062,0.00062
5739,0,0.00742,0.0,0.25606,0.035,0.00069,0.00069
5740,0,3e-05,0.0,0.00338,0.0,2e-05,2e-05
5741,0,5e-05,0.0,0.01173,0.0,3e-05,3e-05
5742,0,0.00013,0.0,0.01866,0.0,2e-05,2e-05
5743,0,0.00021,0.0,0.11728,0.005,7e-05,7e-05
5744,0,0.00062,0.0,0.04402,0.02,5e-05,5e-05
5745,0,0.00013,0.0,0.02369,0.0,4e-05,4e-05
5746,0,7e-05,0.0,0.0125,0.0,3e-05,3e-05
5747,0,4e-05,0.0,0.00581,0.0,2e-05,2e-05
5748,0,6e-05,0.0,0.02548,0.0,3e-05,3e-05
5749,0,4e-05,0.0,0.00842,0.0075,3e-05,3e-05
5750,0,0.0858,0.0,0.8652,0.1825,0.00069,0.00069
5751,0,2e-05,0.0,0.0152,0.0,2e-05,2e-05
5752,0,4e-05,0.0,0.03258,0.0025,4e-05,4e-05
5753,0,4e-05,0.0,0.00588,0.0,3e-05,3e-05
5754,0,0.00116,0.0,0.49295,0.01,0.00027,0.00027
5755,0,9e-05,0.0,0.01397,0.0,2e-05,2e-05
5756,0,0.00034,0.0,0.31903,0.0025,0.0001,0.0001
5757,0,0.00132,0.0,0.41537,0.0625,0.0004,0.0004
5758,0,0.00808,0.0,0.6675,0.05,0.00065,0.00065
5759,0,6e-05,0.0,0.07559,0.0,2e-05,2e-05
5760,0,0.00016,0.0,0.02927,0.0,2e-05,2e-05
5761,0,5e-05,0.0,0.02355,0.0,3e-05,3e-05
5762,0,0.00312,0.0,0.43681,0.005,0.00016,0.00016
5763,0,0.00109,0.0,0.63222,0.02,0.00019,0.00019
5764,0,8e-05,0.0,0.04867,0.0,5e-05,5e-05
5765,0,0.0001,0.0,0.05514,0.0,9e-05,9e-05
5766,0,0.00032,0.0,0.02349,0.0,5e-05,5e-05
5767,0,0.00029,0.0,0.11416,0.0,4e-05,4e-05
5768,0,0.00018,0.0,0.17355,0.0,8e-05,8e-05
5769,0,0.00062,0.0,0.2226,0.0125,0.00034,0.00034
5770,0,0.00076,0.0,0.57012,0.015,7e-05,7e-05
5771,0,0.00024,0.0,0.17226,0.0,3e-05,3e-05
5772,0,0.0001,0.0,0.14229,0.0,2e-05,2e-05
5773,0,9e-05,0.0,0.03079,0.0,2e-05,2e-05
5774,0,0.00018,0.0,0.2651,0.005,9e-05,9e-05
5775,0,7e-05,0.0,0.05098,0.0,2e-05,2e-05
5776,0,7e-05,0.0,0.08144,0.0,3e-05,3e-05
5777,0,0.00455,0.0,0.59809,0.0225,5e-05,5e-05
5778,0,0.0008,0.0,0.29242,0.0025,8e-05,8e-05
5779,0,9e-05,0.0,0.12143,0.0,2e-05,2e-05
5780,0,0.0002,0.0,0.05305,0.0,0.0002,0.0002
5781,0,5e-05,0.0,0.16207,0.0,5e-05,5e-05
5782,0,5e-05,0.0,0.06354,0.0075,3e-05,3e-05
5783,0,0.00016,0.0,0.1904,0.0,3e-05,3e-05
5784,0,3e-05,0.0,0.08621,0.0,7e-05,7e-05
5785,0,0.00022,0.0,0.21064,0.0025,0.00013,0.00013
5786,0,6e-05,0.0,0.16419,0.0,3e-05,3e-05
5787,0,0.00022,0.0,0.13099,0.0,0.00011,0.00011
5788,0,5e-05,0.0,0.11839,0.0,2e-05,2e-05
5789,0,0.00015,0.0,0.303,0.0,2e-05,2e-05
5790,0,0.00101,0.0,0.41401,0.0025,0.00013,0.00013
5791,0,6e-05,0.0,0.08782,0.0,2e-05,2e-05
5792,0,0.00026,0.0,0.14834,0.0,4e-05,4e-05
5793,0,0.00011,0.0,0.09306,0.0075,8e-05,8e-05
5794,0,6e-05,0.0,0.3624,0.0,3e-05,3e-05
5795,0,0.00017,0.0,0.20866,0.0,9e-05,9e-05
5796,0,0.00013,0.0,0.22261,0.0,3e-05,3e-05
5797,0,0.00186,0.0,0.83522,0.025,0.00586,0.00586
5798,0,0.0001,0.0,0.43031,0.0,7e-05,7e-05
5799,0,0.00017,0.0,0.25358,0.0,8e-05,8e-05
5800,0,7e-05,0.0,0.22097,0.0,4e-05,4e-05
5801,0,0.0001,0.0,0.45785,0.0,6e-05,6e-05
5802,0,0.00023,0.0,0.56732,0.0,4e-05,4e-05
5803,0,0.00016,0.0,0.3088,0.0,4e-05,4e-05
5804,0,0.00012,0.0,0.21955,0.0,4e-05,4e-05
5805,0,0.00076,0.0,0.67607,0.0025,0.00025,0.00025
5806,0,5e-05,0.0,0.21232,0.0,3e-05,3e-05
5807,0,0.00192,0.0,0.56191,0.0125,0.00048,0.00048
5808,0,0.00012,0.0,0.24909,0.0,9e-05,9e-05
5809,0,0.00014,0.0,0.26375,0.005,0.0001,0.0001
5810,0,6e-05,0.0,0.16733,0.0,6e-05,6e-05
5811,0,0.00014,0.0,0.44929,0.0,7e-05,7e-05
5812,0,0.00023,0.0,0.40931,0.0025,0.0002,0.0002
5813,0,7e-05,0.0,0.294,0.0,3e-05,3e-05
5814,0,0.00043,0.0,0.31372,0.0025,0.0001,0.0001
5815,0,0.00077,0.0,0.63055,0.0,0.00035,0.00035
5816,0,0.00061,0.0,0.28232,0.0,0.00011,0.00011
5817,0,0.00067,0.0,0.34843,0.005,0.00017,0.00017
5818,0,0.00815,0.0,0.3588,0.08,0.00062,0.00062
5819,0,0.05554,0.0,0.41312,0.465,0.04035,0.04035
5820,0,0.04818,0.0,0.55178,0.2625,0.03478,0.03478
5821,0,0.00279,0.0,0.37188,0.07,0.00111,0.00111
5822,0,0.02176,0.0,0.88873,0.1425,0.00429,0.00429
5823,0,0.04035,0.0,0.64275,0.2,0.02411,0.02411
5824,0,0.00819,0.0,0.46244,0.245,0.01545,0.01545
5825,0,0.01963,0.0,0.43911,0.45,0.03579,0.03579
5826,0,0.00174,0.0,0.65235,0.195,0.00389,0.00389
5827,0,0.0087,0.0,0.48721,0.095,0.00097,0.00097
5828,0,0.00011,0.0,0.00888,0.0025,3e-05,3e-05
5829,0,3e-05,0.0,0.01302,0.0,2e-05,2e-05
5830,0,2e-05,0.0,0.00308,0.0,2e-05,2e-05
5831,0,0.00038,0.0,0.019,0.0325,0.00017,0.00017
5832,0,8e-05,0.0,0.08937,0.0025,7e-05,7e-05
5833,0,3e-05,0.0,0.00397,0.0,1e-05,1e-05
5834,0,8e-05,0.0,0.05132,0.0,2e-05,2e-05
5835,0,0.00049,0.0,0.11213,0.0125,0.00018,0.00018
5836,0,9e-05,0.0,0.00388,0.0,2e-05,2e-05
5837,0,6e-05,0.0,0.01959,0.0,2e-05,2e-05
5838,0,6e-05,0.0,0.00477,0.0,2e-05,2e-05
5839,0,5e-05,0.0,0.01103,0.0,2e-05,2e-05
5840,0,3e-05,0.0,0.00997,0.0,1e-05,1e-05
5841,0,5e-05,0.0,0.0054,0.005,3e-05,3e-05
5842,0,4e-05,0.0,0.00519,0.0,2e-05,2e-05
5843,0,0.00012,0.0,0.33267,0.0,5e-05,5e-05
5844,0,5e-05,0.0,0.00862,0.0,2e-05,2e-05
5845,0,9e-05,0.0,0.02233,0.0,2e-05,2e-05
5846,0,7e-05,0.0,0.00519,0.0,3e-05,3e-05
5847,0,4e-05,0.0,0.01126,0.0,2e-05,2e-05
5848,0,8e-05,0.0,0.07586,0.0,7e-05,7e-05
5849,0,0.01119,0.0,0.29179,0.0175,9e-05,9e-05
5850,0,0.0004,0.0,0.10626,0.0325,5e-05,5e-05
5851,0,3e-05,0.0,0.01919,0.0,1e-05,1e-05
5852,0,4e-05,0.0,0.01514,0.0,1e-05,1e-05
5853,0,1e-05,0.0,0.01247,0.0,1e-05,1e-05
5854,0,6e-05,0.0,0.02137,0.0,2e-05,2e-05
5855,0,0.00043,0.0,0.44161,0.0025,0.0002,0.0002
5856,0,0.00072,0.0,0.1133,0.0025,4e-05,4e-05
5857,0,3e-05,0.0,0.02486,0.0,3e-05,3e-05
5858,0,0.00014,0.0,0.02272,0.0,5e-05,5e-05
5859,0,0.00145,0.0,0.23399,0.0,5e-05,5e-05
5860,0,8e-05,0.0,0.02713,0.0,2e-05,2e-05
5861,0,9e-05,0.0,0.03061,0.0,2e-05,2e-05
5862,0,0.00064,0.0,0.15193,0.0025,8e-05,8e-05
5863,0,0.00014,0.0,0.09722,0.0,3e-05,3e-05
5864,0,8e-05,0.0,0.02052,0.0,2e-05,2e-05
5865,0,5e-05,0.0,0.04475,0.0,1e-05,1e-05
5866,0,0.00024,0.0,0.09101,0.0075,6e-05,6e-05
5867,0,0.00055,0.0,0.20153,0.0,0.00013,0.00013
5868,0,0.00032,0.0,0.1895,0.0125,5e-05,5e-05
5869,0,0.00013,0.0,0.04113,0.0,7e-05,7e-05
5870,0,5e-05,0.0,0.21164,0.0,7e-05,7e-05
5871,0,0.00035,0.0,0.27416,0.0,9e-05,9e-05
5872,0,0.0004,0.0,0.3756,0.0,7e-05,7e-05
5873,0,6e-05,0.0,0.11759,0.0,6e-05,6e-05
5874,0,0.00021,0.0,0.21579,0.0,6e-05,6e-05
5875,0,6e-05,0.0,0.04423,0.0,2e-05,2e-05
5876,0,7e-05,0.0,0.09778,0.0,4e-05,4e-05
5877,0,0.00014,0.0,0.55167,0.005,6e-05,6e-05
5878,0,0.00011,0.0,0.2146,0.0,3e-05,3e-05
5879,0,0.00015,0.0,0.22104,0.0,0.0001,0.0001
5880,0,0.00031,0.0,0.07427,0.0,3e-05,3e-05
5881,0,0.00024,0.0,0.51316,0.0025,0.00016,0.00016
5882,0,6e-05,0.0,0.16488,0.0,5e-05,5e-05
5883,0,0.00014,0.0,0.12653,0.0,2e-05,2e-05
5884,0,5e-05,0.0,0.10106,0.0,1e-05,1e-05
5885,0,0.00076,0.0,0.20946,0.0125,7e-05,7e-05
5886,0,8e-05,0.0,0.08488,0.0,3e-05,3e-05
5887,0,9e-05,0.0,0.239,0.0,2e-05,2e-05
5888,0,0.00011,0.0,0.19617,0.0,2e-05,2e-05
5889,0,0.00019,0.0,0.16024,0.0,0.00011,0.00011
5890,0,0.00021,0.0,0.92276,0.01,0.00022,0.00022
5891,0,4e-05,0.0,0.15481,0.0,2e-05,2e-05
5892,0,0.00033,0.0,0.84267,0.01,0.00018,0.00018
5893,0,0.00015,0.0,0.39777,0.0,2e-05,2e-05
5894,0,0.00021,0.0,0.66468,0.0025,0.00012,0.00012
5895,0,9e-05,0.0,0.19083,0.0,7e-05,7e-05
5896,0,0.00022,0.0,0.38421,0.0,2e-05,2e-05
5897,0,0.00041,0.0,0.93933,0.01,0.00033,0.00033
5898,0,0.00015,0.0,0.20287,0.0,4e-05,4e-05
5899,0,0.00466,0.0,0.94411,0.0175,7e-05,7e-05
5900,0,4e-05,0.0,0.12673,0.01,2e-05,2e-05
5901,0,3e-05,0.0,0.26481,0.0,3e-05,3e-05
5902,0,0.00018,0.0,0.49203,0.0025,2e-05,2e-05
5903,0,0.00015,0.0,0.26928,0.0,6e-05,6e-05
5904,0,0.00015,0.0,0.48228,0.0075,0.00025,0.00025
5905,0,0.07806,0.0,0.93444,0.4325,0.04211,0.04211
5906,0,4e-05,0.0,0.14702,0.0,2e-05,2e-05
5907,0,0.00075,0.0,0.35016,0.015,0.00077,0.00077
5908,0,0.00053,0.0,0.52037,0.02,0.00055,0.00055
5909,0,0.01083,0.0,0.33654,0.2925,0.02241,0.02241
5910,1,0.94004,1.0,0.95868,0.8675,0.99947,1.0
5911,0,4e-05,0.0,0.02513,0.0,3e-05,3e-05
5912,0,0.78005,0.0,0.92199,0.195,0.00168,0.00168
5913,0,5e-05,0.0,0.00253,0.0,6e-05,6e-05
5914,0,3e-05,0.0,0.11893,0.0,3e-05,3e-05
5915,0,3e-05,0.0,0.00896,0.0,3e-05,3e-05
5916,0,3e-05,0.0,0.01117,0.0,4e-05,4e-05
5917,0,0.00022,0.0,0.02221,0.0,2e-05,2e-05
5918,0,0.0003,0.0,0.40022,0.0,0.00027,0.00027
5919,0,8e-05,0.0,0.02772,0.0,2e-05,2e-05
5920,0,0.00092,0.0,0.19339,0.0125,0.00014,0.00014
5921,0,4e-05,0.0,0.00638,0.0,3e-05,3e-05
5922,0,0.00032,0.0,0.66177,0.0,0.00013,0.00013
5923,0,0.0001,0.0,0.05133,0.0,9e-05,9e-05
5924,0,5e-05,0.0,0.00733,0.0,3e-05,3e-05
5925,0,0.00025,0.0,0.19991,0.0,5e-05,5e-05
5926,0,4e-05,0.0,0.00531,0.0,2e-05,2e-05
5927,0,0.00078,0.0,0.18501,0.01,6e-05,6e-05
5928,0,0.00033,0.0,0.00789,0.0,7e-05,7e-05
5929,0,0.0001,0.0,0.01624,0.0,2e-05,2e-05
5930,0,0.00021,0.0,0.08421,0.0075,0.00011,0.00011
5931,0,0.00014,0.0,0.15307,0.0,1e-05,1e-05
5932,0,0.00019,0.0,0.53224,0.005,4e-05,4e-05
5933,0,6e-05,0.0,0.02013,0.0,2e-05,2e-05
5934,0,0.00017,0.0,0.17212,0.0,0.00032,0.00032
5935,0,0.00014,0.0,0.13555,0.0175,6e-05,6e-05
5936,0,2e-05,0.0,0.01576,0.0,1e-05,1e-05
5937,0,0.00018,0.0,0.01926,0.0,3e-05,3e-05
5938,0,0.00022,0.0,0.0433,0.0,2e-05,2e-05
5939,0,3e-05,0.0,0.01767,0.0,1e-05,1e-05
5940,0,0.11123,0.0,0.73965,0.4825,0.74781,0.74781
5941,0,0.00138,0.0,0.26296,0.0125,0.00039,0.00039
5942,1,0.00021,0.0,0.18617,0.0,2e-05,2e-05
5943,0,0.00032,0.0,0.09671,0.0,3e-05,3e-05
5944,0,0.00015,0.0,0.05422,0.0,5e-05,5e-05
5945,0,0.00016,0.0,0.03485,0.0,3e-05,3e-05
5946,0,0.00011,0.0,0.11762,0.0,2e-05,2e-05
5947,0,0.00037,0.0,0.13607,0.0125,0.00012,0.00012
5948,0,0.00013,0.0,0.09834,0.0,3e-05,3e-05
5949,0,0.00081,0.0,0.1446,0.0,4e-05,4e-05
5950,0,5e-05,0.0,0.07587,0.0,1e-05,1e-05
5951,0,0.00213,0.0,0.03074,0.0075,0.0001,0.0001
5952,0,0.00034,0.0,0.02874,0.0,4e-05,4e-05
5953,0,4e-05,0.0,0.03473,0.0,1e-05,1e-05
5954,0,0.00022,0.0,0.0519,0.0,9e-05,9e-05
5955,0,0.0002,0.0,0.03021,0.0,2e-05,2e-05
5956,0,7e-05,0.0,0.03703,0.0,4e-05,4e-05
5957,0,0.00011,0.0,0.0595,0.0,6e-05,6e-05
5958,0,7e-05,0.0,0.04919,0.0,4e-05,4e-05
5959,0,0.00025,0.0,0.07117,0.0,8e-05,8e-05
5960,0,0.00227,0.0,0.5056,0.02,0.00098,0.00098
5961,0,0.00015,0.0,0.05345,0.0,0.00019,0.00019
5962,0,0.00019,0.0,0.04215,0.005,5e-05,5e-05
5963,0,0.00021,0.0,0.04319,0.0,5e-05,5e-05
5964,0,0.00011,0.0,0.0315,0.0,5e-05,5e-05
5965,0,0.00018,0.0,0.03287,0.0025,2e-05,2e-05
5966,0,0.00041,0.0,0.15216,0.0025,0.00011,0.00011
5967,0,0.00023,0.0,0.45176,0.0,8e-05,8e-05
5968,0,0.00069,0.0,0.57299,0.02,5e-05,5e-05
5969,0,0.0001,0.0,0.78837,0.0075,4e-05,4e-05
5970,0,0.0001,0.0,0.06648,0.0,7e-05,7e-05
5971,0,9e-05,0.0,0.11542,0.0,0.0001,0.0001
5972,0,0.0001,0.0,0.08942,0.0,5e-05,5e-05
5973,0,0.00051,0.0,0.34242,0.005,0.00011,0.00011
5974,0,0.00032,0.0,0.68427,0.0,3e-05,3e-05
5975,0,0.00022,0.0,0.19044,0.0,5e-05,5e-05
5976,0,0.00019,0.0,0.05472,0.0075,5e-05,5e-05
5977,0,0.00013,0.0,0.61643,0.0,2e-05,2e-05
5978,0,0.00011,0.0,0.13819,0.0,9e-05,9e-05
5979,0,0.00011,0.0,0.43316,0.0025,8e-05,8e-05
5980,0,0.00019,0.0,0.20978,0.015,5e-05,5e-05
5981,0,0.00017,0.0,0.12263,0.0,0.0001,0.0001
5982,0,9e-05,0.0,0.51155,0.005,7e-05,7e-05
5983,0,0.0003,0.0,0.27641,0.0,0.00015,0.00015
5984,0,0.00022,0.0,0.31625,0.0075,4e-05,4e-05
5985,0,0.00103,0.0,0.71463,0.0075,7e-05,7e-05
5986,0,0.00033,0.0,0.58091,0.0075,6e-05,6e-05
5987,0,0.00964,0.0,0.68496,0.1325,0.00167,0.00167
5988,0,0.00081,0.0,0.29479,0.0025,0.0002,0.0002
5989,0,0.39014,0.0,0.93224,0.6275,0.08583,0.08583
5990,0,0.05061,0.0,0.51641,0.04,0.00124,0.00124
5991,0,0.00491,0.0,0.8064,0.085,0.00036,0.00036
5992,0,0.01422,0.0,0.50586,0.1775,0.00527,0.00527
5993,0,0.05923,0.0,0.83964,0.14,0.00301,0.00301
5994,0,0.00545,0.0,0.47092,0.18,0.00237,0.00237
5995,0,0.01767,0.0,0.45444,0.155,0.00693,0.00693
5996,0,0.03691,0.0,0.69875,0.225,0.00832,0.00832
5997,0,0.39301,0.0,0.75856,0.4275,0.03096,0.03096
5998,0,0.0444,0.0,0.38173,0.3525,0.01781,0.01781
5999,0,0.10378,0.0,0.40877,0.4825,0.51443,0.51443
6000,1,0.06814,0.0,0.33084,0.1725,0.01574,0.01574
6001,0,0.0002,0.0,0.02554,0.0,1e-05,1e-05
6002,0,6e-05,0.0,0.07324,0.005,0.00015,0.00015
6003,0,0.00012,0.0,0.00547,0.0,2e-05,2e-05
6004,0,3e-05,0.0,0.00999,0.0,1e-05,1e-05
6005,0,5e-05,0.0,0.00284,0.01,3e-05,3e-05
6006,0,4e-05,0.0,0.01315,0.0,2e-05,2e-05
6007,0,0.00014,0.0,0.02467,0.0025,2e-05,2e-05
6008,0,0.00031,0.0,0.37237,0.005,4e-05,4e-05
6009,0,0.00034,0.0,0.01888,0.0025,0.00055,0.00055
6010,0,0.0001,0.0,0.00607,0.0,7e-05,7e-05
6011,0,0.00011,0.0,0.02839,0.0075,0.00012,0.00012
6012,0,5e-05,0.0,0.01011,0.0,2e-05,2e-05
6013,0,0.00025,0.0,0.02929,0.005,4e-05,4e-05
6014,0,7e-05,0.0,0.00727,0.0075,6e-05,6e-05
6015,0,4e-05,0.0,0.00447,0.0,2e-05,2e-05
6016,0,3e-05,0.0,0.01532,0.0,1e-05,1e-05
6017,0,0.00054,0.0,0.1012,0.005,0.00027,0.00027
6018,0,0.00115,0.0,0.02852,0.0125,0.00047,0.00047
6019,0,4e-05,0.0,0.00602,0.0,6e-05,6e-05
6020,0,3e-05,0.0,0.04695,0.0,1e-05,1e-05
6021,0,1e-05,0.0,0.0139,0.0,1e-05,1e-05
6022,0,0.00043,0.0,0.00999,0.0,5e-05,5e-05
6023,0,0.00018,0.0,0.03357,0.0,3e-05,3e-05
6024,0,0.00032,0.0,0.26161,0.0,0.00016,0.00016
6025,1,0.62028,1.0,0.90048,0.9125,0.99718,1.0
6026,0,0.0004,0.0,0.49573,0.005,2e-05,2e-05
6027,0,0.00019,0.0,0.17955,0.0,2e-05,2e-05
6028,0,0.0002,0.0,0.06618,0.0,6e-05,6e-05
6029,0,0.00271,0.0,0.13827,0.0225,0.00088,0.00088
6030,0,7e-05,0.0,0.12337,0.0,4e-05,4e-05
6031,0,0.00463,0.0,0.4439,0.07,0.00061,0.00061
6032,0,0.00038,0.0,0.07116,0.005,9e-05,9e-05
6033,0,0.00018,0.0,0.0179,0.0,2e-05,2e-05
6034,0,0.0006,0.0,0.04058,0.0,4e-05,4e-05
6035,0,0.00193,0.0,0.18922,0.02,0.00059,0.00059
6036,0,0.00019,0.0,0.01382,0.0,2e-05,2e-05
6037,0,0.00103,0.0,0.38097,0.01,0.00035,0.00035
6038,0,0.00035,0.0,0.16525,0.0,5e-05,5e-05
6039,0,0.00012,0.0,0.0521,0.0,5e-05,5e-05
6040,0,0.00018,0.0,0.10728,0.0,2e-05,2e-05
6041,0,0.00279,0.0,0.13424,0.0525,0.00212,0.00212
6042,0,0.00093,0.0,0.22062,0.0025,0.00012,0.00012
6043,0,4e-05,0.0,0.03572,0.0,2e-05,2e-05
6044,0,0.00014,0.0,0.08199,0.0,3e-05,3e-05
6045,0,0.0001,0.0,0.073,0.0,4e-05,4e-05
6046,0,0.00056,0.0,0.8074,0.02,0.00052,0.00052
6047,0,0.00066,0.0,0.82682,0.0175,0.0001,0.0001
6048,0,5e-05,0.0,0.03713,0.0,2e-05,2e-05
6049,0,0.00015,0.0,0.07041,0.0,3e-05,3e-05
6050,0,8e-05,0.0,0.0489,0.0,2e-05,2e-05
6051,0,0.00014,0.0,0.06727,0.0,3e-05,3e-05
6052,0,0.00018,0.0,0.58912,0.005,4e-05,4e-05
6053,0,7e-05,0.0,0.26229,0.0,4e-05,4e-05
6054,0,0.00067,0.0,0.0853,0.0,7e-05,7e-05
6055,0,0.00014,0.0,0.10048,0.0,2e-05,2e-05
6056,0,0.00019,0.0,0.21569,0.0,3e-05,3e-05
6057,0,0.00011,0.0,0.08749,0.0,8e-05,8e-05
6058,0,6e-05,0.0,0.10089,0.0,5e-05,5e-05
6059,0,4e-05,0.0,0.08132,0.0,3e-05,3e-05
6060,0,0.00201,0.0,0.83536,0.0225,3e-05,3e-05
6061,0,4e-05,0.0,0.126,0.0,2e-05,2e-05
6062,0,3e-05,0.0,0.07113,0.0025,4e-05,4e-05
6063,0,0.00066,0.0,0.58711,0.0075,4e-05,4e-05
6064,0,0.00015,0.0,0.35283,0.0,3e-05,3e-05
6065,0,7e-05,0.0,0.20726,0.0,4e-05,4e-05
6066,0,0.00129,0.0,0.22376,0.0,0.0004,0.0004
6067,0,0.00011,0.0,0.21307,0.0,8e-05,8e-05
6068,0,0.00043,0.0,0.21409,0.0,0.00016,0.00016
6069,0,0.00072,0.0,0.59077,0.0,0.00013,0.00013
6070,0,0.00012,0.0,0.19946,0.0,3e-05,3e-05
6071,0,4e-05,0.0,0.15336,0.0,2e-05,2e-05
6072,0,0.00026,0.0,0.37439,0.0,3e-05,3e-05
6073,0,0.00024,0.0,0.14886,0.0025,9e-05,9e-05
6074,0,0.00014,0.0,0.24122,0.0025,0.00015,0.00015
6075,0,4e-05,0.0,0.25055,0.0025,2e-05,2e-05
6076,0,0.00011,0.0,0.24169,0.0,4e-05,4e-05
6077,0,0.00036,0.0,0.33413,0.0,5e-05,5e-05
6078,0,0.00015,0.0,0.4621,0.0025,0.00012,0.00012
6079,1,0.98833,1.0,0.94373,0.99,0.99341,1.0
6080,0,0.02317,0.0,0.52544,0.0575,0.00076,0.00076
6081,0,0.03026,0.0,0.41342,0.41,0.05938,0.05938
6082,0,0.02398,0.0,0.46676,0.0425,0.00551,0.00551
6083,0,0.06991,0.0,0.75325,0.2275,0.00222,0.00222
6084,0,0.03814,0.0,0.79592,0.22,0.00283,0.00283
6085,0,4e-05,0.0,0.00509,0.0,1e-05,1e-05
6086,0,5e-05,0.0,0.01037,0.0,1e-05,1e-05
6087,0,2e-05,0.0,0.00815,0.0,3e-05,3e-05
6088,0,2e-05,0.0,0.00338,0.0,1e-05,1e-05
6089,0,4e-05,0.0,0.01241,0.0,2e-05,2e-05
6090,0,1e-05,0.0,0.01205,0.0,2e-05,2e-05
6091,0,5e-05,0.0,0.00384,0.0,7e-05,7e-05
6092,0,0.0011,0.0,0.48708,0.0175,0.00205,0.00205
6093,0,0.00013,0.0,0.00516,0.0,5e-05,5e-05
6094,0,0.00189,0.0,0.54237,0.0025,0.00038,0.00038
6095,0,0.00077,0.0,0.08855,0.0425,0.00057,0.00057
6096,0,0.00014,0.0,0.06232,0.0025,4e-05,4e-05
6097,0,9e-05,0.0,0.01859,0.0,2e-05,2e-05
6098,0,3e-05,0.0,0.01544,0.0,1e-05,1e-05
6099,0,9e-05,0.0,0.00883,0.0,4e-05,4e-05
6100,0,9e-05,0.0,0.00279,0.0,5e-05,5e-05
6101,0,6e-05,0.0,0.00997,0.0,3e-05,3e-05
6102,0,0.0001,0.0,0.00822,0.0,7e-05,7e-05
6103,0,0.00018,0.0,0.06141,0.0,3e-05,3e-05
6104,0,0.00083,0.0,0.09977,0.0,0.00024,0.00024
6105,0,5e-05,0.0,0.03435,0.0,1e-05,1e-05
6106,0,0.00013,0.0,0.05328,0.015,0.00014,0.00014
6107,0,0.00053,0.0,0.14558,0.0625,0.0007,0.0007
6108,0,0.00824,0.0,0.16343,0.2575,0.00859,0.00859
6109,0,9e-05,0.0,0.00763,0.0,2e-05,2e-05
6110,0,9e-05,0.0,0.02098,0.0,4e-05,4e-05
6111,0,0.00016,0.0,0.0507,0.0,3e-05,3e-05
6112,0,8e-05,0.0,0.0357,0.0,3e-05,3e-05
6113,0,6e-05,0.0,0.02746,0.0,2e-05,2e-05
6114,0,6e-05,0.0,0.01165,0.0,1e-05,1e-05
6115,0,0.00013,0.0,0.01894,0.0,3e-05,3e-05
6116,0,0.00331,0.0,0.17078,0.0375,0.00112,0.00112
6117,0,0.00061,0.0,0.11914,0.0025,5e-05,5e-05
6118,0,0.00028,0.0,0.05747,0.0025,3e-05,3e-05
6119,0,0.00288,0.0,0.85425,0.045,0.00032,0.00032
6120,0,0.0001,0.0,0.05318,0.0,3e-05,3e-05
6121,0,0.00011,0.0,0.04286,0.0,2e-05,2e-05
6122,0,4e-05,0.0,0.05449,0.0,4e-05,4e-05
6123,0,0.00161,0.0,0.61327,0.005,0.0034,0.0034
6124,0,0.0001,0.0,0.10098,0.0,9e-05,9e-05
6125,0,0.0003,0.0,0.02451,0.0025,4e-05,4e-05
6126,0,0.00033,0.0,0.10722,0.0,0.00012,0.00012
6127,0,0.00051,0.0,0.56726,0.0,6e-05,6e-05
6128,0,0.12121,0.0,0.99279,0.255,0.00647,0.00647
6129,0,5e-05,0.0,0.06708,0.01,2e-05,2e-05
6130,0,0.00017,0.0,0.1584,0.0025,4e-05,4e-05
6131,0,0.00043,0.0,0.19068,0.0,0.00012,0.00012
6132,0,7e-05,0.0,0.04347,0.0,1e-05,1e-05
6133,0,0.00014,0.0,0.18387,0.0,1e-05,1e-05
6134,0,0.00015,0.0,0.14993,0.0,3e-05,3e-05
6135,0,4e-05,0.0,0.07272,0.0,1e-05,1e-05
6136,0,0.00347,0.0,0.0757,0.0,0.0001,0.0001
6137,0,0.00015,0.0,0.10546,0.0,4e-05,4e-05
6138,0,6e-05,0.0,0.17065,0.0,2e-05,2e-05
6139,0,0.00027,0.0,0.19115,0.0,2e-05,2e-05
6140,0,9e-05,0.0,0.09931,0.0,2e-05,2e-05
6141,0,0.00019,0.0,0.10475,0.0,4e-05,4e-05
6142,0,0.0001,0.0,0.27794,0.0,0.00011,0.00011
6143,0,9e-05,0.0,0.09762,0.0,6e-05,6e-05
6144,0,6e-05,0.0,0.07852,0.0,2e-05,2e-05
6145,0,0.00012,0.0,0.09169,0.0,7e-05,7e-05
6146,0,0.00014,0.0,0.22196,0.0,2e-05,2e-05
6147,0,9e-05,0.0,0.19069,0.0,4e-05,4e-05
6148,0,0.00023,0.0,0.42688,0.0025,3e-05,3e-05
6149,0,4e-05,0.0,0.17366,0.0,0.0001,0.0001
6150,0,0.00068,0.0,0.40255,0.0125,5e-05,5e-05
6151,0,0.01146,0.0,0.16031,0.02,0.00164,0.00164
6152,0,5e-05,0.0,0.17192,0.0,5e-05,5e-05
6153,0,5e-05,0.0,0.13544,0.0,2e-05,2e-05
6154,1,0.40781,1.0,0.99063,0.73,0.42588,1.0
6155,0,8e-05,0.0,0.14448,0.0075,0.00014,0.00014
6156,0,5e-05,0.0,0.14793,0.0,5e-05,5e-05
6157,0,0.00011,0.0,0.33833,0.0,8e-05,8e-05
6158,0,7e-05,0.0,0.21506,0.0,5e-05,5e-05
6159,0,0.00067,0.0,0.23616,0.0175,0.00052,0.00052
6160,1,0.06592,1.0,0.85988,0.76,0.76074,1.0
6161,0,0.00026,0.0,0.25381,0.0,5e-05,5e-05
6162,0,0.0013,0.0,0.48559,0.0025,0.00026,0.00026
6163,0,0.0003,0.0,0.29544,0.0,5e-05,5e-05
6164,0,0.0014,0.0,0.73498,0.01,0.00027,0.00027
6165,0,0.0001,0.0,0.21993,0.0025,0.00013,0.00013
6166,0,0.05583,0.0,0.36286,0.4325,0.1649,0.1649
6167,0,0.03934,0.0,0.39905,0.2225,0.02608,0.02608
6168,0,0.00706,0.0,0.81599,0.0875,0.00132,0.00132
6169,0,0.009,0.0,0.32891,0.185,0.00253,0.00253
6170,0,0.0981,0.0,0.51493,0.455,0.12694,0.12694
6171,0,0.00112,0.0,0.38598,0.045,0.0017,0.0017
6172,0,0.01095,0.0,0.66332,0.2375,0.0152,0.0152
6173,1,0.01827,0.0,0.4868,0.1425,0.02434,0.02434
6174,0,3e-05,0.0,0.00172,0.0,4e-05,4e-05
6175,0,2e-05,0.0,0.00283,0.0,2e-05,2e-05
6176,0,6e-05,0.0,0.02323,0.0025,3e-05,3e-05
6177,0,0.00025,0.0,0.011,0.0,7e-05,7e-05
6178,0,0.0003,0.0,0.04071,0.0,3e-05,3e-05
6179,1,0.97587,1.0,0.98074,0.9325,0.72435,1.0
6180,0,0.00049,0.0,0.05014,0.015,0.00017,0.00017
6181,0,0.00061,0.0,0.03501,0.0,6e-05,6e-05
6182,0,0.00078,0.0,0.00873,0.0,0.00012,0.00012
6183,0,0.00014,0.0,0.01058,0.0,3e-05,3e-05
6184,0,0.00016,0.0,0.00678,0.0,6e-05,6e-05
6185,0,8e-05,0.0,0.01178,0.0,5e-05,5e-05
6186,0,0.00011,0.0,0.00922,0.0,0.00012,0.00012
6187,0,0.00046,0.0,0.07368,0.0,0.0001,0.0001
6188,0,0.01612,0.0,0.36959,0.0125,0.00312,0.00312
6189,0,0.00019,0.0,0.07701,0.0,1e-05,1e-05
6190,0,0.0001,0.0,0.00615,0.0,9e-05,9e-05
6191,0,0.0003,0.0,0.00583,0.0,6e-05,6e-05
6192,0,5e-05,0.0,0.00686,0.0,0.0001,0.0001
6193,0,0.00056,0.0,0.09275,0.0025,0.00031,0.00031
6194,0,4e-05,0.0,0.02097,0.0,2e-05,2e-05
6195,0,5e-05,0.0,0.03281,0.0,2e-05,2e-05
6196,0,6e-05,0.0,0.01058,0.0,2e-05,2e-05
6197,0,0.00037,0.0,0.01107,0.0,2e-05,2e-05
6198,0,0.00011,0.0,0.081,0.0,2e-05,2e-05
6199,0,6e-05,0.0,0.01103,0.0,2e-05,2e-05
6200,0,8e-05,0.0,0.06029,0.0,3e-05,3e-05
6201,0,0.00015,0.0,0.01333,0.0,6e-05,6e-05
6202,0,0.00014,0.0,0.051,0.0025,3e-05,3e-05
6203,0,0.00011,0.0,0.73623,0.0025,2e-05,2e-05
6204,0,0.00047,0.0,0.09589,0.0,7e-05,7e-05
6205,0,4e-05,0.0,0.01739,0.0,2e-05,2e-05
6206,0,0.00029,0.0,0.01158,0.0,6e-05,6e-05
6207,0,0.00062,0.0,0.01251,0.0,9e-05,9e-05
6208,0,0.00025,0.0,0.07115,0.0,3e-05,3e-05
6209,0,0.00026,0.0,0.1346,0.0,8e-05,8e-05
6210,0,0.00029,0.0,0.09819,0.0,2e-05,2e-05
6211,0,0.00052,0.0,0.17553,0.0025,7e-05,7e-05
6212,0,0.00036,0.0,0.39851,0.0,3e-05,3e-05
6213,0,0.00094,0.0,0.52963,0.0,5e-05,5e-05
6214,0,8e-05,0.0,0.04541,0.0,3e-05,3e-05
6215,0,0.00066,0.0,0.22056,0.0,0.00012,0.00012
6216,0,0.00012,0.0,0.09629,0.0,6e-05,6e-05
6217,0,9e-05,0.0,0.03432,0.0,3e-05,3e-05
6218,0,0.00014,0.0,0.17928,0.0,2e-05,2e-05
6219,0,0.00095,0.0,0.39105,0.0,0.00019,0.00019
6220,0,5e-05,0.0,0.2179,0.0,5e-05,5e-05
6221,0,0.00039,0.0,0.36604,0.0,0.00011,0.00011
6222,0,0.00061,0.0,0.5206,0.0025,2e-05,2e-05
6223,0,1e-05,0.0,0.05808,0.0,1e-05,1e-05
6224,0,0.00016,0.0,0.0737,0.0,3e-05,3e-05
6225,0,4e-05,0.0,0.06544,0.0,2e-05,2e-05
6226,0,0.00025,0.0,0.1766,0.0,5e-05,5e-05
6227,0,0.00249,0.0,0.84421,0.0275,0.00021,0.00021
6228,0,0.00038,0.0,0.18448,0.0025,7e-05,7e-05
6229,0,0.00073,0.0,0.58474,0.0,4e-05,4e-05
6230,0,0.00021,0.0,0.65449,0.0,3e-05,3e-05
6231,0,7e-05,0.0,0.08682,0.005,3e-05,3e-05
6232,0,7e-05,0.0,0.17559,0.0,2e-05,2e-05
6233,0,0.00065,0.0,0.11491,0.0,0.00024,0.00024
6234,0,8e-05,0.0,0.20568,0.0,0.00013,0.00013
6235,0,0.0001,0.0,0.3028,0.0,3e-05,3e-05
6236,0,5e-05,0.0,0.13591,0.0,2e-05,2e-05
6237,0,7e-05,0.0,0.16437,0.0,0.00011,0.00011
6238,0,0.00025,0.0,0.32032,0.0,3e-05,3e-05
6239,0,0.00096,0.0,0.87267,0.035,0.00012,0.00012
6240,0,7e-05,0.0,0.18179,0.0,5e-05,5e-05
6241,0,0.00013,0.0,0.40224,0.0,0.00011,0.00011
6242,0,0.00034,0.0,0.8757,0.0025,0.00011,0.00011
6243,0,0.00015,0.0,0.46809,0.0,5e-05,5e-05
6244,0,0.00012,0.0,0.90886,0.0,3e-05,3e-05
6245,0,0.00047,0.0,0.18308,0.0025,6e-05,6e-05
6246,0,0.00022,0.0,0.46423,0.0,0.00011,0.00011
6247,0,0.00024,0.0,0.43106,0.0025,9e-05,9e-05
6248,0,0.00038,0.0,0.56972,0.0,0.00013,0.00013
6249,1,0.97226,1.0,0.93479,0.925,0.97639,1.0
6250,0,0.00013,0.0,0.3354,0.0,0.0001,0.0001
6251,0,0.00035,0.0,0.41268,0.0,0.00017,0.00017
6252,0,6e-05,0.0,0.28267,0.0025,6e-05,6e-05
6253,0,0.00076,0.0,0.32285,0.0025,0.00023,0.00023
6254,0,0.00999,0.0,0.32734,0.02,0.00022,0.00022
6255,0,0.00073,0.0,0.71153,0.0225,0.00019,0.00019
6256,1,0.93041,1.0,0.92708,0.9475,0.99025,1.0
6257,1,0.00094,0.0,0.39458,0.085,0.00072,0.00072
6258,0,0.00015,0.0,0.15679,0.015,0.00087,0.00087
6259,0,4e-05,0.0,0.01069,0.0,2e-05,2e-05
6260,0,0.00017,0.0,0.07958,0.02,0.00029,0.00029
6261,0,5e-05,0.0,0.06234,0.0475,0.0001,0.0001
6262,0,0.0011,0.0,0.11031,0.0075,0.0005,0.0005
6263,0,6e-05,0.0,0.00623,0.0,9e-05,9e-05
6264,0,0.00013,0.0,0.00315,0.0,4e-05,4e-05
6265,0,0.00015,0.0,0.01641,0.0,2e-05,2e-05
6266,0,0.00083,0.0,0.13696,0.0,8e-05,8e-05
6267,0,0.00055,0.0,0.12606,0.0,0.00026,0.00026
6268,0,3e-05,0.0,0.00961,0.0,4e-05,4e-05
6269,0,4e-05,0.0,0.00862,0.0,3e-05,3e-05
6270,0,0.0001,0.0,0.03632,0.0,3e-05,3e-05
6271,0,0.00027,0.0,0.02196,0.0,0.00012,0.00012
6272,0,0.00012,0.0,0.00515,0.0,7e-05,7e-05
6273,0,0.00024,0.0,0.22863,0.0,4e-05,4e-05
6274,0,6e-05,0.0,0.00918,0.0,2e-05,2e-05
6275,0,7e-05,0.0,0.00893,0.0,5e-05,5e-05
6276,0,5e-05,0.0,0.01264,0.0,2e-05,2e-05
6277,0,0.01006,0.0,0.98274,0.1625,8e-05,8e-05
6278,0,4e-05,0.0,0.04927,0.0,1e-05,1e-05
6279,0,6e-05,0.0,0.0268,0.0,3e-05,3e-05
6280,0,0.00011,0.0,0.40858,0.0,2e-05,2e-05
6281,0,9e-05,0.0,0.03434,0.0,1e-05,1e-05
6282,0,7e-05,0.0,0.05313,0.0,4e-05,4e-05
6283,0,0.00013,0.0,0.10929,0.0025,9e-05,9e-05
6284,0,0.00013,0.0,0.01728,0.0,2e-05,2e-05
6285,0,8e-05,0.0,0.01268,0.0,1e-05,1e-05
6286,0,0.00043,0.0,0.14276,0.005,0.00075,0.00075
6287,0,0.0001,0.0,0.03611,0.0,4e-05,4e-05
6288,0,6e-05,0.0,0.05559,0.0,3e-05,3e-05
6289,0,0.00117,0.0,0.5553,0.0075,0.00024,0.00024
6290,0,0.00172,0.0,0.96736,0.0125,0.00089,0.00089
6291,0,6e-05,0.0,0.05081,0.0,7e-05,7e-05
6292,0,4e-05,0.0,0.03167,0.0,2e-05,2e-05
6293,0,2e-05,0.0,0.03191,0.0,1e-05,1e-05
6294,0,0.00012,0.0,0.09708,0.0,3e-05,3e-05
6295,0,0.0001,0.0,0.07872,0.0,8e-05,8e-05
6296,0,2e-05,0.0,0.03252,0.0,1e-05,1e-05
6297,0,0.00022,0.0,0.1081,0.0,8e-05,8e-05
6298,0,0.00731,0.0,0.91844,0.03,0.00011,0.00011
6299,0,0.00013,0.0,0.24237,0.0,2e-05,2e-05
6300,0,0.00034,0.0,0.49826,0.0,0.00012,0.00012
6301,0,0.00012,0.0,0.11055,0.005,7e-05,7e-05
6302,0,7e-05,0.0,0.08664,0.0,7e-05,7e-05
6303,0,0.00023,0.0,0.53279,0.005,8e-05,8e-05
6304,0,0.00013,0.0,0.3719,0.0025,3e-05,3e-05
6305,0,0.00039,0.0,0.1196,0.0,2e-05,2e-05
6306,0,9e-05,0.0,0.05891,0.0,3e-05,3e-05
6307,0,0.00019,0.0,0.10409,0.0,8e-05,8e-05
6308,0,0.00012,0.0,0.10813,0.0,3e-05,3e-05
6309,0,0.00015,0.0,0.05394,0.0,7e-05,7e-05
6310,0,0.00041,0.0,0.66783,0.005,0.00028,0.00028
6311,0,0.00011,0.0,0.54581,0.0025,3e-05,3e-05
6312,0,0.00026,0.0,0.36698,0.0,6e-05,6e-05
6313,0,7e-05,0.0,0.13099,0.0,5e-05,5e-05
6314,0,0.00198,0.0,0.49165,0.0125,0.00063,0.00063
6315,0,0.00016,0.0,0.11122,0.0,2e-05,2e-05
6316,0,0.0003,0.0,0.30632,0.0025,0.00029,0.00029
6317,0,6e-05,0.0,0.17121,0.0,3e-05,3e-05
6318,0,0.00082,0.0,0.7449,0.0,3e-05,3e-05
6319,0,0.00033,0.0,0.61233,0.0025,0.0001,0.0001
6320,0,0.00012,0.0,0.27421,0.0,2e-05,2e-05
6321,0,0.00088,0.0,0.83317,0.0025,3e-05,3e-05
6322,0,0.11707,0.0,0.98691,0.2425,0.00012,0.00012
6323,0,9e-05,0.0,0.25284,0.0,3e-05,3e-05
6324,0,0.0005,0.0,0.68132,0.005,6e-05,6e-05
6325,0,0.00047,0.0,0.77756,0.0,8e-05,8e-05
6326,0,9e-05,0.0,0.17496,0.0,3e-05,3e-05
6327,0,0.00019,0.0,0.38596,0.0,7e-05,7e-05
6328,0,0.00058,0.0,0.68101,0.01,7e-05,7e-05
6329,0,0.00037,0.0,0.24135,0.0,7e-05,7e-05
6330,0,7e-05,0.0,0.20349,0.0,4e-05,4e-05
6331,0,5e-05,0.0,0.21953,0.0,6e-05,6e-05
6332,0,6e-05,0.0,0.44805,0.005,3e-05,3e-05
6333,0,0.00021,0.0,0.55013,0.0,0.00035,0.00035
6334,0,7e-05,0.0,0.15924,0.015,0.00011,0.00011
6335,0,0.00072,0.0,0.26204,0.01,0.00026,0.00026
6336,0,0.00155,0.0,0.53425,0.0225,0.00034,0.00034
6337,0,0.00246,0.0,0.76779,0.0275,0.00067,0.00067
6338,0,0.00459,0.0,0.49031,0.135,0.00168,0.00168
6339,0,0.07378,0.0,0.39376,0.11,0.00819,0.00819
6340,0,0.00668,0.0,0.72401,0.08,0.00487,0.00487
6341,1,0.39058,0.0,0.60425,0.67,0.38887,0.38887
6342,0,0.00039,0.0,0.06123,0.005,0.0002,0.0002
6343,0,7e-05,0.0,0.02019,0.0,3e-05,3e-05
6344,0,2e-05,0.0,0.00397,0.0,0.00012,0.00012
6345,0,0.00022,0.0,0.06481,0.015,0.00061,0.00061
6346,0,8e-05,0.0,0.00542,0.0025,3e-05,3e-05
6347,0,0.00061,0.0,0.90951,0.0075,0.00012,0.00012
6348,0,0.00112,0.0,0.06588,0.0025,0.0002,0.0002
6349,0,5e-05,0.0,0.00941,0.0,6e-05,6e-05
6350,0,6e-05,0.0,0.0101,0.0,4e-05,4e-05
6351,0,8e-05,0.0,0.21895,0.0,7e-05,7e-05
6352,0,0.0001,0.0,0.05811,0.0,5e-05,5e-05
6353,0,5e-05,0.0,0.02109,0.0,6e-05,6e-05
6354,0,5e-05,0.0,0.02396,0.0,0.00011,0.00011
6355,0,4e-05,0.0,0.01491,0.0,4e-05,4e-05
6356,0,9e-05,0.0,0.02246,0.0,6e-05,6e-05
6357,0,7e-05,0.0,0.11817,0.0125,5e-05,5e-05
6358,0,0.00027,0.0,0.47129,0.0025,0.00014,0.00014
6359,0,7e-05,0.0,0.06955,0.005,2e-05,2e-05
6360,0,0.0007,0.0,0.49172,0.0025,0.00033,0.00033
6361,0,4e-05,0.0,0.04564,0.0,2e-05,2e-05
6362,0,0.00012,0.0,0.65488,0.0,0.00012,0.00012
6363,0,0.00012,0.0,0.01425,0.0,0.00018,0.00018
6364,0,2e-05,0.0,0.01549,0.0,2e-05,2e-05
6365,0,5e-05,0.0,0.03582,0.0,5e-05,5e-05
6366,0,0.00035,0.0,0.50975,0.0225,6e-05,6e-05
6367,0,0.0002,0.0,0.04261,0.0,2e-05,2e-05
6368,0,4e-05,0.0,0.01833,0.0,2e-05,2e-05
6369,0,0.00017,0.0,0.1771,0.0,6e-05,6e-05
6370,0,0.00016,0.0,0.00978,0.0,8e-05,8e-05
6371,0,0.00037,0.0,0.31966,0.0025,8e-05,8e-05
6372,0,0.00021,0.0,0.04068,0.0,4e-05,4e-05
6373,0,0.00014,0.0,0.02767,0.0,0.0001,0.0001
6374,0,0.00021,0.0,0.022,0.0075,0.00017,0.00017
6375,0,5e-05,0.0,0.07008,0.0,3e-05,3e-05
6376,0,4e-05,0.0,0.01617,0.0,2e-05,2e-05
6377,0,0.00029,0.0,0.03494,0.0225,0.0003,0.0003
6378,0,2e-05,0.0,0.06262,0.0,2e-05,2e-05
6379,0,0.00014,0.0,0.15897,0.0,7e-05,7e-05
6380,0,0.00019,0.0,0.18931,0.0,1e-05,1e-05
6381,0,0.00066,0.0,0.55942,0.0,6e-05,6e-05
6382,0,0.00135,0.0,0.04524,0.0,0.00036,0.00036
6383,0,0.00011,0.0,0.14311,0.0,9e-05,9e-05
6384,0,8e-05,0.0,0.10508,0.0,3e-05,3e-05
6385,0,8e-05,0.0,0.19759,0.005,5e-05,5e-05
6386,0,0.00031,0.0,0.41836,0.0,2e-05,2e-05
6387,0,0.0001,0.0,0.06833,0.0,6e-05,6e-05
6388,0,5e-05,0.0,0.10255,0.0,3e-05,3e-05
6389,0,0.00211,0.0,0.2,0.005,7e-05,7e-05
6390,0,0.00016,0.0,0.04042,0.0,0.00021,0.00021
6391,0,0.00086,0.0,0.63908,0.0,2e-05,2e-05
6392,0,0.00011,0.0,0.2221,0.0,4e-05,4e-05
6393,0,0.00011,0.0,0.10196,0.0,7e-05,7e-05
6394,0,0.00074,0.0,0.0934,0.0125,0.00033,0.00033
6395,0,0.0001,0.0,0.32728,0.0,8e-05,8e-05
6396,0,0.00021,0.0,0.62108,0.005,3e-05,3e-05
6397,0,0.00011,0.0,0.29593,0.0,8e-05,8e-05
6398,0,6e-05,0.0,0.09492,0.0,4e-05,4e-05
6399,0,0.00021,0.0,0.90274,0.0025,1e-05,1e-05
6400,0,9e-05,0.0,0.17539,0.0,0.0002,0.0002
6401,0,7e-05,0.0,0.17828,0.0,4e-05,4e-05
6402,0,7e-05,0.0,0.15936,0.0,3e-05,3e-05
6403,0,5e-05,0.0,0.14786,0.0,3e-05,3e-05
6404,0,9e-05,0.0,0.19613,0.0,5e-05,5e-05
6405,0,0.00052,0.0,0.99311,0.0625,0.00013,0.00013
6406,0,0.00079,0.0,0.81724,0.0025,6e-05,6e-05
6407,0,0.00032,0.0,0.39921,0.0,9e-05,9e-05
6408,0,0.00104,0.0,0.12458,0.03,0.00049,0.00049
6409,0,9e-05,0.0,0.21197,0.0,4e-05,4e-05
6410,0,0.00012,0.0,0.32611,0.0025,4e-05,4e-05
6411,0,7e-05,0.0,0.34953,0.0,8e-05,8e-05
6412,0,7e-05,0.0,0.26952,0.0,6e-05,6e-05
6413,0,0.0003,0.0,0.56073,0.0025,0.00023,0.00023
6414,0,7e-05,0.0,0.27657,0.0,6e-05,6e-05
6415,0,0.00017,0.0,0.23344,0.0025,8e-05,8e-05
6416,0,0.00016,0.0,0.45455,0.0,6e-05,6e-05
6417,0,0.00135,0.0,0.23953,0.025,0.00054,0.00054
6418,0,0.00474,0.0,0.4221,0.05,0.00221,0.00221
6419,0,0.06515,0.0,0.7655,0.1175,0.00196,0.00196
6420,1,0.25393,0.0,0.66031,0.5325,0.21118,0.21118
6421,0,7e-05,0.0,0.00908,0.0,2e-05,2e-05
6422,0,4e-05,0.0,0.019,0.0,2e-05,2e-05
6423,0,0.00034,0.0,0.43234,0.0,0.00025,0.00025
6424,0,4e-05,0.0,0.00683,0.0,3e-05,3e-05
6425,0,3e-05,0.0,0.02837,0.0,6e-05,6e-05
6426,0,0.00014,0.0,0.46995,0.0025,0.00014,0.00014
6427,0,2e-05,0.0,0.01473,0.0,2e-05,2e-05
6428,0,0.00021,0.0,0.14891,0.0,6e-05,6e-05
6429,0,7e-05,0.0,0.003,0.0,0.00019,0.00019
6430,0,0.00066,0.0,0.09064,0.02,0.00078,0.00078
6431,0,6e-05,0.0,0.0199,0.0,9e-05,9e-05
6432,0,0.00028,0.0,0.74138,0.0075,5e-05,5e-05
6433,0,0.0001,0.0,0.06541,0.0,3e-05,3e-05
6434,0,9e-05,0.0,0.01142,0.0,3e-05,3e-05
6435,0,0.00021,0.0,0.01566,0.0,0.00015,0.00015
6436,0,7e-05,0.0,0.01216,0.0,3e-05,3e-05
6437,0,7e-05,0.0,0.00762,0.0,7e-05,7e-05
6438,0,0.12059,0.0,0.97584,0.2675,0.00042,0.00042
6439,0,6e-05,0.0,0.01032,0.0025,8e-05,8e-05
6440,0,4e-05,0.0,0.0136,0.0,2e-05,2e-05
6441,0,0.00011,0.0,0.01072,0.0,3e-05,3e-05
6442,0,5e-05,0.0,0.01216,0.0,3e-05,3e-05
6443,0,0.00514,0.0,0.62978,0.005,3e-05,3e-05
6444,0,7e-05,0.0,0.01537,0.0,2e-05,2e-05
6445,0,0.00611,0.0,0.92973,0.0275,0.00014,0.00014
6446,0,6e-05,0.0,0.01754,0.0,3e-05,3e-05
6447,0,0.0001,0.0,0.03639,0.0,2e-05,2e-05
6448,0,0.00427,0.0,0.26168,0.0,1e-05,1e-05
6449,0,0.00021,0.0,0.01275,0.0,9e-05,9e-05
6450,0,0.00035,0.0,0.08877,0.0,2e-05,2e-05
6451,0,0.00159,0.0,0.25667,0.0025,0.00036,0.00036
6452,0,0.00023,0.0,0.02301,0.0,7e-05,7e-05
6453,0,0.00217,0.0,0.46903,0.0075,0.0003,0.0003
6454,0,0.00015,0.0,0.03264,0.0,5e-05,5e-05
6455,0,7e-05,0.0,0.03593,0.0,3e-05,3e-05
6456,0,0.00014,0.0,0.06529,0.0,2e-05,2e-05
6457,0,0.00025,0.0,0.4516,0.0,2e-05,2e-05
6458,0,0.00097,0.0,0.36477,0.0025,0.00053,0.00053
6459,0,0.00518,0.0,0.94837,0.1,0.00021,0.00021
6460,0,0.00023,0.0,0.59671,0.0025,0.00018,0.00018
6461,0,0.00117,0.0,0.75799,0.0025,6e-05,6e-05
6462,0,0.0002,0.0,0.06037,0.0,5e-05,5e-05
6463,0,5e-05,0.0,0.09785,0.0,2e-05,2e-05
6464,0,0.00081,0.0,0.8558,0.03,0.00029,0.00029
6465,0,0.00147,0.0,0.03785,0.005,0.00018,0.00018
6466,0,0.00037,0.0,0.37617,0.0025,4e-05,4e-05
6467,0,4e-05,0.0,0.06375,0.0,4e-05,4e-05
6468,0,0.00336,0.0,0.0578,0.015,0.00026,0.00026
6469,0,0.00011,0.0,0.1971,0.0,9e-05,9e-05
6470,0,0.00039,0.0,0.07591,0.0,9e-05,9e-05
6471,0,0.00047,0.0,0.79077,0.005,7e-05,7e-05
6472,0,8e-05,0.0,0.16035,0.0,3e-05,3e-05
6473,0,2e-05,0.0,0.07205,0.0,5e-05,5e-05
6474,0,0.00013,0.0,0.2167,0.0,6e-05,6e-05
6475,0,0.0002,0.0,0.79418,0.0,3e-05,3e-05
6476,0,0.00162,0.0,0.1002,0.075,0.03433,0.03433
6477,0,0.00049,0.0,0.63954,0.0025,0.00015,0.00015
6478,0,0.00104,0.0,0.19839,0.005,0.00011,0.00011
6479,1,9e-05,0.0,0.12473,0.0,4e-05,4e-05
6480,0,0.00027,0.0,0.42106,0.0025,3e-05,3e-05
6481,0,0.00079,0.0,0.18277,0.025,6e-05,6e-05
6482,0,0.00048,0.0,0.6478,0.0,2e-05,2e-05
6483,0,0.00015,0.0,0.39086,0.0,3e-05,3e-05
6484,0,0.00039,0.0,0.54844,0.0,6e-05,6e-05
6485,0,0.00101,0.0,0.2431,0.0025,0.00058,0.00058
6486,0,0.00018,0.0,0.23339,0.0,3e-05,3e-05
6487,0,0.0005,0.0,0.43584,0.0225,0.00023,0.00023
6488,0,0.00055,0.0,0.195,0.0025,6e-05,6e-05
6489,0,0.00233,0.0,0.91732,0.0025,4e-05,4e-05
6490,0,0.00013,0.0,0.30973,0.0025,6e-05,6e-05
6491,0,0.00094,0.0,0.62944,0.0025,0.00014,0.00014
6492,0,0.00049,0.0,0.71051,0.01,8e-05,8e-05
6493,0,0.00181,0.0,0.55522,0.0,0.0003,0.0003
6494,0,0.00245,0.0,0.89089,0.02,0.00021,0.00021
6495,0,0.00013,0.0,0.33311,0.0,4e-05,4e-05
6496,0,0.00016,0.0,0.2361,0.0,0.00015,0.00015
6497,0,0.00023,0.0,0.41192,0.0225,0.0002,0.0002
6498,1,0.99836,1.0,0.99137,0.9575,0.99992,1.0
6499,0,0.00105,0.0,0.70827,0.0175,0.00041,0.00041
6500,0,0.00086,0.0,0.39981,0.0075,0.00019,0.00019
6501,0,0.00204,0.0,0.6914,0.0325,0.00133,0.00133
6502,0,0.00067,0.0,0.35552,0.0975,0.00128,0.00128
6503,0,0.67432,0.0,0.99934,0.34,0.03536,0.03536
6504,0,0.00111,0.0,0.60741,0.0325,0.00127,0.00127
6505,0,0.00436,0.0,0.33652,0.0525,0.00079,0.00079
6506,0,0.00324,0.0,0.6372,0.1025,0.00496,0.00496
6507,0,0.00332,0.0,0.64647,0.165,0.00748,0.00748
6508,0,3e-05,0.0,0.00754,0.0,1e-05,1e-05
6509,0,1e-05,0.0,0.00291,0.0,4e-05,4e-05
6510,0,2e-05,0.0,0.01297,0.0,2e-05,2e-05
6511,0,0.00046,0.0,0.31955,0.0025,5e-05,5e-05
6512,0,0.00251,0.0,0.10865,0.005,0.00129,0.00129
6513,0,0.00015,0.0,0.11699,0.0825,0.00156,0.00156
6514,0,0.00013,0.0,0.02333,0.0,2e-05,2e-05
6515,0,0.0004,0.0,0.04989,0.0,5e-05,5e-05
6516,0,5e-05,0.0,0.06934,0.0025,1e-05,1e-05
6517,0,3e-05,0.0,0.02745,0.0025,5e-05,5e-05
6518,0,5e-05,0.0,0.02703,0.0,2e-05,2e-05
6519,0,0.38976,0.0,0.99418,0.2125,0.01412,0.01412
6520,0,0.00052,0.0,0.19027,0.0075,0.00023,0.00023
6521,0,4e-05,0.0,0.01556,0.0,4e-05,4e-05
6522,0,0.00016,0.0,0.0137,0.0,3e-05,3e-05
6523,0,0.00012,0.0,0.12501,0.0025,1e-05,1e-05
6524,0,0.00018,0.0,0.01015,0.0,8e-05,8e-05
6525,0,0.00011,0.0,0.01521,0.0,5e-05,5e-05
6526,1,0.97746,1.0,0.99481,0.9575,0.99942,1.0
6527,0,6e-05,0.0,0.04922,0.0,3e-05,3e-05
6528,0,0.0001,0.0,0.08973,0.0,2e-05,2e-05
6529,0,6e-05,0.0,0.04969,0.0,1e-05,1e-05
6530,0,6e-05,0.0,0.06789,0.0,4e-05,4e-05
6531,0,2e-05,0.0,0.01704,0.0,2e-05,2e-05
6532,0,9e-05,0.0,0.00749,0.0025,4e-05,4e-05
6533,0,0.00054,0.0,0.39324,0.0025,9e-05,9e-05
6534,0,0.00017,0.0,0.15859,0.0075,3e-05,3e-05
6535,0,0.00073,0.0,0.17461,0.0,8e-05,8e-05
6536,0,3e-05,0.0,0.10511,0.005,6e-05,6e-05
6537,0,0.00048,0.0,0.33641,0.0,3e-05,3e-05
6538,0,0.0002,0.0,0.07301,0.0,2e-05,2e-05
6539,0,0.00039,0.0,0.18786,0.0025,0.00012,0.00012
6540,0,0.00288,0.0,0.54286,0.0075,0.0008,0.0008
6541,1,0.61797,1.0,0.90226,0.885,0.97923,1.0
6542,0,0.00038,0.0,0.09172,0.0,8e-05,8e-05
6543,0,0.00011,0.0,0.07229,0.0,6e-05,6e-05
6544,0,7e-05,0.0,0.04298,0.0,4e-05,4e-05
6545,0,0.00018,0.0,0.20943,0.0,8e-05,8e-05
6546,0,0.00042,0.0,0.04226,0.0,3e-05,3e-05
6547,0,8e-05,0.0,0.08829,0.0,3e-05,3e-05
6548,0,6e-05,0.0,0.05484,0.0,6e-05,6e-05
6549,0,0.00012,0.0,0.06364,0.0,5e-05,5e-05
6550,0,6e-05,0.0,0.13925,0.0,3e-05,3e-05
6551,0,0.00032,0.0,0.28587,0.03,0.00046,0.00046
6552,0,8e-05,0.0,0.10239,0.0,3e-05,3e-05
6553,0,0.00023,0.0,0.10866,0.0,4e-05,4e-05
6554,0,0.00028,0.0,0.7087,0.0025,0.00018,0.00018
6555,0,0.00012,0.0,0.05714,0.005,9e-05,9e-05
6556,0,0.00017,0.0,0.44523,0.01,0.00019,0.00019
6557,0,0.00013,0.0,0.11989,0.0,3e-05,3e-05
6558,0,6e-05,0.0,0.10437,0.0,5e-05,5e-05
6559,0,0.00012,0.0,0.28709,0.0,2e-05,2e-05
6560,0,9e-05,0.0,0.14962,0.0,5e-05,5e-05
6561,0,5e-05,0.0,0.38492,0.0,3e-05,3e-05
6562,0,5e-05,0.0,0.2034,0.0,3e-05,3e-05
6563,0,8e-05,0.0,0.22673,0.0,4e-05,4e-05
6564,0,8e-05,0.0,0.41125,0.0,3e-05,3e-05
6565,0,0.00014,0.0,0.25234,0.0,0.00012,0.00012
6566,0,6e-05,0.0,0.2235,0.0,1e-05,1e-05
6567,0,5e-05,0.0,0.34971,0.0,0.00011,0.00011
6568,0,6e-05,0.0,0.20374,0.0025,0.00019,0.00019
6569,0,0.00017,0.0,0.26504,0.0,7e-05,7e-05
6570,0,0.00031,0.0,0.46002,0.0025,0.00033,0.00033
6571,0,6e-05,0.0,0.23679,0.0,3e-05,3e-05
6572,0,0.00047,0.0,0.7073,0.0025,0.00014,0.00014
6573,0,0.00038,0.0,0.81404,0.0075,0.00036,0.00036
6574,0,0.00015,0.0,0.30443,0.0025,0.00015,0.00015
6575,0,0.00011,0.0,0.29761,0.0,0.00016,0.00016
6576,0,0.00086,0.0,0.57091,0.0,0.0001,0.0001
6577,0,5e-05,0.0,0.30782,0.0,4e-05,4e-05
6578,0,0.00058,0.0,0.75177,0.0025,0.00011,0.00011
6579,0,0.00021,0.0,0.47816,0.0,5e-05,5e-05
6580,0,0.00013,0.0,0.54352,0.0,5e-05,5e-05
6581,0,8e-05,0.0,0.44853,0.005,4e-05,4e-05
6582,0,9e-05,0.0,0.39388,0.0025,5e-05,5e-05
6583,0,0.00103,0.0,0.46799,0.0025,0.00045,0.00045
6584,0,0.00266,0.0,0.44533,0.1025,0.00072,0.00072
6585,0,0.0071,0.0,0.76349,0.0875,0.00165,0.00165
6586,0,0.00148,0.0,0.39312,0.045,0.00094,0.00094
6587,0,0.04658,0.0,0.71084,0.2525,0.06164,0.06164
6588,0,0.00939,0.0,0.51034,0.045,0.001,0.001
6589,0,0.00856,0.0,0.64116,0.245,0.01777,0.01777
6590,0,9e-05,0.0,0.01318,0.0,4e-05,4e-05
6591,0,7e-05,0.0,0.00429,0.0,3e-05,3e-05
6592,0,6e-05,0.0,0.01554,0.0,0.00016,0.00016
6593,0,8e-05,0.0,0.0838,0.0025,0.00021,0.00021
6594,0,2e-05,0.0,0.0054,0.0,3e-05,3e-05
6595,0,6e-05,0.0,0.02245,0.0025,4e-05,4e-05
6596,0,4e-05,0.0,0.01717,0.0,2e-05,2e-05
6597,0,0.00035,0.0,0.02527,0.0,6e-05,6e-05
6598,0,0.00075,0.0,0.11118,0.02,0.00021,0.00021
6599,0,0.00021,0.0,0.26262,0.0025,2e-05,2e-05
6600,0,7e-05,0.0,0.0319,0.0025,8e-05,8e-05
6601,0,0.00028,0.0,0.12723,0.025,6e-05,6e-05
6602,0,0.00155,0.0,0.216,0.0075,0.00101,0.00101
6603,0,0.00084,0.0,0.21748,0.0025,0.00019,0.00019
6604,0,0.00092,0.0,0.16067,0.0025,0.00062,0.00062
6605,0,0.00015,0.0,0.01973,0.0,6e-05,6e-05
6606,0,0.00012,0.0,0.01053,0.0,0.00022,0.00022
6607,0,3e-05,0.0,0.06456,0.0125,1e-05,1e-05
6608,0,8e-05,0.0,0.04762,0.0,2e-05,2e-05
6609,0,3e-05,0.0,0.02839,0.0,1e-05,1e-05
6610,0,6e-05,0.0,0.07816,0.0,1e-05,1e-05
6611,0,7e-05,0.0,0.0301,0.0,1e-05,1e-05
6612,0,2e-05,0.0,0.02337,0.0,1e-05,1e-05
6613,0,0.43004,0.0,0.99824,0.46,0.93135,0.93135
6614,0,0.00013,0.0,0.09947,0.0,3e-05,3e-05
6615,0,6e-05,0.0,0.02512,0.0025,0.00012,0.00012
6616,0,0.0001,0.0,0.0966,0.0425,5e-05,5e-05
6617,0,0.01024,0.0,0.24781,0.0375,0.00026,0.00026
6618,0,0.20804,0.0,0.94159,0.0975,0.00047,0.00047
6619,1,0.0834,1.0,0.97471,0.81,0.43634,1.0
6620,0,0.00014,0.0,0.02755,0.0,3e-05,3e-05
6621,0,0.0001,0.0,0.02512,0.0,2e-05,2e-05
6622,0,0.00011,0.0,0.03913,0.0,5e-05,5e-05
6623,0,0.00026,0.0,0.36509,0.0025,8e-05,8e-05
6624,0,0.00015,0.0,0.11682,0.0,5e-05,5e-05
6625,0,5e-05,0.0,0.11524,0.0,2e-05,2e-05
6626,0,0.00113,0.0,0.19657,0.0075,6e-05,6e-05
6627,0,7e-05,0.0,0.14849,0.0,2e-05,2e-05
6628,0,0.0001,0.0,0.06729,0.0,2e-05,2e-05
6629,0,5e-05,0.0,0.08275,0.0,1e-05,1e-05
6630,0,0.00058,0.0,0.59305,0.0025,5e-05,5e-05
6631,0,0.00013,0.0,0.43664,0.0025,0.00026,0.00026
6632,0,0.0051,0.0,0.76336,0.0325,0.00315,0.00315
6633,0,0.00258,0.0,0.81121,0.0,3e-05,3e-05
6634,0,0.00031,0.0,0.06919,0.0,2e-05,2e-05
6635,0,0.00063,0.0,0.42793,0.0,3e-05,3e-05
6636,0,9e-05,0.0,0.19413,0.0,2e-05,2e-05
6637,0,6e-05,0.0,0.07639,0.0,2e-05,2e-05
6638,0,0.00016,0.0,0.32252,0.055,0.00012,0.00012
6639,0,0.00011,0.0,0.38634,0.0,2e-05,2e-05
6640,0,0.00053,0.0,0.63877,0.0075,5e-05,5e-05
6641,0,0.00243,0.0,0.50689,0.01,0.00021,0.00021
6642,0,6e-05,0.0,0.1423,0.0025,6e-05,6e-05
6643,0,0.00256,0.0,0.26259,0.0025,0.00029,0.00029
6644,0,0.02646,0.0,0.95565,0.055,0.00014,0.00014
6645,0,7e-05,0.0,0.32193,0.0,2e-05,2e-05
6646,0,7e-05,0.0,0.21834,0.0,3e-05,3e-05
6647,0,5e-05,0.0,0.21578,0.0,2e-05,2e-05
6648,0,4e-05,0.0,0.34263,0.0,1e-05,1e-05
6649,0,0.0001,0.0,0.38488,0.0,2e-05,2e-05
6650,0,0.00267,0.0,0.85412,0.0325,0.00045,0.00045
6651,0,7e-05,0.0,0.245,0.0,1e-05,1e-05
6652,0,0.00658,0.0,0.94431,0.005,5e-05,5e-05
6653,0,5e-05,0.0,0.17392,0.0,1e-05,1e-05
6654,0,0.00161,0.0,0.15178,0.0625,0.00143,0.00143
6655,0,0.0001,0.0,0.92291,0.0,4e-05,4e-05
6656,0,0.0001,0.0,0.3032,0.0,3e-05,3e-05
6657,0,0.00013,0.0,0.3574,0.0,6e-05,6e-05
6658,0,0.03587,0.0,0.79461,0.0225,9e-05,9e-05
6659,0,0.00019,0.0,0.77467,0.0025,5e-05,5e-05
6660,0,0.00014,0.0,0.3226,0.0,3e-05,3e-05
6661,0,0.00011,0.0,0.46187,0.0,7e-05,7e-05
6662,0,0.0002,0.0,0.38941,0.0,0.00011,0.00011
6663,0,0.00034,0.0,0.81697,0.01,0.00345,0.00345
6664,0,0.00023,0.0,0.6337,0.0,5e-05,5e-05
6665,0,0.00019,0.0,0.47777,0.0075,7e-05,7e-05
6666,0,0.00023,0.0,0.63002,0.0,7e-05,7e-05
6667,0,0.00119,0.0,0.85532,0.055,0.0002,0.0002
6668,0,0.0001,0.0,0.40642,0.0025,3e-05,3e-05
6669,0,0.00073,0.0,0.53262,0.085,0.00019,0.00019
6670,0,0.00133,0.0,0.40497,0.135,0.00046,0.00046
6671,0,0.00967,0.0,0.85609,0.2425,0.00404,0.00404
6672,0,0.00936,0.0,0.73888,0.1275,0.00465,0.00465
6673,0,0.27782,0.0,0.85208,0.215,0.04856,0.04856
6674,1,0.06898,1.0,0.90814,0.735,0.96713,1.0
6675,0,0.01911,0.0,0.50738,0.42,0.09631,0.09631
6676,0,0.02224,0.0,0.50433,0.155,0.00319,0.00319
6677,0,0.0092,0.0,0.73861,0.13,0.00062,0.00062
6678,0,0.05746,0.0,0.64005,0.2575,0.08187,0.08187
6679,1,0.57501,1.0,0.93835,0.8725,0.99915,1.0
6680,0,0.00016,0.0,0.04642,0.0075,5e-05,5e-05
6681,0,0.00012,0.0,0.16926,0.0125,0.00034,0.00034
6682,0,7e-05,0.0,0.07847,0.0025,4e-05,4e-05
6683,0,0.00011,0.0,0.01898,0.0,9e-05,9e-05
6684,0,0.00065,0.0,0.35636,0.005,0.00029,0.00029
6685,0,0.00023,0.0,0.02442,0.0,4e-05,4e-05
6686,0,0.00046,0.0,0.04045,0.0025,2e-05,2e-05
6687,0,0.0002,0.0,0.00424,0.0,3e-05,3e-05
6688,0,7e-05,0.0,0.00884,0.0025,0.00013,0.00013
6689,0,0.0002,0.0,0.02558,0.0,2e-05,2e-05
6690,0,0.00012,0.0,0.04367,0.0,3e-05,3e-05
6691,0,0.00119,0.0,0.29104,0.0125,0.00023,0.00023
6692,0,0.00042,0.0,0.07428,0.01,0.00022,0.00022
6693,0,9e-05,0.0,0.0096,0.0,4e-05,4e-05
6694,0,3e-05,0.0,0.00795,0.0025,5e-05,5e-05
6695,0,0.02192,0.0,0.92053,0.12,0.0026,0.0026
6696,0,0.0007,0.0,0.66227,0.03,0.00064,0.00064
6697,0,4e-05,0.0,0.01302,0.0,6e-05,6e-05
6698,0,6e-05,0.0,0.01719,0.0,4e-05,4e-05
6699,0,0.00044,0.0,0.15762,0.0025,5e-05,5e-05
6700,0,6e-05,0.0,0.03747,0.0,4e-05,4e-05
6701,0,0.0008,0.0,0.21843,0.0275,0.00037,0.00037
6702,0,8e-05,0.0,0.02366,0.0,5e-05,5e-05
6703,0,5e-05,0.0,0.01388,0.0,3e-05,3e-05
6704,0,0.0001,0.0,0.01297,0.0,4e-05,4e-05
6705,0,4e-05,0.0,0.03219,0.0,1e-05,1e-05
6706,0,0.0009,0.0,0.7139,0.03,0.00048,0.00048
6707,0,0.00039,0.0,0.29667,0.0125,9e-05,9e-05
6708,0,0.00017,0.0,0.05986,0.0,6e-05,6e-05
6709,0,8e-05,0.0,0.05003,0.0,2e-05,2e-05
6710,0,0.00026,0.0,0.07144,0.0,4e-05,4e-05
6711,0,0.00135,0.0,0.59813,0.015,8e-05,8e-05
6712,0,0.00017,0.0,0.26561,0.0,3e-05,3e-05
6713,0,5e-05,0.0,0.03812,0.0,4e-05,4e-05
6714,0,0.00043,0.0,0.25286,0.015,0.00021,0.00021
6715,0,0.00051,0.0,0.52738,0.0,0.00026,0.00026
6716,0,0.00078,0.0,0.03948,0.0,5e-05,5e-05
6717,0,0.00054,0.0,0.67252,0.0,0.00033,0.00033
6718,0,0.00035,0.0,0.27704,0.0,9e-05,9e-05
6719,0,0.00023,0.0,0.36284,0.0,3e-05,3e-05
6720,0,0.00024,0.0,0.12858,0.005,9e-05,9e-05
6721,0,0.00064,0.0,0.37474,0.0,0.00034,0.00034
6722,0,0.03101,0.0,0.96654,0.08,0.00105,0.00105
6723,0,0.00028,0.0,0.05213,0.0075,0.00014,0.00014
6724,0,7e-05,0.0,0.07031,0.0,1e-05,1e-05
6725,0,0.00012,0.0,0.11332,0.0,7e-05,7e-05
6726,0,0.00105,0.0,0.40678,0.0,0.00062,0.00062
6727,0,0.00013,0.0,0.20351,0.0,3e-05,3e-05
6728,0,0.00012,0.0,0.10219,0.0,2e-05,2e-05
6729,0,9e-05,0.0,0.1173,0.0,9e-05,9e-05
6730,0,0.00011,0.0,0.09542,0.0,3e-05,3e-05
6731,0,0.00028,0.0,0.22369,0.0,8e-05,8e-05
6732,0,0.00058,0.0,0.69757,0.005,8e-05,8e-05
6733,0,0.00016,0.0,0.29657,0.0025,6e-05,6e-05
6734,0,0.00195,0.0,0.58391,0.015,0.00022,0.00022
6735,0,9e-05,0.0,0.14206,0.0,6e-05,6e-05
6736,0,7e-05,0.0,0.24935,0.0,3e-05,3e-05
6737,0,9e-05,0.0,0.30258,0.0,4e-05,4e-05
6738,0,0.0001,0.0,0.10238,0.0,7e-05,7e-05
6739,0,0.00011,0.0,0.40359,0.0,4e-05,4e-05
6740,0,6e-05,0.0,0.38194,0.0,7e-05,7e-05
6741,0,0.00188,0.0,0.82975,0.04,0.00115,0.00115
6742,0,8e-05,0.0,0.22995,0.0,0.0001,0.0001
6743,0,2e-05,0.0,0.12582,0.0,3e-05,3e-05
6744,0,0.0004,0.0,0.29844,0.02,0.00054,0.00054
6745,0,0.00344,0.0,0.94892,0.085,0.00086,0.00086
6746,0,0.00085,0.0,0.52486,0.0075,0.00027,0.00027
6747,0,9e-05,0.0,0.2414,0.0,6e-05,6e-05
6748,0,0.00015,0.0,0.19085,0.005,0.00017,0.00017
6749,0,0.00027,0.0,0.55874,0.0,0.0002,0.0002
6750,0,9e-05,0.0,0.32544,0.0,0.00014,0.00014
6751,0,0.00027,0.0,0.46865,0.0175,0.0001,0.0001
6752,0,0.00012,0.0,0.29759,0.0025,0.00013,0.00013
6753,0,0.0003,0.0,0.28296,0.0,9e-05,9e-05
6754,0,0.00223,0.0,0.84359,0.0325,0.00052,0.00052
6755,0,0.00021,0.0,0.3935,0.0,0.0001,0.0001
6756,0,0.00034,0.0,0.29107,0.0,9e-05,9e-05
6757,0,0.00068,0.0,0.49056,0.02,0.00065,0.00065
6758,0,0.00185,0.0,0.51585,0.025,0.00242,0.00242
6759,0,0.00866,0.0,0.3989,0.125,0.01231,0.01231
6760,1,0.00243,0.0,0.69465,0.04,0.00065,0.00065
6761,0,0.00042,0.0,0.02257,0.0,0.00012,0.00012
6762,0,0.0004,0.0,0.23497,0.0,4e-05,4e-05
6763,0,0.00137,0.0,0.413,0.01,0.00073,0.00073
6764,0,4e-05,0.0,0.00327,0.0,7e-05,7e-05
6765,0,5e-05,0.0,0.01777,0.0,2e-05,2e-05
6766,0,3e-05,0.0,0.00738,0.0,2e-05,2e-05
6767,0,0.00022,0.0,0.03782,0.0,4e-05,4e-05
6768,0,0.00021,0.0,0.02523,0.0,5e-05,5e-05
6769,0,0.00101,0.0,0.02266,0.0025,0.00024,0.00024
6770,0,0.00016,0.0,0.31885,0.0025,4e-05,4e-05
6771,0,3e-05,0.0,0.02144,0.0,2e-05,2e-05
6772,0,0.00021,0.0,0.01008,0.0,0.00021,0.00021
6773,0,0.0001,0.0,0.02619,0.0,2e-05,2e-05
6774,0,0.00041,0.0,0.21482,0.0,9e-05,9e-05
6775,0,1e-05,0.0,0.00706,0.0025,9e-05,9e-05
6776,0,8e-05,0.0,0.0096,0.0,7e-05,7e-05
6777,0,0.00034,0.0,0.16807,0.0075,0.00013,0.00013
6778,0,0.00018,0.0,0.02089,0.0,8e-05,8e-05
6779,0,0.00015,0.0,0.00996,0.0,5e-05,5e-05
6780,0,0.00035,0.0,0.47217,0.025,0.00028,0.00028
6781,0,0.00011,0.0,0.03108,0.0,7e-05,7e-05
6782,0,6e-05,0.0,0.01674,0.0,3e-05,3e-05
6783,0,0.00026,0.0,0.18484,0.0025,9e-05,9e-05
6784,0,0.00016,0.0,0.17129,0.0,0.00016,0.00016
6785,0,0.0001,0.0,0.40576,0.0,0.00012,0.00012
6786,0,0.00041,0.0,0.20828,0.0,5e-05,5e-05
6787,0,0.00017,0.0,0.38157,0.0,3e-05,3e-05
6788,0,0.0024,0.0,0.64149,0.0275,0.00032,0.00032
6789,0,0.00023,0.0,0.12323,0.0,3e-05,3e-05
6790,0,5e-05,0.0,0.0195,0.0,9e-05,9e-05
6791,0,0.00045,0.0,0.20271,0.0,0.00018,0.00018
6792,0,3e-05,0.0,0.07322,0.0,1e-05,1e-05
6793,0,4e-05,0.0,0.03586,0.0,4e-05,4e-05
6794,0,8e-05,0.0,0.03907,0.0,2e-05,2e-05
6795,0,0.00172,0.0,0.61221,0.0,0.00039,0.00039
6796,0,0.00045,0.0,0.35975,0.0,0.00015,0.00015
6797,0,0.00111,0.0,0.88852,0.005,0.00016,0.00016
6798,0,7e-05,0.0,0.03494,0.0,4e-05,4e-05
6799,0,0.0001,0.0,0.05297,0.0,2e-05,2e-05
6800,1,0.9262,1.0,0.98386,0.9875,0.96988,1.0
6801,0,0.00032,0.0,0.52535,0.0025,0.0001,0.0001
6802,0,0.00026,0.0,0.51367,0.0025,3e-05,3e-05
6803,0,9e-05,0.0,0.03494,0.0,4e-05,4e-05
6804,0,0.00088,0.0,0.20357,0.0,0.00019,0.00019
6805,0,0.0001,0.0,0.06338,0.0,6e-05,6e-05
6806,0,0.00019,0.0,0.06566,0.0,0.00016,0.00016
6807,0,3e-05,0.0,0.05756,0.0,1e-05,1e-05
6808,0,6e-05,0.0,0.11451,0.0,1e-05,1e-05
6809,0,0.00088,0.0,0.35,0.0,6e-05,6e-05
6810,0,0.00027,0.0,0.1046,0.0,6e-05,6e-05
6811,0,8e-05,0.0,0.07146,0.0,6e-05,6e-05
6812,0,0.00011,0.0,0.25334,0.025,0.00035,0.00035
6813,0,0.00082,0.0,0.77108,0.0,3e-05,3e-05
6814,0,0.00063,0.0,0.21615,0.0025,0.00039,0.00039
6815,0,0.00012,0.0,0.19058,0.0,2e-05,2e-05
6816,0,0.00013,0.0,0.33488,0.0025,5e-05,5e-05
6817,0,0.00013,0.0,0.26292,0.0,6e-05,6e-05
6818,0,0.00131,0.0,0.28635,0.005,6e-05,6e-05
6819,0,0.00022,0.0,0.07915,0.0,0.00018,0.00018
6820,0,0.00045,0.0,0.49708,0.0,0.00011,0.00011
6821,0,6e-05,0.0,0.13705,0.0,0.00013,0.00013
6822,0,0.00019,0.0,0.12728,0.0,4e-05,4e-05
6823,0,0.00165,0.0,0.10844,0.0,0.00118,0.00118
6824,0,0.00035,0.0,0.91207,0.0125,3e-05,3e-05
6825,0,0.00013,0.0,0.15743,0.0,9e-05,9e-05
6826,0,0.00021,0.0,0.19907,0.0,6e-05,6e-05
6827,0,0.00023,0.0,0.23971,0.0,3e-05,3e-05
6828,0,0.00012,0.0,0.21945,0.0,4e-05,4e-05
6829,0,0.00207,0.0,0.75185,0.0025,0.00012,0.00012
6830,0,0.0001,0.0,0.11102,0.0,8e-05,8e-05
6831,0,0.00064,0.0,0.78075,0.0,0.00018,0.00018
6832,0,0.00095,0.0,0.4042,0.035,0.00133,0.00133
6833,0,6e-05,0.0,0.34646,0.005,0.0002,0.0002
6834,0,0.00043,0.0,0.78122,0.0225,3e-05,3e-05
6835,0,0.00754,0.0,0.77821,0.01,0.0006,0.0006
6836,0,0.00035,0.0,0.32122,0.0025,8e-05,8e-05
6837,0,0.00043,0.0,0.8283,0.035,6e-05,6e-05
6838,0,0.00065,0.0,0.29584,0.04,0.00018,0.00018
6839,0,0.00064,0.0,0.33811,0.0,0.00031,0.00031
6840,0,0.0015,0.0,0.30076,0.0625,0.0009,0.0009
6841,0,0.00295,0.0,0.4274,0.145,0.00138,0.00138
6842,0,0.0012,0.0,0.19642,0.16,0.00254,0.00254
6843,0,0.0346,0.0,0.30788,0.1175,0.00355,0.00355
6844,0,0.00072,0.0,0.42625,0.0375,0.00225,0.00225
6845,0,0.03682,0.0,0.43004,0.14,0.00583,0.00583
6846,0,0.00014,0.0,0.0017,0.0,2e-05,2e-05
6847,0,8e-05,0.0,0.03761,0.0,4e-05,4e-05
6848,0,1e-05,0.0,0.0029,0.0,2e-05,2e-05
6849,0,7e-05,0.0,0.18242,0.0025,5e-05,5e-05
6850,0,4e-05,0.0,0.00804,0.0,3e-05,3e-05
6851,0,3e-05,0.0,0.00409,0.0,3e-05,3e-05
6852,0,0.00066,0.0,0.01717,0.0,9e-05,9e-05
6853,0,4e-05,0.0,0.00265,0.0,1e-05,1e-05
6854,0,8e-05,0.0,0.02786,0.0,3e-05,3e-05
6855,0,4e-05,0.0,0.0235,0.0,2e-05,2e-05
6856,0,4e-05,0.0,0.00341,0.0,6e-05,6e-05
6857,0,0.00015,0.0,0.00406,0.0,8e-05,8e-05
6858,0,2e-05,0.0,0.00782,0.0,2e-05,2e-05
6859,0,0.00011,0.0,0.05182,0.0,3e-05,3e-05
6860,0,5e-05,0.0,0.00725,0.0,4e-05,4e-05
6861,0,9e-05,0.0,0.01491,0.0,7e-05,7e-05
6862,0,6e-05,0.0,0.0864,0.0,3e-05,3e-05
6863,0,7e-05,0.0,0.1627,0.0075,4e-05,4e-05
6864,0,5e-05,0.0,0.00755,0.0,3e-05,3e-05
6865,0,0.00043,0.0,0.90135,0.01,0.00011,0.00011
6866,0,6e-05,0.0,0.02027,0.0,1e-05,1e-05
6867,0,9e-05,0.0,0.02899,0.0,3e-05,3e-05
6868,0,0.00013,0.0,0.33578,0.0,1e-05,1e-05
6869,0,0.00056,0.0,0.17247,0.0,0.00011,0.00011
6870,0,0.0002,0.0,0.0657,0.0,4e-05,4e-05
6871,0,2e-05,0.0,0.02072,0.0,3e-05,3e-05
6872,0,0.00016,0.0,0.20479,0.0,1e-05,1e-05
6873,0,9e-05,0.0,0.02461,0.0,3e-05,3e-05
6874,0,5e-05,0.0,0.03621,0.0,1e-05,1e-05
6875,0,0.00013,0.0,0.76954,0.0,5e-05,5e-05
6876,0,4e-05,0.0,0.01152,0.0,1e-05,1e-05
6877,0,0.00116,0.0,0.3596,0.0,8e-05,8e-05
6878,0,6e-05,0.0,0.03425,0.0,1e-05,1e-05
6879,0,3e-05,0.0,0.0157,0.0,2e-05,2e-05
6880,0,0.00062,0.0,0.2445,0.005,0.00016,0.00016
6881,0,9e-05,0.0,0.01837,0.0,3e-05,3e-05
6882,0,7e-05,0.0,0.03738,0.0,1e-05,1e-05
6883,0,0.00012,0.0,0.12577,0.0,5e-05,5e-05
6884,0,0.00015,0.0,0.08119,0.0,2e-05,2e-05
6885,0,4e-05,0.0,0.0594,0.0,1e-05,1e-05
6886,0,0.00051,0.0,0.31454,0.015,9e-05,9e-05
6887,0,9e-05,0.0,0.08227,0.0,2e-05,2e-05
6888,0,7e-05,0.0,0.02979,0.0,3e-05,3e-05
6889,0,0.00017,0.0,0.13644,0.0075,0.00024,0.00024
6890,0,6e-05,0.0,0.12562,0.0,1e-05,1e-05
6891,0,4e-05,0.0,0.06376,0.0,1e-05,1e-05
6892,0,4e-05,0.0,0.09747,0.0,3e-05,3e-05
6893,0,0.00016,0.0,0.1751,0.0,6e-05,6e-05
6894,0,8e-05,0.0,0.16524,0.0,5e-05,5e-05
6895,0,0.00021,0.0,0.27602,0.0,3e-05,3e-05
6896,0,0.00037,0.0,0.25009,0.0,2e-05,2e-05
6897,0,0.00014,0.0,0.08642,0.0,1e-05,1e-05
6898,0,0.19392,0.0,0.91984,0.375,0.59642,0.59642
6899,0,8e-05,0.0,0.15824,0.0,3e-05,3e-05
6900,0,8e-05,0.0,0.04923,0.0,1e-05,1e-05
6901,0,6e-05,0.0,0.06862,0.0,2e-05,2e-05
6902,0,4e-05,0.0,0.07769,0.0,4e-05,4e-05
6903,0,7e-05,0.0,0.17045,0.0,1e-05,1e-05
6904,0,6e-05,0.0,0.06712,0.0,2e-05,2e-05
6905,0,7e-05,0.0,0.05713,0.0,2e-05,2e-05
6906,0,6e-05,0.0,0.07724,0.0,1e-05,1e-05
6907,0,4e-05,0.0,0.15227,0.0,2e-05,2e-05
6908,0,0.0001,0.0,0.21345,0.0,4e-05,4e-05
6909,0,6e-05,0.0,0.11481,0.0,3e-05,3e-05
6910,0,0.00025,0.0,0.53063,0.0,2e-05,2e-05
6911,0,0.00014,0.0,0.39597,0.0,4e-05,4e-05
6912,0,9e-05,0.0,0.27439,0.0,6e-05,6e-05
6913,0,0.00012,0.0,0.10134,0.0,2e-05,2e-05
6914,0,0.0002,0.0,0.21458,0.0,9e-05,9e-05
6915,0,9e-05,0.0,0.107,0.04,0.0002,0.0002
6916,0,0.0001,0.0,0.21662,0.0,8e-05,8e-05
6917,0,7e-05,0.0,0.12651,0.0,2e-05,2e-05
6918,0,0.00038,0.0,0.25779,0.0,0.00027,0.00027
6919,0,0.00011,0.0,0.13797,0.0,4e-05,4e-05
6920,0,0.00034,0.0,0.30406,0.0025,9e-05,9e-05
6921,0,0.00054,0.0,0.49157,0.01,0.00027,0.00027
6922,0,0.00091,0.0,0.56598,0.0075,0.00034,0.00034
6923,0,0.001,0.0,0.52333,0.01,0.00017,0.00017
6924,0,0.01174,0.0,0.61095,0.0925,0.0047,0.0047
6925,1,0.24162,1.0,0.6444,0.7075,0.29627,1.0
6926,0,0.47885,0.0,0.92307,0.2475,0.01048,0.01048
6927,0,7e-05,0.0,0.08518,0.0075,4e-05,4e-05
6928,0,3e-05,0.0,0.01695,0.0,1e-05,1e-05
6929,0,4e-05,0.0,0.00209,0.0,0.00017,0.00017
6930,0,0.00026,0.0,0.34681,0.0025,8e-05,8e-05
6931,0,5e-05,0.0,0.00179,0.0,7e-05,7e-05
6932,0,3e-05,0.0,0.00705,0.0,1e-05,1e-05
6933,1,0.48902,1.0,0.93345,0.96,0.99836,1.0
6934,0,7e-05,0.0,0.01167,0.0,3e-05,3e-05
6935,0,6e-05,0.0,0.01152,0.0,2e-05,2e-05
6936,0,0.00012,0.0,0.00339,0.0,5e-05,5e-05
6937,0,7e-05,0.0,0.01584,0.0,2e-05,2e-05
6938,0,5e-05,0.0,0.00922,0.0,2e-05,2e-05
6939,0,0.00018,0.0,0.03668,0.0025,3e-05,3e-05
6940,0,0.00016,0.0,0.24059,0.0025,5e-05,5e-05
6941,0,5e-05,0.0,0.03028,0.0075,3e-05,3e-05
6942,0,9e-05,0.0,0.63329,0.0,6e-05,6e-05
6943,0,0.00012,0.0,0.00283,0.0,6e-05,6e-05
6944,0,6e-05,0.0,0.00902,0.0,2e-05,2e-05
6945,0,4e-05,0.0,0.01484,0.0,1e-05,1e-05
6946,0,6e-05,0.0,0.00619,0.0,2e-05,2e-05
6947,0,9e-05,0.0,0.06853,0.0,3e-05,3e-05
6948,0,4e-05,0.0,0.00898,0.0,1e-05,1e-05
6949,0,0.00063,0.0,0.15484,0.0025,6e-05,6e-05
6950,0,5e-05,0.0,0.00639,0.0,4e-05,4e-05
6951,0,0.0001,0.0,0.27829,0.0,1e-05,1e-05
6952,0,5e-05,0.0,0.04362,0.0,2e-05,2e-05
6953,0,4e-05,0.0,0.03261,0.0,1e-05,1e-05
6954,0,0.00019,0.0,0.05495,0.0,3e-05,3e-05
6955,0,0.00058,0.0,0.20516,0.0225,0.00014,0.00014
6956,0,0.00196,0.0,0.18402,0.0075,0.00026,0.00026
6957,0,0.00019,0.0,0.03215,0.0025,3e-05,3e-05
6958,0,0.00034,0.0,0.51487,0.0,5e-05,5e-05
6959,0,5e-05,0.0,0.04205,0.0,2e-05,2e-05
6960,0,6e-05,0.0,0.02188,0.0,2e-05,2e-05
6961,0,0.00035,0.0,0.34469,0.0125,0.0001,0.0001
6962,0,0.00037,0.0,0.07465,0.0,6e-05,6e-05
6963,0,0.00046,0.0,0.26194,0.0025,4e-05,4e-05
6964,0,9e-05,0.0,0.05197,0.0,2e-05,2e-05
6965,0,0.0002,0.0,0.59582,0.0025,4e-05,4e-05
6966,0,0.00022,0.0,0.63731,0.0,5e-05,5e-05
6967,0,0.00027,0.0,0.07701,0.0,2e-05,2e-05
6968,0,0.00021,0.0,0.4117,0.0,0.00019,0.00019
6969,0,5e-05,0.0,0.03422,0.0,1e-05,1e-05
6970,0,4e-05,0.0,0.02533,0.0,1e-05,1e-05
6971,0,0.00049,0.0,0.20861,0.005,0.00022,0.00022
6972,0,7e-05,0.0,0.06956,0.0,3e-05,3e-05
6973,0,0.00029,0.0,0.43688,0.0,3e-05,3e-05
6974,0,9e-05,0.0,0.14235,0.0,3e-05,3e-05
6975,0,0.00028,0.0,0.49598,0.005,4e-05,4e-05
6976,0,0.00026,0.0,0.4601,0.0025,0.00029,0.00029
6977,0,0.00169,0.0,0.42884,0.0025,7e-05,7e-05
6978,0,0.00639,0.0,0.87537,0.07,3e-05,3e-05
6979,0,0.00033,0.0,0.39855,0.0025,6e-05,6e-05
6980,0,0.00137,0.0,0.88147,0.035,8e-05,8e-05
6981,0,0.00023,0.0,0.20673,0.0,6e-05,6e-05
6982,0,4e-05,0.0,0.03515,0.0,2e-05,2e-05
6983,0,0.00029,0.0,0.21272,0.0,0.00011,0.00011
6984,0,0.00026,0.0,0.69248,0.0075,2e-05,2e-05
6985,0,0.00141,0.0,0.05104,0.0025,2e-05,2e-05
6986,0,0.00012,0.0,0.06082,0.005,1e-05,1e-05
6987,0,0.00014,0.0,0.1015,0.0,6e-05,6e-05
6988,0,0.09751,0.0,0.97703,0.0875,0.9668,0.9668
6989,0,0.00037,0.0,0.32531,0.0025,4e-05,4e-05
6990,0,5e-05,0.0,0.08016,0.0,5e-05,5e-05
6991,1,0.37945,1.0,0.98799,0.6975,0.09148,1.0
6992,0,0.00015,0.0,0.12436,0.0,5e-05,5e-05
6993,0,5e-05,0.0,0.13005,0.0,1e-05,1e-05
6994,0,0.00024,0.0,0.09866,0.005,0.0002,0.0002
6995,0,0.00143,0.0,0.76866,0.0,5e-05,5e-05
6996,0,0.0002,0.0,0.11479,0.0025,0.0001,0.0001
6997,0,4e-05,0.0,0.11364,0.0,2e-05,2e-05
6998,0,0.00014,0.0,0.16405,0.0,8e-05,8e-05
6999,0,0.00032,0.0,0.41633,0.005,0.00015,0.00015
7000,0,0.0003,0.0,0.21334,0.0,0.00022,0.00022
7001,0,8e-05,0.0,0.40625,0.0,2e-05,2e-05
7002,0,0.00013,0.0,0.25955,0.0125,0.00022,0.00022
7003,0,0.00069,0.0,0.53195,0.02,0.00022,0.00022
7004,0,0.01281,0.0,0.41696,0.04,0.00368,0.00368
7005,0,0.06725,0.0,0.64219,0.52,0.03209,0.03209
7006,0,0.00139,0.0,0.21479,0.0075,0.0001,0.0001
7007,0,0.00013,0.0,0.00635,0.0025,0.00015,0.00015
7008,0,0.00021,0.0,0.02723,0.01,0.00019,0.00019
7009,0,0.00013,0.0,0.13615,0.005,0.00012,0.00012
7010,0,0.0001,0.0,0.00665,0.0,3e-05,3e-05
7011,0,6e-05,0.0,0.01791,0.0,2e-05,2e-05
7012,1,0.74878,1.0,0.83049,0.99,0.88361,1.0
7013,0,0.00197,0.0,0.86654,0.0125,0.00029,0.00029
7014,0,6e-05,0.0,0.00642,0.0,2e-05,2e-05
7015,0,0.00062,0.0,0.05493,0.0225,0.00076,0.00076
7016,0,5e-05,0.0,0.03966,0.0,1e-05,1e-05
7017,0,3e-05,0.0,0.03466,0.015,1e-05,1e-05
7018,0,6e-05,0.0,0.01079,0.0,1e-05,1e-05
7019,0,0.00038,0.0,0.08318,0.0,0.0001,0.0001
7020,0,5e-05,0.0,0.00553,0.0,4e-05,4e-05
7021,0,0.00111,0.0,0.26646,0.0,0.00041,0.00041
7022,0,4e-05,0.0,0.00498,0.0,4e-05,4e-05
7023,0,2e-05,0.0,0.013,0.0,1e-05,1e-05
7024,0,4e-05,0.0,0.0159,0.0,2e-05,2e-05
7025,0,0.00101,0.0,0.05871,0.0025,0.00039,0.00039
7026,0,0.00017,0.0,0.04413,0.0,3e-05,3e-05
7027,0,2e-05,0.0,0.02778,0.0,1e-05,1e-05
7028,0,8e-05,0.0,0.0195,0.0,3e-05,3e-05
7029,0,0.00027,0.0,0.20773,0.015,9e-05,9e-05
7030,0,0.00026,0.0,0.04159,0.0,4e-05,4e-05
7031,0,0.0002,0.0,0.01229,0.01,2e-05,2e-05
7032,0,0.00099,0.0,0.17301,0.02,5e-05,5e-05
7033,0,9e-05,0.0,0.01374,0.0,1e-05,1e-05
7034,0,8e-05,0.0,0.0889,0.0,2e-05,2e-05
7035,0,2e-05,0.0,0.01848,0.0,2e-05,2e-05
7036,0,0.00024,0.0,0.04528,0.0,4e-05,4e-05
7037,0,0.00013,0.0,0.17909,0.0,1e-05,1e-05
7038,0,3e-05,0.0,0.05266,0.0,1e-05,1e-05
7039,0,7e-05,0.0,0.02881,0.0,3e-05,3e-05
7040,0,7e-05,0.0,0.02555,0.0,2e-05,2e-05
7041,0,0.00036,0.0,0.03581,0.0,4e-05,4e-05
7042,0,0.00036,0.0,0.06791,0.0,0.0001,0.0001
7043,0,0.00025,0.0,0.02793,0.0,3e-05,3e-05
7044,0,0.00107,0.0,0.09485,0.0025,9e-05,9e-05
7045,0,8e-05,0.0,0.04163,0.0,9e-05,9e-05
7046,0,0.00098,0.0,0.02126,0.0,1e-05,1e-05
7047,0,0.00011,0.0,0.04854,0.0,2e-05,2e-05
7048,0,0.00028,0.0,0.21568,0.0,2e-05,2e-05
7049,0,9e-05,0.0,0.16267,0.005,3e-05,3e-05
7050,0,0.0004,0.0,0.24059,0.01,4e-05,4e-05
7051,0,0.00091,0.0,0.3206,0.01,0.00014,0.00014
7052,0,0.00048,0.0,0.09042,0.0,9e-05,9e-05
7053,0,8e-05,0.0,0.09743,0.0,1e-05,1e-05
7054,0,3e-05,0.0,0.08899,0.0,2e-05,2e-05
7055,0,4e-05,0.0,0.17152,0.0,1e-05,1e-05
7056,0,0.00049,0.0,0.08495,0.03,0.00041,0.00041
7057,0,0.00035,0.0,0.4999,0.0,0.00014,0.00014
7058,0,8e-05,0.0,0.12272,0.0,3e-05,3e-05
7059,0,0.00015,0.0,0.28495,0.01,0.00018,0.00018
7060,0,0.0001,0.0,0.08853,0.0,2e-05,2e-05
7061,0,1e-05,0.0,0.10801,0.0,1e-05,1e-05
7062,0,0.00057,0.0,0.5152,0.005,3e-05,3e-05
7063,0,0.00027,0.0,0.55847,0.0025,9e-05,9e-05
7064,0,0.00033,0.0,0.90823,0.0,1e-05,1e-05
7065,0,0.00025,0.0,0.09777,0.0,7e-05,7e-05
7066,0,0.00066,0.0,0.75715,0.005,3e-05,3e-05
7067,0,0.00011,0.0,0.13146,0.0,4e-05,4e-05
7068,0,0.00032,0.0,0.34104,0.0025,6e-05,6e-05
7069,0,0.00026,0.0,0.36512,0.0,5e-05,5e-05
7070,0,0.00014,0.0,0.25733,0.0025,0.00012,0.00012
7071,0,0.17559,0.0,0.94422,0.1825,0.09029,0.09029
7072,0,7e-05,0.0,0.18772,0.0,0.00013,0.00013
7073,0,0.0027,0.0,0.32578,0.0125,0.00021,0.00021
7074,0,0.00021,0.0,0.41227,0.0,4e-05,4e-05
7075,0,4e-05,0.0,0.2438,0.0,2e-05,2e-05
7076,0,0.00021,0.0,0.4965,0.0,7e-05,7e-05
7077,0,0.00018,0.0,0.58605,0.025,0.00014,0.00014
7078,0,5e-05,0.0,0.1639,0.0,2e-05,2e-05
7079,0,0.01486,0.0,0.86292,0.0525,0.00057,0.00057
7080,0,0.00128,0.0,0.47848,0.01,0.00031,0.00031
7081,0,0.00378,0.0,0.49988,0.0525,0.00013,0.00013
7082,0,0.62837,0.0,0.86352,0.2,0.01474,0.01474
7083,0,0.04441,0.0,0.52151,0.3025,0.03881,0.03881
7084,1,0.99768,1.0,0.93327,0.975,0.99992,1.0
7085,0,0.0064,0.0,0.47156,0.1425,0.00106,0.00106
7086,0,0.01743,0.0,0.52223,0.1375,0.00669,0.00669
7087,0,0.78899,0.0,0.99844,0.4,0.78789,0.78789
7088,1,0.01325,0.0,0.37657,0.095,0.00146,0.00146
7089,0,3e-05,0.0,0.00276,0.0,3e-05,3e-05
7090,0,1e-05,0.0,0.00622,0.0,1e-05,1e-05
7091,0,3e-05,0.0,0.01184,0.0,3e-05,3e-05
7092,0,0.00103,0.0,0.33439,0.0075,9e-05,9e-05
7093,0,5e-05,0.0,0.01081,0.0,4e-05,4e-05
7094,0,0.00013,0.0,0.14471,0.0025,5e-05,5e-05
7095,0,0.00026,0.0,0.0732,0.0,2e-05,2e-05
7096,0,0.00107,0.0,0.10747,0.0225,0.00014,0.00014
7097,0,0.00051,0.0,0.07583,0.0175,0.00016,0.00016
7098,0,0.0001,0.0,0.48534,0.0025,0.0001,0.0001
7099,0,4e-05,0.0,0.00768,0.0,3e-05,3e-05
7100,0,0.00046,0.0,0.07831,0.0025,6e-05,6e-05
7101,0,0.0001,0.0,0.01017,0.0,5e-05,5e-05
7102,0,9e-05,0.0,0.01085,0.0,0.00021,0.00021
7103,0,0.0001,0.0,0.03241,0.0,1e-05,1e-05
7104,0,0.00013,0.0,0.00562,0.0,3e-05,3e-05
7105,0,0.00017,0.0,0.0696,0.0,7e-05,7e-05
7106,0,4e-05,0.0,0.01718,0.0,1e-05,1e-05
7107,0,0.00015,0.0,0.03133,0.0,3e-05,3e-05
7108,0,3e-05,0.0,0.02792,0.0,1e-05,1e-05
7109,0,6e-05,0.0,0.01515,0.0,2e-05,2e-05
7110,0,2e-05,0.0,0.03437,0.0,1e-05,1e-05
7111,0,6e-05,0.0,0.0183,0.0,3e-05,3e-05
7112,0,6e-05,0.0,0.04219,0.0,2e-05,2e-05
7113,0,0.00012,0.0,0.20187,0.0,1e-05,1e-05
7114,0,6e-05,0.0,0.02585,0.0,4e-05,4e-05
7115,0,5e-05,0.0,0.09459,0.0,1e-05,1e-05
7116,0,0.00024,0.0,0.30178,0.0,2e-05,2e-05
7117,0,0.00015,0.0,0.02837,0.0,1e-05,1e-05
7118,0,2e-05,0.0,0.0541,0.0,1e-05,1e-05
7119,0,6e-05,0.0,0.04562,0.0,4e-05,4e-05
7120,0,0.00202,0.0,0.2357,0.0,6e-05,6e-05
7121,0,0.00435,0.0,0.44323,0.0375,0.0001,0.0001
7122,0,0.00079,0.0,0.20105,0.0,0.00011,0.00011
7123,0,0.00013,0.0,0.04429,0.0,3e-05,3e-05
7124,0,0.00012,0.0,0.05184,0.0,3e-05,3e-05
7125,0,8e-05,0.0,0.03856,0.0,4e-05,4e-05
7126,0,0.00113,0.0,0.91127,0.015,9e-05,9e-05
7127,0,9e-05,0.0,0.03945,0.0,2e-05,2e-05
7128,0,0.01618,0.0,0.58441,0.03,0.00211,0.00211
7129,0,4e-05,0.0,0.08863,0.0,5e-05,5e-05
7130,0,0.00015,0.0,0.05109,0.0,4e-05,4e-05
7131,0,0.0007,0.0,0.43209,0.025,0.00016,0.00016
7132,0,0.00048,0.0,0.24012,0.0,0.00023,0.00023
7133,0,0.00074,0.0,0.42318,0.0,0.00013,0.00013
7134,0,0.0001,0.0,0.10011,0.0,3e-05,3e-05
7135,0,0.00021,0.0,0.45353,0.0025,8e-05,8e-05
7136,0,0.00078,0.0,0.42039,0.0075,0.00015,0.00015
7137,0,0.25281,0.0,0.94788,0.3175,0.56749,0.56749
7138,0,9e-05,0.0,0.15662,0.0,2e-05,2e-05
7139,0,0.00034,0.0,0.75156,0.0,6e-05,6e-05
7140,0,0.00012,0.0,0.22241,0.0,3e-05,3e-05
7141,0,0.00069,0.0,0.50171,0.0025,7e-05,7e-05
7142,0,0.00054,0.0,0.39176,0.0025,0.00031,0.00031
7143,0,0.00014,0.0,0.20449,0.0,5e-05,5e-05
7144,0,9e-05,0.0,0.07952,0.0075,0.00021,0.00021
7145,0,0.00012,0.0,0.18541,0.0,6e-05,6e-05
7146,0,0.00039,0.0,0.44544,0.0,7e-05,7e-05
7147,0,0.00012,0.0,0.12103,0.0175,0.0007,0.0007
7148,0,0.00012,0.0,0.30725,0.0025,0.00012,0.00012
7149,0,9e-05,0.0,0.14587,0.0025,3e-05,3e-05
7150,0,8e-05,0.0,0.28882,0.0,3e-05,3e-05
7151,0,0.00021,0.0,0.64925,0.005,4e-05,4e-05
7152,0,3e-05,0.0,0.23345,0.0,1e-05,1e-05
7153,0,0.0001,0.0,0.21138,0.0,4e-05,4e-05
7154,0,0.00014,0.0,0.43467,0.0,3e-05,3e-05
7155,0,0.0002,0.0,0.29475,0.0,4e-05,4e-05
7156,0,7e-05,0.0,0.12196,0.0,2e-05,2e-05
7157,0,8e-05,0.0,0.12276,0.01,6e-05,6e-05
7158,0,0.00013,0.0,0.3312,0.0,3e-05,3e-05
7159,0,0.00024,0.0,0.80362,0.0125,0.00032,0.00032
7160,0,7e-05,0.0,0.31024,0.0,2e-05,2e-05
7161,0,0.00012,0.0,0.28598,0.0025,5e-05,5e-05
7162,0,0.00042,0.0,0.41618,0.0,4e-05,4e-05
7163,0,0.00146,0.0,0.53472,0.005,3e-05,3e-05
7164,0,0.00023,0.0,0.26388,0.0,9e-05,9e-05
7165,0,0.0003,0.0,0.41194,0.0025,4e-05,4e-05
7166,0,0.0037,0.0,0.70924,0.0275,0.00127,0.00127
7167,0,0.00425,0.0,0.49672,0.0375,0.00046,0.00046
7168,1,0.99402,1.0,0.93978,0.98,0.99997,1.0
7169,0,6e-05,0.0,0.0029,0.0025,2e-05,2e-05
7170,0,9e-05,0.0,0.11381,0.0,6e-05,6e-05
7171,0,3e-05,0.0,0.00946,0.0,2e-05,2e-05
7172,0,0.00411,0.0,0.09138,0.055,0.00456,0.00456
7173,0,8e-05,0.0,0.04751,0.0025,0.00011,0.00011
7174,0,3e-05,0.0,0.00344,0.0,6e-05,6e-05
7175,0,0.0008,0.0,0.04191,0.0325,0.00012,0.00012
7176,0,0.00014,0.0,0.01781,0.0,6e-05,6e-05
7177,0,7e-05,0.0,0.00498,0.0,2e-05,2e-05
7178,0,0.00013,0.0,0.12972,0.0125,0.00026,0.00026
7179,0,2e-05,0.0,0.00536,0.0,1e-05,1e-05
7180,0,7e-05,0.0,0.03068,0.0,2e-05,2e-05
7181,0,9e-05,0.0,0.00349,0.0,8e-05,8e-05
7182,0,9e-05,0.0,0.35528,0.0,7e-05,7e-05
7183,0,0.00069,0.0,0.0449,0.0,0.00024,0.00024
7184,0,0.00013,0.0,0.14244,0.0,2e-05,2e-05
7185,0,3e-05,0.0,0.00645,0.0,3e-05,3e-05
7186,0,8e-05,0.0,0.00582,0.0,8e-05,8e-05
7187,0,7e-05,0.0,0.0044,0.0,3e-05,3e-05
7188,0,0.00019,0.0,0.344,0.0075,5e-05,5e-05
7189,0,0.00015,0.0,0.74704,0.0075,8e-05,8e-05
7190,0,0.0001,0.0,0.08758,0.0025,0.0002,0.0002
7191,0,0.00043,0.0,0.17369,0.0025,3e-05,3e-05
7192,0,4e-05,0.0,0.01138,0.0,2e-05,2e-05
7193,0,8e-05,0.0,0.05852,0.0,1e-05,1e-05
7194,0,0.42813,0.0,0.9457,0.1725,0.00183,0.00183
7195,0,0.00038,0.0,0.37786,0.0,5e-05,5e-05
7196,0,7e-05,0.0,0.13486,0.0,1e-05,1e-05
7197,0,8e-05,0.0,0.0579,0.0,7e-05,7e-05
7198,0,6e-05,0.0,0.05424,0.0,2e-05,2e-05
7199,0,7e-05,0.0,0.01464,0.0,2e-05,2e-05
7200,0,9e-05,0.0,0.05632,0.0,1e-05,1e-05
7201,0,9e-05,0.0,0.02037,0.0,2e-05,2e-05
7202,0,0.00039,0.0,0.06332,0.0,5e-05,5e-05
7203,0,0.00193,0.0,0.91733,0.0075,6e-05,6e-05
7204,0,0.00027,0.0,0.15287,0.0,0.00015,0.00015
7205,0,9e-05,0.0,0.07324,0.0,2e-05,2e-05
7206,0,5e-05,0.0,0.0632,0.0,2e-05,2e-05
7207,0,0.00019,0.0,0.33473,0.005,4e-05,4e-05
7208,0,0.00041,0.0,0.0223,0.0,1e-05,1e-05
7209,0,0.00438,0.0,0.02505,0.0175,0.00031,0.00031
7210,0,5e-05,0.0,0.03345,0.0,5e-05,5e-05
7211,0,0.00015,0.0,0.42798,0.0,5e-05,5e-05
7212,0,0.00017,0.0,0.10557,0.0075,4e-05,4e-05
7213,0,0.00075,0.0,0.02133,0.01,0.00025,0.00025
7214,0,0.00044,0.0,0.14866,0.0325,0.00013,0.00013
7215,0,5e-05,0.0,0.05892,0.0025,4e-05,4e-05
7216,0,0.00019,0.0,0.25537,0.0,5e-05,5e-05
7217,0,0.00015,0.0,0.0264,0.0,5e-05,5e-05
7218,0,0.0004,0.0,0.04483,0.0175,0.00015,0.00015
7219,0,0.00094,0.0,0.32782,0.005,7e-05,7e-05
7220,0,0.00016,0.0,0.05621,0.0,5e-05,5e-05
7221,0,0.0002,0.0,0.21712,0.0,4e-05,4e-05
7222,0,0.00014,0.0,0.34212,0.0025,3e-05,3e-05
7223,0,0.00253,0.0,0.90437,0.0425,2e-05,2e-05
7224,0,0.00017,0.0,0.64808,0.0,4e-05,4e-05
7225,0,7e-05,0.0,0.07903,0.0,0.00011,0.00011
7226,0,0.00046,0.0,0.1274,0.0,2e-05,2e-05
7227,0,0.00047,0.0,0.59278,0.0025,5e-05,5e-05
7228,0,0.00278,0.0,0.08954,0.0025,0.00101,0.00101
7229,0,0.00028,0.0,0.42149,0.0025,4e-05,4e-05
7230,0,0.00015,0.0,0.11007,0.0025,2e-05,2e-05
7231,0,0.00013,0.0,0.17159,0.0025,2e-05,2e-05
7232,0,0.0001,0.0,0.1353,0.0,4e-05,4e-05
7233,0,5e-05,0.0,0.0982,0.0,2e-05,2e-05
7234,0,0.00026,0.0,0.35378,0.0,1e-05,1e-05
7235,0,0.00013,0.0,0.41832,0.0,7e-05,7e-05
7236,0,0.00079,0.0,0.7648,0.0025,9e-05,9e-05
7237,0,4e-05,0.0,0.14597,0.0,6e-05,6e-05
7238,0,7e-05,0.0,0.1006,0.0,3e-05,3e-05
7239,0,0.0001,0.0,0.13929,0.0,2e-05,2e-05
7240,0,7e-05,0.0,0.1923,0.0,3e-05,3e-05
7241,0,0.0016,0.0,0.80287,0.015,0.00024,0.00024
7242,0,9e-05,0.0,0.22124,0.0,2e-05,2e-05
7243,0,0.00017,0.0,0.50777,0.0025,4e-05,4e-05
7244,0,0.00011,0.0,0.62973,0.0,4e-05,4e-05
7245,0,0.00014,0.0,0.24644,0.01,0.0001,0.0001
7246,0,0.00034,0.0,0.2766,0.005,0.00011,0.00011
7247,0,0.00032,0.0,0.21325,0.005,0.0002,0.0002
7248,0,0.00045,0.0,0.81378,0.005,3e-05,3e-05
7249,0,0.00181,0.0,0.29904,0.0025,0.0001,0.0001
7250,0,0.00347,0.0,0.5894,0.075,0.00064,0.00064
7251,0,0.00316,0.0,0.34562,0.03,0.00044,0.00044
7252,0,0.05128,0.0,0.33145,0.1825,0.00572,0.00572
7253,0,0.0008,0.0,0.34705,0.0325,0.00031,0.00031
7254,0,0.01016,0.0,0.39105,0.4075,0.01864,0.01864
7255,0,0.03634,0.0,0.3958,0.235,0.01395,0.01395
7256,0,0.21267,0.0,0.22722,0.51,0.07609,0.07609
7257,0,0.00014,0.0,0.01485,0.0025,6e-05,6e-05
7258,0,5e-05,0.0,0.01677,0.0,2e-05,2e-05
7259,0,3e-05,0.0,0.00197,0.0,3e-05,3e-05
7260,0,2e-05,0.0,0.01494,0.0,2e-05,2e-05
7261,0,0.00472,0.0,0.14939,0.0475,0.00024,0.00024
7262,0,3e-05,0.0,0.00309,0.0,6e-05,6e-05
7263,0,4e-05,0.0,0.00458,0.0,2e-05,2e-05
7264,0,0.00034,0.0,0.07366,0.0,0.00024,0.00024
7265,0,0.00089,0.0,0.02786,0.005,8e-05,8e-05
7266,0,0.0001,0.0,0.11775,0.0025,0.00013,0.00013
7267,0,3e-05,0.0,0.005,0.0,3e-05,3e-05
7268,0,4e-05,0.0,0.00457,0.0,2e-05,2e-05
7269,0,0.00017,0.0,0.00911,0.0,4e-05,4e-05
7270,0,7e-05,0.0,0.00531,0.0,2e-05,2e-05
7271,0,7e-05,0.0,0.00502,0.0,0.00014,0.00014
7272,0,4e-05,0.0,0.21097,0.01,7e-05,7e-05
7273,0,0.00041,0.0,0.93814,0.015,1e-05,1e-05
7274,0,0.00012,0.0,0.00476,0.0,8e-05,8e-05
7275,0,0.00012,0.0,0.01311,0.0,6e-05,6e-05
7276,0,5e-05,0.0,0.0217,0.0,1e-05,1e-05
7277,0,0.00018,0.0,0.17137,0.0,2e-05,2e-05
7278,0,0.00045,0.0,0.21524,0.0,1e-05,1e-05
7279,0,5e-05,0.0,0.00416,0.0,5e-05,5e-05
7280,0,0.00014,0.0,0.04303,0.0,4e-05,4e-05
7281,1,0.77175,1.0,0.98404,0.955,0.99788,1.0
7282,0,0.00011,0.0,0.00928,0.0,5e-05,5e-05
7283,0,8e-05,0.0,0.02186,0.0025,1e-05,1e-05
7284,0,0.0024,0.0,0.38637,0.1525,0.00112,0.00112
7285,0,0.00027,0.0,0.60612,0.0,4e-05,4e-05
7286,0,0.00034,0.0,0.96023,0.01,3e-05,3e-05
7287,0,8e-05,0.0,0.02159,0.0,1e-05,1e-05
7288,0,0.0001,0.0,0.01737,0.0,2e-05,2e-05
7289,0,0.00064,0.0,0.02818,0.0,0.00019,0.00019
7290,0,0.00047,0.0,0.34636,0.0,7e-05,7e-05
7291,0,5e-05,0.0,0.01943,0.0,4e-05,4e-05
7292,0,0.00014,0.0,0.1773,0.0,4e-05,4e-05
7293,0,9e-05,0.0,0.02621,0.0,9e-05,9e-05
7294,0,0.00025,0.0,0.01926,0.0,4e-05,4e-05
7295,0,0.00023,0.0,0.02093,0.0,6e-05,6e-05
7296,0,0.00038,0.0,0.70484,0.005,6e-05,6e-05
7297,0,2e-05,0.0,0.03218,0.0,1e-05,1e-05
7298,0,6e-05,0.0,0.06452,0.0,4e-05,4e-05
7299,0,6e-05,0.0,0.04251,0.0,4e-05,4e-05
7300,0,0.00014,0.0,0.24503,0.0,4e-05,4e-05
7301,0,8e-05,0.0,0.11601,0.0,1e-05,1e-05
7302,0,8e-05,0.0,0.07353,0.0,3e-05,3e-05
7303,0,9e-05,0.0,0.12581,0.005,3e-05,3e-05
7304,0,0.00015,0.0,0.21258,0.0,0.0001,0.0001
7305,0,0.00055,0.0,0.21168,0.0,2e-05,2e-05
7306,0,6e-05,0.0,0.0271,0.0,2e-05,2e-05
7307,0,0.00014,0.0,0.27643,0.0,2e-05,2e-05
7308,0,0.00029,0.0,0.41578,0.0,3e-05,3e-05
7309,0,0.00021,0.0,0.46236,0.0075,5e-05,5e-05
7310,0,0.00012,0.0,0.17559,0.0,3e-05,3e-05
7311,0,3e-05,0.0,0.04491,0.0025,1e-05,1e-05
7312,0,4e-05,0.0,0.03597,0.0,2e-05,2e-05
7313,0,0.00015,0.0,0.4984,0.0025,2e-05,2e-05
7314,0,8e-05,0.0,0.12441,0.0,2e-05,2e-05
7315,0,0.00033,0.0,0.82445,0.0,1e-05,1e-05
7316,0,9e-05,0.0,0.31528,0.0,8e-05,8e-05
7317,0,0.00012,0.0,0.25349,0.0,3e-05,3e-05
7318,0,0.01812,0.0,0.05641,0.195,0.00069,0.00069
7319,0,3e-05,0.0,0.12586,0.0,1e-05,1e-05
7320,0,8e-05,0.0,0.09308,0.0,2e-05,2e-05
7321,0,0.0001,0.0,0.33198,0.0,4e-05,4e-05
7322,0,0.00085,0.0,0.20872,0.005,0.00055,0.00055
7323,0,3e-05,0.0,0.05661,0.0,3e-05,3e-05
7324,0,0.00015,0.0,0.35852,0.0,6e-05,6e-05
7325,0,0.0001,0.0,0.10897,0.005,0.00013,0.00013
7326,0,0.00034,0.0,0.38934,0.0,0.00014,0.00014
7327,0,0.00031,0.0,0.6802,0.0025,1e-05,1e-05
7328,0,5e-05,0.0,0.11394,0.0,2e-05,2e-05
7329,0,0.0001,0.0,0.24991,0.0,0.00014,0.00014
7330,0,0.00011,0.0,0.12056,0.0025,9e-05,9e-05
7331,0,2e-05,0.0,0.15311,0.0,4e-05,4e-05
7332,0,6e-05,0.0,0.18426,0.0025,5e-05,5e-05
7333,0,0.00018,0.0,0.16294,0.01,8e-05,8e-05
7334,0,0.01019,0.0,0.71845,0.115,8e-05,8e-05
7335,0,0.01021,0.0,0.19911,0.0825,0.00061,0.00061
7336,0,0.00263,0.0,0.76086,0.085,0.00034,0.00034
7337,0,0.0003,0.0,0.19328,0.015,0.0001,0.0001
7338,0,0.03811,0.0,0.23764,0.3675,0.01333,0.01333
7339,0,0.00102,0.0,0.25865,0.02,0.00021,0.00021
7340,0,9e-05,0.0,0.00311,0.0,1e-05,1e-05
7341,0,5e-05,0.0,0.03888,0.0,9e-05,9e-05
7342,0,3e-05,0.0,0.00454,0.0,4e-05,4e-05
7343,0,2e-05,0.0,0.00169,0.0,2e-05,2e-05
7344,0,0.00011,0.0,0.04559,0.0,6e-05,6e-05
7345,0,4e-05,0.0,0.10213,0.0,0.00016,0.00016
7346,0,0.01291,0.0,0.55265,0.01,0.00053,0.00053
7347,0,0.00017,0.0,0.03516,0.0,0.00012,0.00012
7348,0,7e-05,0.0,0.00599,0.0,4e-05,4e-05
7349,0,0.00014,0.0,0.00571,0.0,4e-05,4e-05
7350,0,7e-05,0.0,0.0073,0.0,4e-05,4e-05
7351,0,6e-05,0.0,0.01136,0.0,4e-05,4e-05
7352,0,6e-05,0.0,0.02522,0.0,4e-05,4e-05
7353,0,0.00028,0.0,0.0217,0.0,0.00011,0.00011
7354,0,0.00057,0.0,0.00401,0.0,7e-05,7e-05
7355,0,0.00036,0.0,0.0476,0.035,0.00019,0.00019
7356,0,4e-05,0.0,0.00522,0.0,5e-05,5e-05
7357,0,0.00078,0.0,0.25216,0.0025,3e-05,3e-05
7358,0,9e-05,0.0,0.03262,0.0025,6e-05,6e-05
7359,0,5e-05,0.0,0.00344,0.0,6e-05,6e-05
7360,0,3e-05,0.0,0.01825,0.0,1e-05,1e-05
7361,0,5e-05,0.0,0.00812,0.0,2e-05,2e-05
7362,0,5e-05,0.0,0.0172,0.0,1e-05,1e-05
7363,0,3e-05,0.0,0.00932,0.0,1e-05,1e-05
7364,0,0.00014,0.0,0.12889,0.01,7e-05,7e-05
7365,0,0.00037,0.0,0.23369,0.005,0.00016,0.00016
7366,0,0.00023,0.0,0.0286,0.0,0.00021,0.00021
7367,0,3e-05,0.0,0.01259,0.0,3e-05,3e-05
7368,0,0.04173,0.0,0.67043,0.0425,0.00014,0.00014
7369,0,0.0002,0.0,0.00612,0.0,2e-05,2e-05
7370,0,0.00021,0.0,0.00699,0.01,4e-05,4e-05
7371,0,0.00025,0.0,0.06634,0.0,7e-05,7e-05
7372,0,0.00016,0.0,0.05222,0.0,2e-05,2e-05
7373,0,0.00011,0.0,0.05982,0.0,3e-05,3e-05
7374,0,8e-05,0.0,0.03004,0.0,4e-05,4e-05
7375,0,0.0003,0.0,0.29049,0.005,9e-05,9e-05
7376,0,0.00011,0.0,0.02346,0.0025,6e-05,6e-05
7377,0,0.0001,0.0,0.06732,0.0025,4e-05,4e-05
7378,0,0.0003,0.0,0.47462,0.0075,4e-05,4e-05
7379,0,0.00064,0.0,0.37579,0.0,6e-05,6e-05
7380,0,0.00019,0.0,0.19696,0.0025,5e-05,5e-05
7381,0,0.00101,0.0,0.01969,0.0,4e-05,4e-05
7382,0,0.0001,0.0,0.07291,0.0,4e-05,4e-05
7383,0,0.00043,0.0,0.0193,0.0,2e-05,2e-05
7384,0,0.00033,0.0,0.0931,0.0,1e-05,1e-05
7385,0,0.00012,0.0,0.02908,0.0,3e-05,3e-05
7386,0,0.00022,0.0,0.3744,0.01,0.0002,0.0002
7387,0,6e-05,0.0,0.01695,0.0,5e-05,5e-05
7388,0,6e-05,0.0,0.10497,0.0,9e-05,9e-05
7389,0,7e-05,0.0,0.01951,0.0,3e-05,3e-05
7390,0,0.0001,0.0,0.02929,0.0,5e-05,5e-05
7391,0,0.00011,0.0,0.0587,0.0,2e-05,2e-05
7392,0,8e-05,0.0,0.03109,0.0,8e-05,8e-05
7393,0,0.00023,0.0,0.05419,0.0,4e-05,4e-05
7394,0,6e-05,0.0,0.03026,0.0,4e-05,4e-05
7395,0,0.0002,0.0,0.07195,0.0,0.00015,0.00015
7396,0,0.00022,0.0,0.04291,0.0,8e-05,8e-05
7397,0,0.00016,0.0,0.05388,0.0,0.00013,0.00013
7398,0,0.00049,0.0,0.0464,0.0,0.00014,0.00014
7399,0,6e-05,0.0,0.04866,0.0,2e-05,2e-05
7400,0,0.0001,0.0,0.04893,0.0,7e-05,7e-05
7401,0,7e-05,0.0,0.03801,0.0,5e-05,5e-05
7402,0,0.00016,0.0,0.45282,0.0,4e-05,4e-05
7403,0,7e-05,0.0,0.12013,0.0025,3e-05,3e-05
7404,0,0.00017,0.0,0.37508,0.0025,7e-05,7e-05
7405,0,0.00015,0.0,0.04974,0.0,5e-05,5e-05
7406,0,6e-05,0.0,0.05317,0.0,2e-05,2e-05
7407,0,0.00013,0.0,0.10558,0.0,5e-05,5e-05
7408,0,6e-05,0.0,0.23838,0.0025,0.00011,0.00011
7409,0,6e-05,0.0,0.72546,0.005,8e-05,8e-05
7410,0,0.00013,0.0,0.41577,0.01,0.00015,0.00015
7411,0,0.00083,0.0,0.09533,0.0225,0.00019,0.00019
7412,0,0.00032,0.0,0.34629,0.0,0.00011,0.00011
7413,0,5e-05,0.0,0.07633,0.0,2e-05,2e-05
7414,0,0.0001,0.0,0.07077,0.0,0.00014,0.00014
7415,0,8e-05,0.0,0.11632,0.0,6e-05,6e-05
7416,0,0.00022,0.0,0.17253,0.0,0.00011,0.00011
7417,0,0.00018,0.0,0.1931,0.0,6e-05,6e-05
7418,0,7e-05,0.0,0.12788,0.0,3e-05,3e-05
7419,0,0.00024,0.0,0.1526,0.01,0.00013,0.00013
7420,0,0.00033,0.0,0.14207,0.005,0.00013,0.00013
7421,0,0.00036,0.0,0.18724,0.0025,0.0002,0.0002
7422,0,0.00078,0.0,0.43997,0.1,0.00179,0.00179
7423,0,0.00721,0.0,0.4284,0.105,0.00159,0.00159
7424,0,0.06783,0.0,0.46191,0.2075,0.0063,0.0063
7425,0,0.0841,0.0,0.10366,0.3725,0.07524,0.07524
7426,0,0.00625,0.0,0.11782,0.0875,0.00327,0.00327
7427,1,0.02947,0.0,0.08826,0.14,0.00494,0.00494
7428,0,2e-05,0.0,0.00111,0.0,1e-05,1e-05
7429,0,9e-05,0.0,0.00067,0.0,1e-05,1e-05
7430,0,2e-05,0.0,0.00135,0.0,2e-05,2e-05
7431,0,7e-05,0.0,0.0194,0.005,4e-05,4e-05
7432,0,0.00115,0.0,0.47794,0.015,0.00012,0.00012
7433,0,3e-05,0.0,0.00969,0.0,2e-05,2e-05
7434,0,0.00014,0.0,0.0013,0.0,1e-05,1e-05
7435,0,4e-05,0.0,0.00371,0.0,4e-05,4e-05
7436,0,0.00013,0.0,0.00667,0.0,1e-05,1e-05
7437,0,6e-05,0.0,0.01005,0.0,2e-05,2e-05
7438,0,7e-05,0.0,0.00165,0.0,1e-05,1e-05
7439,0,0.00011,0.0,0.00173,0.0,0.0001,0.0001
7440,0,4e-05,0.0,0.00966,0.0,1e-05,1e-05
7441,0,4e-05,0.0,0.00187,0.0,1e-05,1e-05
7442,0,3e-05,0.0,0.19074,0.0025,3e-05,3e-05
7443,0,3e-05,0.0,0.00519,0.0,2e-05,2e-05
7444,0,2e-05,0.0,0.00436,0.0,6e-05,6e-05
7445,0,7e-05,0.0,0.43531,0.0,3e-05,3e-05
7446,0,5e-05,0.0,0.01181,0.0075,2e-05,2e-05
7447,0,0.00016,0.0,0.11062,0.0075,7e-05,7e-05
7448,0,2e-05,0.0,0.002,0.0,1e-05,1e-05
7449,0,0.00016,0.0,0.0091,0.0,2e-05,2e-05
7450,0,0.00024,0.0,0.04725,0.0075,0.00109,0.00109
7451,0,8e-05,0.0,0.01562,0.0,6e-05,6e-05
7452,0,0.00015,0.0,0.01744,0.0025,2e-05,2e-05
7453,0,3e-05,0.0,0.00501,0.0,1e-05,1e-05
7454,0,0.00014,0.0,0.0392,0.0125,9e-05,9e-05
7455,0,0.00013,0.0,0.05221,0.0,2e-05,2e-05
7456,0,3e-05,0.0,0.007,0.0,1e-05,1e-05
7457,0,0.00012,0.0,0.0861,0.005,3e-05,3e-05
7458,0,5e-05,0.0,0.01025,0.0,1e-05,1e-05
7459,0,0.00014,0.0,0.08372,0.01,8e-05,8e-05
7460,0,3e-05,0.0,0.00602,0.0,2e-05,2e-05
7461,0,9e-05,0.0,0.02658,0.0,2e-05,2e-05
7462,0,0.0002,0.0,0.00679,0.0,2e-05,2e-05
7463,0,9e-05,0.0,0.00746,0.0,1e-05,1e-05
7464,0,3e-05,0.0,0.04443,0.0025,8e-05,8e-05
7465,0,0.00015,0.0,0.03195,0.0,4e-05,4e-05
7466,0,0.00015,0.0,0.18228,0.0,6e-05,6e-05
7467,0,4e-05,0.0,0.00878,0.0,1e-05,1e-05
7468,0,5e-05,0.0,0.03202,0.0,2e-05,2e-05
7469,0,7e-05,0.0,0.02406,0.0,3e-05,3e-05
7470,0,3e-05,0.0,0.01561,0.0,3e-05,3e-05
7471,0,0.00033,0.0,0.51849,0.0025,6e-05,6e-05
7472,0,0.00022,0.0,0.38885,0.005,0.00022,0.00022
7473,0,7e-05,0.0,0.01324,0.0,2e-05,2e-05
7474,0,0.00378,0.0,0.84695,0.0525,0.00129,0.00129
7475,0,0.00028,0.0,0.04227,0.0,2e-05,2e-05
7476,0,0.00013,0.0,0.41312,0.0,5e-05,5e-05
7477,0,4e-05,0.0,0.05784,0.0,1e-05,1e-05
7478,0,5e-05,0.0,0.04012,0.0,2e-05,2e-05
7479,0,4e-05,0.0,0.05536,0.0,2e-05,2e-05
7480,0,0.0001,0.0,0.02255,0.0,4e-05,4e-05
7481,0,4e-05,0.0,0.02845,0.0,2e-05,2e-05
7482,0,3e-05,0.0,0.02755,0.0,5e-05,5e-05
7483,0,0.00014,0.0,0.08971,0.0,3e-05,3e-05
7484,0,0.00367,0.0,0.03051,0.0075,8e-05,8e-05
7485,0,0.00017,0.0,0.56465,0.0,2e-05,2e-05
7486,0,6e-05,0.0,0.0584,0.0,2e-05,2e-05
7487,0,4e-05,0.0,0.04648,0.0,1e-05,1e-05
7488,0,7e-05,0.0,0.03473,0.0,2e-05,2e-05
7489,0,8e-05,0.0,0.09924,0.0,2e-05,2e-05
7490,0,0.00019,0.0,0.0376,0.0125,4e-05,4e-05
7491,0,0.00046,0.0,0.03809,0.0,8e-05,8e-05
7492,0,0.00103,0.0,0.80066,0.0175,5e-05,5e-05
7493,0,0.00016,0.0,0.50733,0.0075,7e-05,7e-05
7494,0,0.00028,0.0,0.38771,0.0,0.0001,0.0001
7495,0,0.00029,0.0,0.28412,0.0025,0.00016,0.00016
7496,0,8e-05,0.0,0.06008,0.0,4e-05,4e-05
7497,0,0.00043,0.0,0.15328,0.0,5e-05,5e-05
7498,0,0.00029,0.0,0.12704,0.0,3e-05,3e-05
7499,0,0.00022,0.0,0.05028,0.0175,0.00012,0.00012
7500,0,0.00015,0.0,0.09943,0.005,0.0002,0.0002
7501,0,0.00126,0.0,0.44032,0.005,0.00016,0.00016
7502,0,0.00028,0.0,0.09125,0.0025,8e-05,8e-05
7503,0,0.00014,0.0,0.05214,0.0,0.00025,0.00025
7504,0,0.00178,0.0,0.05763,0.0125,0.00021,0.00021
7505,0,0.00031,0.0,0.17139,0.005,0.00072,0.00072
7506,0,0.0029,0.0,0.16177,0.0725,0.00074,0.00074
7507,0,0.01581,0.0,0.20806,0.0625,0.00568,0.00568
7508,0,0.00514,0.0,0.16007,0.1325,0.00402,0.00402
7509,0,0.01123,0.0,0.11562,0.125,0.00435,0.00435
7510,1,0.99626,1.0,0.86107,0.9225,0.99997,1.0
7511,1,0.01555,0.0,0.1697,0.0775,0.00198,0.00198
7512,0,1e-05,0.0,0.00184,0.0,1e-05,1e-05
7513,0,1e-05,0.0,0.0011,0.0,1e-05,1e-05
7514,0,0.00131,0.0,0.02508,0.0875,0.25008,0.25008
7515,0,2e-05,0.0,0.00144,0.0025,0.0,0.0
7516,0,0.00016,0.0,0.29579,0.0,0.00011,0.00011
7517,0,0.00014,0.0,0.54072,0.02,3e-05,3e-05
7518,0,8e-05,0.0,0.03164,0.0,2e-05,2e-05
7519,0,6e-05,0.0,0.00709,0.0,1e-05,1e-05
7520,0,0.0001,0.0,0.00379,0.0,1e-05,1e-05
7521,0,9e-05,0.0,0.00311,0.0,2e-05,2e-05
7522,0,4e-05,0.0,0.00541,0.0,5e-05,5e-05
7523,0,0.00016,0.0,0.23736,0.005,5e-05,5e-05
7524,0,5e-05,0.0,0.02779,0.0,6e-05,6e-05
7525,0,4e-05,0.0,0.00233,0.0,7e-05,7e-05
7526,0,3e-05,0.0,0.0333,0.0175,3e-05,3e-05
7527,0,4e-05,0.0,0.00365,0.0,5e-05,5e-05
7528,0,0.00019,0.0,0.03215,0.0475,0.00032,0.00032
7529,0,8e-05,0.0,0.00176,0.0,2e-05,2e-05
7530,0,5e-05,0.0,0.00651,0.0,2e-05,2e-05
7531,0,6e-05,0.0,0.00479,0.0,1e-05,1e-05
7532,0,7e-05,0.0,0.23862,0.0025,7e-05,7e-05
7533,0,3e-05,0.0,0.00318,0.0,2e-05,2e-05
7534,0,5e-05,0.0,0.00953,0.0,1e-05,1e-05
7535,0,0.00015,0.0,0.0658,0.0,5e-05,5e-05
7536,0,7e-05,0.0,0.00539,0.0,2e-05,2e-05
7537,1,0.71996,1.0,0.79789,0.9875,0.93777,1.0
7538,0,0.25776,0.0,0.88911,0.1575,0.00056,0.00056
7539,0,7e-05,0.0,0.0124,0.0,1e-05,1e-05
7540,0,4e-05,0.0,0.0119,0.0,3e-05,3e-05
7541,0,3e-05,0.0,0.00435,0.0,3e-05,3e-05
7542,0,7e-05,0.0,0.01527,0.0,2e-05,2e-05
7543,0,0.00029,0.0,0.10889,0.0025,8e-05,8e-05
7544,0,9e-05,0.0,0.05514,0.01,5e-05,5e-05
7545,0,0.00018,0.0,0.06736,0.0,4e-05,4e-05
7546,0,0.00019,0.0,0.01341,0.0,3e-05,3e-05
7547,0,3e-05,0.0,0.03486,0.0,2e-05,2e-05
7548,0,0.00025,0.0,0.04139,0.0,8e-05,8e-05
7549,0,6e-05,0.0,0.04647,0.0,3e-05,3e-05
7550,0,0.00011,0.0,0.04196,0.0,6e-05,6e-05
7551,0,5e-05,0.0,0.0128,0.0,2e-05,2e-05
7552,0,6e-05,0.0,0.01936,0.0,1e-05,1e-05
7553,0,7e-05,0.0,0.04178,0.0,3e-05,3e-05
7554,0,9e-05,0.0,0.04193,0.0,2e-05,2e-05
7555,0,0.00018,0.0,0.21623,0.0025,6e-05,6e-05
7556,0,0.0008,0.0,0.8198,0.0125,9e-05,9e-05
7557,0,5e-05,0.0,0.03903,0.0075,4e-05,4e-05
7558,0,0.00011,0.0,0.01511,0.005,5e-05,5e-05
7559,0,9e-05,0.0,0.15697,0.0075,9e-05,9e-05
7560,0,0.00062,0.0,0.54179,0.0225,6e-05,6e-05
7561,0,0.00053,0.0,0.3975,0.025,7e-05,7e-05
7562,0,0.0001,0.0,0.35228,0.0,7e-05,7e-05
7563,0,0.00033,0.0,0.69472,0.0175,1e-05,1e-05
7564,0,0.00013,0.0,0.03384,0.0025,1e-05,1e-05
7565,1,0.47733,1.0,0.81741,0.87,0.97767,1.0
7566,0,9e-05,0.0,0.03153,0.0,6e-05,6e-05
7567,0,4e-05,0.0,0.05575,0.0,2e-05,2e-05
7568,0,0.00367,0.0,0.83977,0.0125,0.00011,0.00011
7569,0,4e-05,0.0,0.04589,0.0,1e-05,1e-05
7570,1,0.54761,1.0,0.99395,0.8475,0.99553,1.0
7571,0,4e-05,0.0,0.04244,0.005,1e-05,1e-05
7572,0,5e-05,0.0,0.06316,0.0,3e-05,3e-05
7573,0,0.00103,0.0,0.06717,0.0975,0.00136,0.00136
7574,0,3e-05,0.0,0.07074,0.0,1e-05,1e-05
7575,0,0.00028,0.0,0.12509,0.0,5e-05,5e-05
7576,0,0.00045,0.0,0.26385,0.0,3e-05,3e-05
7577,0,0.00023,0.0,0.16419,0.0,4e-05,4e-05
7578,0,0.00023,0.0,0.06774,0.0,3e-05,3e-05
7579,0,0.0096,0.0,0.08996,0.12,0.00616,0.00616
7580,0,0.00933,0.0,0.64771,0.07,0.00146,0.00146
7581,0,0.00084,0.0,0.33279,0.0,0.00015,0.00015
7582,0,0.01161,0.0,0.70254,0.0175,0.00018,0.00018
7583,0,0.00031,0.0,0.19645,0.0,8e-05,8e-05
7584,0,0.00026,0.0,0.33043,0.0,5e-05,5e-05
7585,0,0.00068,0.0,0.1976,0.0,0.0001,0.0001
7586,0,0.00018,0.0,0.58482,0.0075,3e-05,3e-05
7587,0,0.00014,0.0,0.15758,0.0,0.0001,0.0001
7588,0,0.0006,0.0,0.67793,0.135,0.00019,0.00019
7589,0,0.00025,0.0,0.42775,0.0,4e-05,4e-05
7590,0,0.00028,0.0,0.23432,0.0325,0.00029,0.00029
7591,0,0.0019,0.0,0.38744,0.005,0.00053,0.00053
7592,1,0.58249,1.0,0.95089,0.63,0.98857,1.0
7593,0,0.15428,0.0,0.17636,0.3,0.00751,0.00751
7594,1,0.9991,1.0,0.9908,0.985,0.99996,1.0
7595,0,4e-05,0.0,0.00504,0.0,5e-05,5e-05
7596,0,0.00012,0.0,0.01372,0.0675,0.00014,0.00014
7597,0,2e-05,0.0,0.00446,0.0,1e-05,1e-05
7598,0,0.00033,0.0,0.00754,0.0,8e-05,8e-05
7599,0,2e-05,0.0,0.01489,0.0,1e-05,1e-05
7600,0,4e-05,0.0,0.0027,0.0,3e-05,3e-05
7601,0,5e-05,0.0,0.00334,0.0,1e-05,1e-05
7602,0,0.00557,0.0,0.70402,0.07,0.00028,0.00028
7603,0,0.0007,0.0,0.00225,0.0,3e-05,3e-05
7604,0,0.0001,0.0,0.02777,0.0125,2e-05,2e-05
7605,0,3e-05,0.0,0.00354,0.0,4e-05,4e-05
7606,0,7e-05,0.0,0.00392,0.0,2e-05,2e-05
7607,0,0.00014,0.0,0.31651,0.0025,5e-05,5e-05
7608,0,5e-05,0.0,0.0111,0.0,2e-05,2e-05
7609,0,5e-05,0.0,0.00199,0.0,2e-05,2e-05
7610,0,4e-05,0.0,0.01853,0.0,1e-05,1e-05
7611,0,6e-05,0.0,0.01692,0.005,6e-05,6e-05
7612,0,5e-05,0.0,0.00492,0.0,2e-05,2e-05
7613,0,9e-05,0.0,0.00292,0.0025,3e-05,3e-05
7614,0,0.00011,0.0,0.05735,0.0,0.00011,0.00011
7615,0,0.00025,0.0,0.07147,0.0025,3e-05,3e-05
7616,0,0.00036,0.0,0.0624,0.0075,3e-05,3e-05
7617,0,4e-05,0.0,0.01567,0.0,4e-05,4e-05
7618,0,3e-05,0.0,0.0262,0.0,1e-05,1e-05
7619,0,7e-05,0.0,0.26546,0.0,2e-05,2e-05
7620,0,9e-05,0.0,0.06352,0.0,1e-05,1e-05
7621,0,3e-05,0.0,0.00902,0.0,1e-05,1e-05
7622,0,4e-05,0.0,0.01647,0.0,1e-05,1e-05
7623,0,8e-05,0.0,0.00549,0.0,3e-05,3e-05
7624,0,9e-05,0.0,0.00687,0.0,0.0001,0.0001
7625,0,0.00011,0.0,0.0446,0.0025,0.00013,0.00013
7626,0,4e-05,0.0,0.01156,0.0,3e-05,3e-05
7627,0,6e-05,0.0,0.30454,0.0225,6e-05,6e-05
7628,0,0.00066,0.0,0.05895,0.0,3e-05,3e-05
7629,0,5e-05,0.0,0.01231,0.0,2e-05,2e-05
7630,0,0.02437,0.0,0.91436,0.0875,0.00172,0.00172
7631,0,0.00014,0.0,0.0194,0.0,6e-05,6e-05
7632,0,0.00073,0.0,0.1553,0.0175,0.00019,0.00019
7633,0,0.00017,0.0,0.01201,0.0025,0.0002,0.0002
7634,0,0.00045,0.0,0.07758,0.0075,4e-05,4e-05
7635,0,7e-05,0.0,0.02864,0.0,2e-05,2e-05
7636,0,8e-05,0.0,0.02922,0.0,7e-05,7e-05
7637,0,5e-05,0.0,0.01412,0.0,3e-05,3e-05
7638,0,0.00014,0.0,0.14564,0.0,6e-05,6e-05
7639,0,7e-05,0.0,0.02922,0.0025,6e-05,6e-05
7640,0,7e-05,0.0,0.06618,0.0,1e-05,1e-05
7641,0,6e-05,0.0,0.03289,0.0,7e-05,7e-05
7642,0,0.00062,0.0,0.58233,0.0275,0.00028,0.00028
7643,0,5e-05,0.0,0.01573,0.0025,4e-05,4e-05
7644,0,4e-05,0.0,0.22499,0.005,0.00011,0.00011
7645,0,9e-05,0.0,0.14969,0.0,3e-05,3e-05
7646,0,0.00019,0.0,0.0311,0.0425,6e-05,6e-05
7647,0,0.00031,0.0,0.07554,0.005,0.00021,0.00021
7648,0,5e-05,0.0,0.02745,0.0175,3e-05,3e-05
7649,0,0.00348,0.0,0.02251,0.0025,3e-05,3e-05
7650,0,0.00017,0.0,0.01679,0.0,4e-05,4e-05
7651,0,0.0006,0.0,0.74844,0.0075,5e-05,5e-05
7652,0,0.00018,0.0,0.02673,0.02,0.00032,0.00032
7653,0,0.00022,0.0,0.48074,0.0,1e-05,1e-05
7654,0,7e-05,0.0,0.1372,0.0,2e-05,2e-05
7655,0,6e-05,0.0,0.05976,0.0,4e-05,4e-05
7656,0,3e-05,0.0,0.04688,0.0,3e-05,3e-05
7657,0,0.00019,0.0,0.14215,0.005,4e-05,4e-05
7658,0,0.00027,0.0,0.04952,0.0075,0.00014,0.00014
7659,0,0.00079,0.0,0.55223,0.0075,6e-05,6e-05
7660,0,7e-05,0.0,0.12825,0.0,3e-05,3e-05
7661,0,4e-05,0.0,0.6989,0.0025,2e-05,2e-05
7662,0,7e-05,0.0,0.07304,0.0,6e-05,6e-05
7663,0,0.00191,0.0,0.04955,0.0025,0.00013,0.00013
7664,0,0.00054,0.0,0.63167,0.01,0.00013,0.00013
7665,0,5e-05,0.0,0.21233,0.0,2e-05,2e-05
7666,0,0.00012,0.0,0.16402,0.0,7e-05,7e-05
7667,0,0.00017,0.0,0.35681,0.005,2e-05,2e-05
7668,0,9e-05,0.0,0.1976,0.0,5e-05,5e-05
7669,0,0.00037,0.0,0.13411,0.015,0.00039,0.00039
7670,1,0.48957,1.0,0.853,0.84,0.987,1.0
7671,0,0.00026,0.0,0.12274,0.0,6e-05,6e-05
7672,0,0.00059,0.0,0.34783,0.0075,5e-05,5e-05
7673,0,0.00066,0.0,0.66782,0.01,0.00033,0.00033
7674,0,0.00062,0.0,0.15268,0.015,0.0003,0.0003
7675,0,0.00127,0.0,0.31077,0.0,9e-05,9e-05
7676,0,0.0033,0.0,0.32778,0.02,0.00019,0.00019
7677,0,0.00164,0.0,0.42166,0.045,0.00037,0.00037
7678,0,0.70491,0.0,0.56188,0.5175,0.30766,0.30766
7679,0,0.06312,0.0,0.57472,0.1825,0.00515,0.00515
7680,0,0.00292,0.0,0.18674,0.165,0.0023,0.0023
7681,0,0.00643,0.0,0.42947,0.12,0.001,0.001
7682,0,0.00332,0.0,0.34421,0.04,0.00028,0.00028
7683,0,0.01041,0.0,0.48816,0.28,0.00406,0.00406
7684,0,0.00541,0.0,0.3452,0.015,0.00084,0.00084
7685,0,0.00407,0.0,0.3325,0.13,0.00525,0.00525
7686,0,0.05123,0.0,0.54248,0.16,0.01017,0.01017
7687,0,0.11003,0.0,0.19419,0.2525,0.01274,0.01274
7688,1,0.46166,0.0,0.80035,0.2775,0.04829,0.04829
7689,0,4e-05,0.0,0.00581,0.0,1e-05,1e-05
7690,0,8e-05,0.0,0.00719,0.0,2e-05,2e-05
7691,0,2e-05,0.0,0.00219,0.0,1e-05,1e-05
7692,0,9e-05,0.0,0.19389,0.0,0.0001,0.0001
7693,0,1e-05,0.0,0.00303,0.0,1e-05,1e-05
7694,0,5e-05,0.0,0.00509,0.0025,3e-05,3e-05
7695,0,4e-05,0.0,0.00263,0.0,3e-05,3e-05
7696,0,0.0007,0.0,0.02755,0.0175,0.00015,0.00015
7697,0,0.00029,0.0,0.6076,0.01,0.00011,0.00011
7698,0,0.00022,0.0,0.03476,0.0,0.00011,0.00011
7699,0,0.00081,0.0,0.01217,0.0025,0.00026,0.00026
7700,0,0.00024,0.0,0.0127,0.0,3e-05,3e-05
7701,0,0.04991,0.0,0.65053,0.1675,0.00013,0.00013
7702,0,2e-05,0.0,0.00651,0.0,2e-05,2e-05
7703,0,4e-05,0.0,0.00298,0.0,1e-05,1e-05
7704,0,6e-05,0.0,0.00281,0.0,3e-05,3e-05
7705,0,3e-05,0.0,0.00372,0.0,1e-05,1e-05
7706,0,6e-05,0.0,0.1811,0.0025,0.00013,0.00013
7707,0,5e-05,0.0,0.00545,0.0,2e-05,2e-05
7708,0,6e-05,0.0,0.00215,0.0,3e-05,3e-05
7709,0,3e-05,0.0,0.00732,0.0,3e-05,3e-05
7710,0,9e-05,0.0,0.03439,0.0,3e-05,3e-05
7711,0,0.0001,0.0,0.17718,0.0,0.00012,0.00012
7712,0,0.0001,0.0,0.52769,0.0,6e-05,6e-05
7713,0,4e-05,0.0,0.0162,0.0,1e-05,1e-05
7714,0,0.00016,0.0,0.03257,0.0025,4e-05,4e-05
7715,0,4e-05,0.0,0.03706,0.0,1e-05,1e-05
7716,0,0.00015,0.0,0.25562,0.0025,8e-05,8e-05
7717,0,0.00014,0.0,0.12517,0.0025,0.00014,0.00014
7718,0,0.00023,0.0,0.34039,0.0025,0.00027,0.00027
7719,0,0.00034,0.0,0.05873,0.0175,0.00025,0.00025
7720,0,3e-05,0.0,0.00761,0.0,2e-05,2e-05
7721,0,4e-05,0.0,0.02505,0.0,2e-05,2e-05
7722,0,7e-05,0.0,0.07141,0.0,6e-05,6e-05
7723,0,0.00048,0.0,0.35259,0.0075,5e-05,5e-05
7724,0,0.00017,0.0,0.01603,0.0,5e-05,5e-05
7725,0,0.00012,0.0,0.04171,0.0,3e-05,3e-05
7726,0,0.00028,0.0,0.02184,0.0,7e-05,7e-05
7727,0,8e-05,0.0,0.0133,0.0,1e-05,1e-05
7728,0,0.00011,0.0,0.01291,0.0,2e-05,2e-05
7729,0,0.00036,0.0,0.15464,0.0025,7e-05,7e-05
7730,0,0.00082,0.0,0.61937,0.025,0.00011,0.00011
7731,0,0.00052,0.0,0.09175,0.0,5e-05,5e-05
7732,0,0.00064,0.0,0.0162,0.0025,3e-05,3e-05
7733,0,0.00015,0.0,0.09662,0.0,3e-05,3e-05
7734,0,5e-05,0.0,0.05525,0.0,2e-05,2e-05
7735,0,5e-05,0.0,0.02475,0.0025,6e-05,6e-05
7736,0,0.00185,0.0,0.4277,0.005,0.0001,0.0001
7737,0,0.00011,0.0,0.17159,0.0025,9e-05,9e-05
7738,0,0.00093,0.0,0.08977,0.0,4e-05,4e-05
7739,0,0.00029,0.0,0.86032,0.0275,2e-05,2e-05
7740,0,6e-05,0.0,0.03628,0.005,5e-05,5e-05
7741,0,7e-05,0.0,0.157,0.0,2e-05,2e-05
7742,0,5e-05,0.0,0.07892,0.0,5e-05,5e-05
7743,0,0.00049,0.0,0.68749,0.005,3e-05,3e-05
7744,0,0.00075,0.0,0.05001,0.1175,0.00122,0.00122
7745,0,0.00023,0.0,0.8596,0.02,3e-05,3e-05
7746,0,9e-05,0.0,0.09205,0.0,3e-05,3e-05
7747,0,8e-05,0.0,0.10222,0.0,2e-05,2e-05
7748,0,0.00052,0.0,0.6299,0.095,0.00154,0.00154
7749,0,5e-05,0.0,0.17513,0.0,6e-05,6e-05
7750,0,8e-05,0.0,0.05419,0.0,3e-05,3e-05
7751,0,0.00032,0.0,0.39865,0.0,3e-05,3e-05
7752,0,9e-05,0.0,0.14607,0.0,6e-05,6e-05
7753,0,0.00025,0.0,0.079,0.0025,0.00069,0.00069
7754,0,4e-05,0.0,0.07329,0.0,1e-05,1e-05
7755,0,0.00012,0.0,0.12048,0.005,0.00014,0.00014
7756,0,0.00369,0.0,0.34225,0.0625,0.00402,0.00402
7757,1,0.76386,1.0,0.79172,0.8825,0.99808,1.0
7758,0,0.0009,0.0,0.0789,0.01,0.00031,0.00031
7759,0,0.00015,0.0,0.11078,0.0,0.00027,0.00027
7760,1,0.6201,1.0,0.9259,0.86,0.97056,1.0
7761,0,0.00187,0.0,0.09911,0.025,0.00071,0.00071
7762,0,0.0023,0.0,0.07873,0.0375,0.00101,0.00101
7763,0,0.00014,0.0,0.01163,0.0,1e-05,1e-05
7764,1,0.28832,1.0,0.99847,0.7075,0.99631,1.0
7765,0,3e-05,0.0,0.00216,0.0,3e-05,3e-05
7766,0,0.00012,0.0,0.07368,0.0,5e-05,5e-05
7767,0,0.0001,0.0,0.22366,0.01,8e-05,8e-05
7768,0,4e-05,0.0,0.20422,0.0025,0.00016,0.00016
7769,0,0.0002,0.0,0.00182,0.0,6e-05,6e-05
7770,0,8e-05,0.0,0.00512,0.0,3e-05,3e-05
7771,0,5e-05,0.0,0.00296,0.0,4e-05,4e-05
7772,0,0.00013,0.0,0.00267,0.0,9e-05,9e-05
7773,0,7e-05,0.0,0.00615,0.0,3e-05,3e-05
7774,0,3e-05,0.0,0.00205,0.0,4e-05,4e-05
7775,0,3e-05,0.0,0.00302,0.0,3e-05,3e-05
7776,0,3e-05,0.0,0.00351,0.0,6e-05,6e-05
7777,0,0.00027,0.0,0.0309,0.015,4e-05,4e-05
7778,0,9e-05,0.0,0.00306,0.0,8e-05,8e-05
7779,0,3e-05,0.0,0.00936,0.0,1e-05,1e-05
7780,0,5e-05,0.0,0.00375,0.0,7e-05,7e-05
7781,0,4e-05,0.0,0.00331,0.0,2e-05,2e-05
7782,0,5e-05,0.0,0.01461,0.0,3e-05,3e-05
7783,0,4e-05,0.0,0.00528,0.0,1e-05,1e-05
7784,0,0.00011,0.0,0.00401,0.0,3e-05,3e-05
7785,0,0.01028,0.0,0.42905,0.11,0.00684,0.00684
7786,0,3e-05,0.0,0.0253,0.0,3e-05,3e-05
7787,0,7e-05,0.0,0.04519,0.0025,6e-05,6e-05
7788,0,0.0003,0.0,0.09784,0.0025,5e-05,5e-05
7789,0,4e-05,0.0,0.01019,0.0,2e-05,2e-05
7790,0,5e-05,0.0,0.01692,0.0,2e-05,2e-05
7791,0,7e-05,0.0,0.00541,0.0,2e-05,2e-05
7792,0,0.00013,0.0,0.07889,0.0075,2e-05,2e-05
7793,0,2e-05,0.0,0.01767,0.0,3e-05,3e-05
7794,0,9e-05,0.0,0.02616,0.0,3e-05,3e-05
7795,0,0.00011,0.0,0.21254,0.0075,0.0001,0.0001
7796,0,3e-05,0.0,0.00305,0.0,4e-05,4e-05
7797,0,0.00045,0.0,0.17415,0.0075,5e-05,5e-05
7798,0,0.00014,0.0,0.02452,0.0,3e-05,3e-05
7799,0,0.00017,0.0,0.00976,0.0,4e-05,4e-05
7800,0,0.00016,0.0,0.05852,0.0025,3e-05,3e-05
7801,0,7e-05,0.0,0.02028,0.0,1e-05,1e-05
7802,0,0.00014,0.0,0.18985,0.0,0.00011,0.00011
7803,0,0.01073,0.0,0.42389,0.075,0.00089,0.00089
7804,0,9e-05,0.0,0.02264,0.0,2e-05,2e-05
7805,0,0.0001,0.0,0.04176,0.0,3e-05,3e-05
7806,0,0.00031,0.0,0.01516,0.0,0.00013,0.00013
7807,0,0.00051,0.0,0.23185,0.0,3e-05,3e-05
7808,0,0.00019,0.0,0.09663,0.005,8e-05,8e-05
7809,0,3e-05,0.0,0.01779,0.0,4e-05,4e-05
7810,0,5e-05,0.0,0.01745,0.0,4e-05,4e-05
7811,0,0.00042,0.0,0.30746,0.0025,5e-05,5e-05
7812,0,6e-05,0.0,0.03114,0.0,2e-05,2e-05
7813,0,4e-05,0.0,0.02041,0.0,2e-05,2e-05
7814,0,8e-05,0.0,0.0697,0.0,1e-05,1e-05
7815,0,0.00027,0.0,0.04226,0.0,5e-05,5e-05
7816,0,0.00027,0.0,0.01601,0.01,0.00029,0.00029
7817,0,7e-05,0.0,0.03133,0.0,2e-05,2e-05
7818,0,0.00012,0.0,0.01651,0.0,2e-05,2e-05
7819,0,0.00108,0.0,0.34082,0.0025,3e-05,3e-05
7820,0,7e-05,0.0,0.20059,0.0,0.0002,0.0002
7821,0,0.0026,0.0,0.02367,0.005,0.00095,0.00095
7822,0,0.00012,0.0,0.03786,0.0,3e-05,3e-05
7823,0,8e-05,0.0,0.08756,0.0,3e-05,3e-05
7824,0,0.00034,0.0,0.27596,0.0,0.00025,0.00025
7825,0,0.00012,0.0,0.07525,0.0,3e-05,3e-05
7826,0,3e-05,0.0,0.03768,0.0,1e-05,1e-05
7827,0,0.18711,0.0,0.94393,0.34,0.00631,0.00631
7828,0,0.00028,0.0,0.1373,0.0,5e-05,5e-05
7829,0,0.0001,0.0,0.05153,0.0,2e-05,2e-05
7830,0,0.00082,0.0,0.05224,0.015,0.00011,0.00011
7831,0,2e-05,0.0,0.06541,0.0,3e-05,3e-05
7832,0,0.0001,0.0,0.09233,0.0,4e-05,4e-05
7833,0,6e-05,0.0,0.11199,0.0,3e-05,3e-05
7834,0,0.00011,0.0,0.09338,0.0,7e-05,7e-05
7835,0,0.00015,0.0,0.22107,0.0,0.00013,0.00013
7836,0,0.0001,0.0,0.07678,0.0025,8e-05,8e-05
7837,0,0.00012,0.0,0.11184,0.0025,6e-05,6e-05
7838,0,0.00011,0.0,0.07559,0.0,3e-05,3e-05
7839,0,0.00149,0.0,0.51013,0.025,0.00102,0.00102
7840,0,0.00018,0.0,0.4692,0.0125,9e-05,9e-05
7841,0,0.00051,0.0,0.10777,0.005,0.00018,0.00018
7842,0,0.00058,0.0,0.30972,0.0,0.00026,0.00026
7843,0,0.00144,0.0,0.11384,0.055,0.00147,0.00147
7844,0,0.0046,0.0,0.33633,0.0425,0.00042,0.00042
7845,0,0.00453,0.0,0.20158,0.03,0.0021,0.0021
7846,0,0.04459,0.0,0.18232,0.1625,0.00347,0.00347
7847,0,0.01161,0.0,0.0862,0.1475,0.004,0.004
7848,0,0.15784,0.0,0.69521,0.2875,0.00567,0.00567
7849,0,0.01302,0.0,0.10469,0.3,0.05432,0.05432
7850,1,0.06419,0.0,0.43151,0.135,0.00987,0.00987
7851,0,0.00013,0.0,0.00176,0.0,4e-05,4e-05
7852,0,9e-05,0.0,0.03505,0.0,2e-05,2e-05
7853,0,2e-05,0.0,0.00251,0.0,2e-05,2e-05
7854,0,0.00017,0.0,0.35647,0.0075,5e-05,5e-05
7855,0,4e-05,0.0,0.00243,0.0,2e-05,2e-05
7856,0,3e-05,0.0,0.00101,0.0025,2e-05,2e-05
7857,0,4e-05,0.0,0.01014,0.0,5e-05,5e-05
7858,0,0.00034,0.0,0.01259,0.0,7e-05,7e-05
7859,0,0.00041,0.0,0.11747,0.0,5e-05,5e-05
7860,0,0.0001,0.0,0.02073,0.01,0.00014,0.00014
7861,0,0.00025,0.0,0.01712,0.0,2e-05,2e-05
7862,0,4e-05,0.0,0.01016,0.0,1e-05,1e-05
7863,0,0.0002,0.0,0.11717,0.01,5e-05,5e-05
7864,0,0.00011,0.0,0.01097,0.0025,3e-05,3e-05
7865,0,0.00039,0.0,0.55082,0.0075,0.0001,0.0001
7866,0,0.00018,0.0,0.09417,0.0,0.00015,0.00015
7867,0,0.00012,0.0,0.0558,0.0125,6e-05,6e-05
7868,0,3e-05,0.0,0.00752,0.0,1e-05,1e-05
7869,0,0.00025,0.0,0.02491,0.0575,8e-05,8e-05
7870,0,9e-05,0.0,0.00169,0.0,2e-05,2e-05
7871,0,0.00022,0.0,0.20755,0.0,5e-05,5e-05
7872,0,0.00022,0.0,0.37536,0.0025,2e-05,2e-05
7873,0,4e-05,0.0,0.00793,0.0,1e-05,1e-05
7874,0,8e-05,0.0,0.0098,0.0,1e-05,1e-05
7875,0,4e-05,0.0,0.00988,0.0,3e-05,3e-05
7876,0,6e-05,0.0,0.00767,0.0,3e-05,3e-05
7877,0,0.00015,0.0,0.10262,0.0025,4e-05,4e-05
7878,0,0.00076,0.0,0.14774,0.015,6e-05,6e-05
7879,0,4e-05,0.0,0.08312,0.005,1e-05,1e-05
7880,0,8e-05,0.0,0.0098,0.0025,2e-05,2e-05
7881,0,0.00012,0.0,0.026,0.0,1e-05,1e-05
7882,0,0.00023,0.0,0.01569,0.0025,4e-05,4e-05
7883,0,0.00022,0.0,0.00315,0.01,1e-05,1e-05
7884,0,0.0002,0.0,0.02539,0.0075,0.00012,0.00012
7885,1,0.00483,1.0,0.24886,0.425,0.03928,1.0
7886,0,7e-05,0.0,0.01247,0.0,1e-05,1e-05
7887,0,0.00431,0.0,0.06055,0.0125,0.00131,0.00131
7888,0,0.00091,0.0,0.01426,0.0,7e-05,7e-05
7889,0,1e-05,0.0,0.01128,0.0,3e-05,3e-05
7890,0,0.57934,0.0,0.55346,0.14,0.00089,0.00089
7891,0,0.00019,0.0,0.0104,0.0,5e-05,5e-05
7892,0,3e-05,0.0,0.02925,0.0,2e-05,2e-05
7893,0,0.00011,0.0,0.01873,0.0025,4e-05,4e-05
7894,0,0.00011,0.0,0.05778,0.005,1e-05,1e-05
7895,0,9e-05,0.0,0.01103,0.0,4e-05,4e-05
7896,0,0.0003,0.0,0.1383,0.005,3e-05,3e-05
7897,0,0.00023,0.0,0.32505,0.0025,5e-05,5e-05
7898,0,0.00071,0.0,0.15516,0.0075,4e-05,4e-05
7899,0,0.00012,0.0,0.13011,0.0,1e-05,1e-05
7900,0,0.00015,0.0,0.37846,0.0,4e-05,4e-05
7901,0,3e-05,0.0,0.02545,0.0,2e-05,2e-05
7902,0,0.0002,0.0,0.11434,0.005,0.00041,0.00041
7903,0,0.00042,0.0,0.10222,0.0,0.00018,0.00018
7904,0,0.0001,0.0,0.13103,0.005,3e-05,3e-05
7905,0,0.00018,0.0,0.0223,0.0,1e-05,1e-05
7906,0,4e-05,0.0,0.06541,0.0075,5e-05,5e-05
7907,0,0.00065,0.0,0.33785,0.0025,7e-05,7e-05
7908,0,5e-05,0.0,0.04206,0.0025,2e-05,2e-05
7909,0,0.00026,0.0,0.02275,0.0,4e-05,4e-05
7910,0,3e-05,0.0,0.04675,0.0,1e-05,1e-05
7911,0,8e-05,0.0,0.02382,0.0075,5e-05,5e-05
7912,0,6e-05,0.0,0.06316,0.0,5e-05,5e-05
7913,0,9e-05,0.0,0.11789,0.0,3e-05,3e-05
7914,0,4e-05,0.0,0.15821,0.0025,3e-05,3e-05
7915,0,1e-05,0.0,0.09934,0.0025,1e-05,1e-05
7916,0,0.0001,0.0,0.04288,0.0025,2e-05,2e-05
7917,0,6e-05,0.0,0.09642,0.0,3e-05,3e-05
7918,0,5e-05,0.0,0.17342,0.0,2e-05,2e-05
7919,0,5e-05,0.0,0.13832,0.0025,2e-05,2e-05
7920,0,6e-05,0.0,0.11415,0.0,2e-05,2e-05
7921,0,0.00027,0.0,0.46578,0.0075,4e-05,4e-05
7922,0,0.00207,0.0,0.34288,0.005,0.00011,0.00011
7923,0,9e-05,0.0,0.17305,0.0025,7e-05,7e-05
7924,0,8e-05,0.0,0.1888,0.0,2e-05,2e-05
7925,0,0.00028,0.0,0.30327,0.0125,0.00049,0.00049
7926,0,0.00023,0.0,0.06167,0.015,5e-05,5e-05
7927,1,0.87743,1.0,0.81962,0.8875,0.99385,1.0
7928,0,0.00024,0.0,0.22459,0.0025,3e-05,3e-05
7929,0,5e-05,0.0,0.2763,0.0,3e-05,3e-05
7930,0,0.00186,0.0,0.09206,0.05,0.00164,0.00164
7931,0,0.00697,0.0,0.4515,0.0325,0.01535,0.01535
7932,0,0.00092,0.0,0.1847,0.0175,0.0002,0.0002
7933,0,0.00673,0.0,0.29383,0.08,0.01163,0.01163
7934,0,0.00844,0.0,0.42793,0.3325,0.01416,0.01416
7935,0,0.00307,0.0,0.09087,0.065,0.00084,0.00084
7936,0,0.03667,0.0,0.38695,0.2025,0.00466,0.00466
7937,0,0.01769,0.0,0.44258,0.1225,0.00481,0.00481
7938,0,0.00867,0.0,0.20563,0.2275,0.00684,0.00684
7939,0,0.06918,0.0,0.17156,0.345,0.08552,0.08552
7940,0,0.00703,0.0,0.47649,0.08,0.00144,0.00144
7941,0,2e-05,0.0,0.0035,0.0,1e-05,1e-05
7942,0,3e-05,0.0,0.00381,0.0,1e-05,1e-05
7943,0,5e-05,0.0,0.02527,0.0025,6e-05,6e-05
7944,0,3e-05,0.0,0.00156,0.0,2e-05,2e-05
7945,0,0.00024,0.0,0.0552,0.0025,5e-05,5e-05
7946,0,2e-05,0.0,0.00233,0.0,1e-05,1e-05
7947,0,2e-05,0.0,0.00353,0.0,2e-05,2e-05
7948,0,0.00018,0.0,0.03663,0.0,0.00019,0.00019
7949,0,5e-05,0.0,0.01056,0.0,2e-05,2e-05
7950,0,7e-05,0.0,0.00377,0.0,2e-05,2e-05
7951,0,2e-05,0.0,0.00456,0.0,2e-05,2e-05
7952,0,7e-05,0.0,0.00233,0.0,2e-05,2e-05
7953,0,3e-05,0.0,0.00919,0.0,1e-05,1e-05
7954,0,4e-05,0.0,0.00783,0.0,3e-05,3e-05
7955,0,6e-05,0.0,0.01965,0.0,3e-05,3e-05
7956,0,0.00026,0.0,0.40472,0.0275,7e-05,7e-05
7957,0,5e-05,0.0,0.00398,0.0,3e-05,3e-05
7958,0,2e-05,0.0,0.03278,0.0025,8e-05,8e-05
7959,0,0.00019,0.0,0.12962,0.0025,5e-05,5e-05
7960,0,4e-05,0.0,0.00496,0.0,2e-05,2e-05
7961,0,2e-05,0.0,0.01183,0.0,1e-05,1e-05
7962,0,0.00053,0.0,0.78001,0.01,8e-05,8e-05
7963,0,0.00028,0.0,0.08458,0.0,8e-05,8e-05
7964,0,3e-05,0.0,0.01469,0.0,1e-05,1e-05
7965,0,3e-05,0.0,0.02628,0.0,1e-05,1e-05
7966,0,5e-05,0.0,0.0117,0.0,2e-05,2e-05
7967,0,9e-05,0.0,0.00861,0.0,1e-05,1e-05
7968,0,5e-05,0.0,0.00455,0.0,1e-05,1e-05
7969,0,5e-05,0.0,0.00651,0.0,2e-05,2e-05
7970,0,0.00021,0.0,0.00606,0.0,3e-05,3e-05
7971,0,6e-05,0.0,0.19175,0.005,0.00021,0.00021
7972,0,0.00015,0.0,0.09534,0.0,5e-05,5e-05
7973,0,0.00045,0.0,0.34266,0.005,0.00028,0.00028
7974,0,0.00019,0.0,0.00767,0.0,6e-05,6e-05
7975,0,0.00024,0.0,0.02115,0.005,2e-05,2e-05
7976,0,9e-05,0.0,0.01414,0.0,2e-05,2e-05
7977,0,0.00029,0.0,0.07034,0.0025,0.00012,0.00012
7978,0,0.01194,0.0,0.5966,0.075,0.00158,0.00158
7979,0,0.00154,0.0,0.21775,0.02,0.00068,0.00068
7980,0,0.00015,0.0,0.01828,0.0075,2e-05,2e-05
7981,0,9e-05,0.0,0.02539,0.0,2e-05,2e-05
7982,0,3e-05,0.0,0.02849,0.0,4e-05,4e-05
7983,0,0.00026,0.0,0.04998,0.0,7e-05,7e-05
7984,0,6e-05,0.0,0.01669,0.0,3e-05,3e-05
7985,0,7e-05,0.0,0.02231,0.0,5e-05,5e-05
7986,0,4e-05,0.0,0.02296,0.0,3e-05,3e-05
7987,0,5e-05,0.0,0.0201,0.0,1e-05,1e-05
7988,0,2e-05,0.0,0.0341,0.0,2e-05,2e-05
7989,0,2e-05,0.0,0.03282,0.0,3e-05,3e-05
7990,0,0.00021,0.0,0.05109,0.0125,0.0001,0.0001
7991,0,3e-05,0.0,0.0194,0.0,2e-05,2e-05
7992,0,4e-05,0.0,0.05851,0.0,8e-05,8e-05
7993,0,0.00011,0.0,0.02778,0.0,3e-05,3e-05
7994,0,0.00011,0.0,0.03135,0.0025,2e-05,2e-05
7995,0,5e-05,0.0,0.13669,0.0,2e-05,2e-05
7996,0,0.00016,0.0,0.03626,0.0,0.0001,0.0001
7997,0,6e-05,0.0,0.05612,0.0025,1e-05,1e-05
7998,1,0.78776,1.0,0.99679,0.955,0.89421,1.0
7999,0,0.00013,0.0,0.48292,0.0,3e-05,3e-05
8000,0,3e-05,0.0,0.02639,0.0,4e-05,4e-05
8001,0,0.00029,0.0,0.28134,0.0025,2e-05,2e-05
8002,0,6e-05,0.0,0.43374,0.0075,0.00013,0.00013
8003,0,0.00031,0.0,0.0488,0.005,2e-05,2e-05
8004,0,0.22892,0.0,0.97168,0.6575,0.43817,0.43817
8005,0,3e-05,0.0,0.13316,0.0,3e-05,3e-05
8006,0,6e-05,0.0,0.09957,0.0,3e-05,3e-05
8007,0,0.00016,0.0,0.19362,0.0,3e-05,3e-05
8008,0,0.00039,0.0,0.04306,0.025,0.00028,0.00028
8009,0,0.00014,0.0,0.16723,0.0,3e-05,3e-05
8010,0,0.00013,0.0,0.44655,0.0,1e-05,1e-05
8011,0,0.6624,0.0,0.9073,0.3375,0.24874,0.24874
8012,0,0.00056,0.0,0.28083,0.005,0.00039,0.00039
8013,0,0.00474,0.0,0.6565,0.0575,0.00331,0.00331
8014,0,6e-05,0.0,0.43738,0.0,0.00017,0.00017
8015,0,7e-05,0.0,0.23123,0.0,9e-05,9e-05
8016,0,0.0002,0.0,0.11276,0.0,0.00036,0.00036
8017,0,9e-05,0.0,0.19603,0.0025,5e-05,5e-05
8018,0,0.00022,0.0,0.19572,0.015,7e-05,7e-05
8019,0,0.00019,0.0,0.30379,0.0075,6e-05,6e-05
8020,0,0.00073,0.0,0.14731,0.01,0.00024,0.00024
8021,0,0.00013,0.0,0.08877,0.02,7e-05,7e-05
8022,0,0.0127,0.0,0.13433,0.1375,0.00089,0.00089
8023,0,0.01377,0.0,0.3562,0.1275,0.0013,0.0013
8024,0,0.00233,0.0,0.31854,0.085,0.00257,0.00257
8025,0,0.00128,0.0,0.2165,0.065,0.00055,0.00055
8026,0,0.01462,0.0,0.4866,0.42,0.00632,0.00632
8027,1,0.24319,1.0,0.62836,0.62,0.92114,1.0
8028,0,0.0257,0.0,0.44361,0.0875,0.01444,0.01444
8029,0,0.0625,0.0,0.35677,0.095,0.00075,0.00075
8030,0,3e-05,0.0,0.00137,0.0,0.0,0.0
8031,0,9e-05,0.0,0.00636,0.0,2e-05,2e-05
8032,0,3e-05,0.0,0.00154,0.0,7e-05,7e-05
8033,0,4e-05,0.0,0.0281,0.0,5e-05,5e-05
8034,0,4e-05,0.0,0.0043,0.0,1e-05,1e-05
8035,0,3e-05,0.0,0.00462,0.0,2e-05,2e-05
8036,0,8e-05,0.0,0.00284,0.005,0.00035,0.00035
8037,0,0.00013,0.0,0.02455,0.0,6e-05,6e-05
8038,0,7e-05,0.0,0.0027,0.0,2e-05,2e-05
8039,0,0.00034,0.0,0.02506,0.0025,8e-05,8e-05
8040,0,6e-05,0.0,0.00238,0.0,0.00011,0.00011
8041,0,3e-05,0.0,0.00752,0.0,1e-05,1e-05
8042,0,0.00011,0.0,0.04427,0.0625,0.00046,0.00046
8043,0,4e-05,0.0,0.02204,0.0,2e-05,2e-05
8044,0,6e-05,0.0,0.00533,0.0,5e-05,5e-05
8045,0,0.0002,0.0,0.01068,0.0025,0.0002,0.0002
8046,0,0.00091,0.0,0.2076,0.0275,0.00023,0.00023
8047,0,6e-05,0.0,0.01778,0.0,8e-05,8e-05
8048,0,0.00011,0.0,0.01039,0.0,4e-05,4e-05
8049,0,0.0001,0.0,0.01759,0.0,3e-05,3e-05
8050,0,4e-05,0.0,0.00179,0.0,3e-05,3e-05
8051,0,0.00015,0.0,0.11673,0.005,3e-05,3e-05
8052,0,6e-05,0.0,0.00388,0.0,6e-05,6e-05
8053,0,0.0003,0.0,0.05389,0.0,9e-05,9e-05
8054,0,0.00014,0.0,0.00605,0.0,0.0001,0.0001
8055,0,0.00025,0.0,0.06512,0.0025,4e-05,4e-05
8056,0,2e-05,0.0,0.01159,0.0,1e-05,1e-05
8057,0,6e-05,0.0,0.02869,0.0125,4e-05,4e-05
8058,0,4e-05,0.0,0.00994,0.0,2e-05,2e-05
8059,0,5e-05,0.0,0.02797,0.0,1e-05,1e-05
8060,0,6e-05,0.0,0.01017,0.0,2e-05,2e-05
8061,0,0.0001,0.0,0.02204,0.005,8e-05,8e-05
8062,0,0.00019,0.0,0.01714,0.0025,3e-05,3e-05
8063,0,0.00024,0.0,0.28023,0.0225,0.00011,0.00011
8064,0,5e-05,0.0,0.00892,0.0,1e-05,1e-05
8065,0,0.00011,0.0,0.01139,0.0,3e-05,3e-05
8066,0,0.00043,0.0,0.00453,0.0,3e-05,3e-05
8067,0,0.00067,0.0,0.01216,0.0,6e-05,6e-05
8068,0,5e-05,0.0,0.01835,0.0,1e-05,1e-05
8069,0,3e-05,0.0,0.00869,0.0,1e-05,1e-05
8070,0,0.00161,0.0,0.01215,0.0,3e-05,3e-05
8071,0,0.0008,0.0,0.01128,0.0,2e-05,2e-05
8072,0,9e-05,0.0,0.00962,0.0075,4e-05,4e-05
8073,0,5e-05,0.0,0.05521,0.0025,2e-05,2e-05
8074,0,9e-05,0.0,0.02041,0.0,3e-05,3e-05
8075,0,4e-05,0.0,0.01628,0.0,2e-05,2e-05
8076,0,0.00019,0.0,0.09187,0.0025,2e-05,2e-05
8077,0,0.00224,0.0,0.1926,0.0175,0.00036,0.00036
8078,0,0.00041,0.0,0.03393,0.0,3e-05,3e-05
8079,0,7e-05,0.0,0.01952,0.0025,4e-05,4e-05
8080,0,4e-05,0.0,0.03308,0.0,4e-05,4e-05
8081,0,6e-05,0.0,0.05776,0.0,2e-05,2e-05
8082,0,0.00014,0.0,0.44658,0.0,6e-05,6e-05
8083,0,0.00011,0.0,0.0876,0.0025,7e-05,7e-05
8084,0,0.00077,0.0,0.10591,0.0175,0.00026,0.00026
8085,0,0.00014,0.0,0.11876,0.0,4e-05,4e-05
8086,0,7e-05,0.0,0.3975,0.0,3e-05,3e-05
8087,0,0.00036,0.0,0.0711,0.0025,3e-05,3e-05
8088,0,0.0001,0.0,0.09988,0.0,3e-05,3e-05
8089,0,8e-05,0.0,0.25633,0.0,5e-05,5e-05
8090,0,9e-05,0.0,0.04181,0.0,0.00016,0.00016
8091,0,0.0004,0.0,0.08694,0.0,0.00019,0.00019
8092,0,0.00025,0.0,0.62136,0.0025,0.00014,0.00014
8093,0,4e-05,0.0,0.06311,0.0,2e-05,2e-05
8094,0,9e-05,0.0,0.0503,0.0,3e-05,3e-05
8095,0,0.00015,0.0,0.02482,0.0175,3e-05,3e-05
8096,0,0.0002,0.0,0.18065,0.0025,3e-05,3e-05
8097,0,6e-05,0.0,0.04419,0.0,4e-05,4e-05
8098,0,5e-05,0.0,0.15453,0.0,3e-05,3e-05
8099,0,6e-05,0.0,0.08784,0.0,2e-05,2e-05
8100,0,0.00094,0.0,0.0517,0.0,0.00018,0.00018
8101,0,0.00066,0.0,0.07155,0.05,0.00062,0.00062
8102,0,0.0006,0.0,0.09264,0.01,0.00029,0.00029
8103,0,0.00042,0.0,0.28905,0.0025,0.00072,0.00072
8104,0,9e-05,0.0,0.13647,0.0,0.00012,0.00012
8105,0,0.00021,0.0,0.08171,0.0,3e-05,3e-05
8106,0,0.0003,0.0,0.28367,0.0,0.00017,0.00017
8107,0,0.0007,0.0,0.058,0.0,0.0002,0.0002
8108,0,0.00023,0.0,0.32787,0.015,0.00038,0.00038
8109,0,0.00052,0.0,0.07653,0.0025,0.0005,0.0005
8110,0,0.00058,0.0,0.17519,0.02,0.00021,0.00021
8111,0,0.08116,0.0,0.55234,0.2525,0.06444,0.06444
8112,1,0.01281,0.0,0.09619,0.0975,0.00192,0.00192
8113,0,0.00052,0.0,0.00892,0.03,0.00015,0.00015
8114,0,8e-05,0.0,0.01934,0.0,2e-05,2e-05
8115,0,0.19503,0.0,0.07216,0.2175,0.68796,0.68796
8116,0,0.00019,0.0,0.26487,0.0075,0.00033,0.00033
8117,0,0.0001,0.0,0.00436,0.0,2e-05,2e-05
8118,0,6e-05,0.0,0.03281,0.005,9e-05,9e-05
8119,0,0.00032,0.0,0.00158,0.0025,3e-05,3e-05
8120,0,8e-05,0.0,0.26518,0.0025,5e-05,5e-05
8121,0,0.00014,0.0,0.00152,0.0,5e-05,5e-05
8122,0,8e-05,0.0,0.00162,0.0,1e-05,1e-05
8123,0,6e-05,0.0,0.00951,0.0,3e-05,3e-05
8124,0,2e-05,0.0,0.00244,0.0,3e-05,3e-05
8125,0,3e-05,0.0,0.00781,0.0,1e-05,1e-05
8126,0,9e-05,0.0,0.04,0.0075,4e-05,4e-05
8127,0,0.00017,0.0,0.00661,0.0,5e-05,5e-05
8128,0,4e-05,0.0,0.00255,0.0,2e-05,2e-05
8129,0,5e-05,0.0,0.00299,0.0,5e-05,5e-05
8130,0,5e-05,0.0,0.01067,0.0,4e-05,4e-05
8131,0,9e-05,0.0,0.01657,0.0,3e-05,3e-05
8132,0,5e-05,0.0,0.06736,0.0,9e-05,9e-05
8133,0,0.00011,0.0,0.07477,0.005,7e-05,7e-05
8134,0,9e-05,0.0,0.03637,0.0,2e-05,2e-05
8135,0,5e-05,0.0,0.00579,0.0,2e-05,2e-05
8136,0,8e-05,0.0,0.00756,0.0,2e-05,2e-05
8137,0,8e-05,0.0,0.01162,0.0,1e-05,1e-05
8138,0,4e-05,0.0,0.00306,0.0,2e-05,2e-05
8139,0,0.00022,0.0,0.34216,0.0025,1e-05,1e-05
8140,0,7e-05,0.0,0.01176,0.0,3e-05,3e-05
8141,0,9e-05,0.0,0.00512,0.0,2e-05,2e-05
8142,0,0.0005,0.0,0.1663,0.1025,0.00014,0.00014
8143,0,0.0001,0.0,0.07192,0.01,0.00025,0.00025
8144,0,0.00013,0.0,0.02393,0.0,5e-05,5e-05
8145,0,0.0001,0.0,0.02184,0.0,3e-05,3e-05
8146,0,0.0002,0.0,0.0072,0.0025,2e-05,2e-05
8147,0,0.00014,0.0,0.01044,0.0,4e-05,4e-05
8148,0,0.00013,0.0,0.0313,0.0,5e-05,5e-05
8149,0,9e-05,0.0,0.01903,0.0,5e-05,5e-05
8150,0,0.0001,0.0,0.12534,0.0025,4e-05,4e-05
8151,0,0.00011,0.0,0.03244,0.0125,7e-05,7e-05
8152,0,0.00026,0.0,0.0438,0.0,3e-05,3e-05
8153,0,0.01144,0.0,0.0969,0.0625,0.00415,0.00415
8154,0,0.0001,0.0,0.0483,0.0,7e-05,7e-05
8155,0,0.00013,0.0,0.2979,0.0,6e-05,6e-05
8156,0,0.00011,0.0,0.51798,0.0,3e-05,3e-05
8157,0,0.00012,0.0,0.01705,0.0,5e-05,5e-05
8158,0,0.00019,0.0,0.09162,0.0,0.00014,0.00014
8159,0,0.00017,0.0,0.07581,0.0,4e-05,4e-05
8160,0,4e-05,0.0,0.01534,0.0,2e-05,2e-05
8161,0,7e-05,0.0,0.0118,0.0,2e-05,2e-05
8162,0,8e-05,0.0,0.01371,0.0,3e-05,3e-05
8163,0,8e-05,0.0,0.03275,0.0,2e-05,2e-05
8164,0,6e-05,0.0,0.03219,0.0,3e-05,3e-05
8165,0,0.00015,0.0,0.07636,0.0,3e-05,3e-05
8166,0,6e-05,0.0,0.02605,0.0,3e-05,3e-05
8167,0,2e-05,0.0,0.02322,0.0,4e-05,4e-05
8168,0,0.00014,0.0,0.19504,0.0025,4e-05,4e-05
8169,0,0.00017,0.0,0.03228,0.0025,4e-05,4e-05
8170,0,0.00023,0.0,0.02619,0.0,5e-05,5e-05
8171,0,0.0001,0.0,0.09798,0.0,1e-05,1e-05
8172,0,3e-05,0.0,0.02284,0.0,2e-05,2e-05
8173,0,0.00151,0.0,0.03842,0.03,7e-05,7e-05
8174,0,4e-05,0.0,0.03759,0.0,2e-05,2e-05
8175,0,0.00024,0.0,0.50607,0.0025,9e-05,9e-05
8176,0,9e-05,0.0,0.08796,0.0,5e-05,5e-05
8177,0,8e-05,0.0,0.08727,0.0,3e-05,3e-05
8178,0,0.00032,0.0,0.21518,0.0025,9e-05,9e-05
8179,0,8e-05,0.0,0.55475,0.0,3e-05,3e-05
8180,0,0.00018,0.0,0.08018,0.0,5e-05,5e-05
8181,0,0.0001,0.0,0.06233,0.0,7e-05,7e-05
8182,0,0.00017,0.0,0.11187,0.0025,6e-05,6e-05
8183,0,0.00013,0.0,0.05922,0.0025,4e-05,4e-05
8184,0,0.00033,0.0,0.29914,0.0,7e-05,7e-05
8185,0,0.00083,0.0,0.6677,0.0025,0.00032,0.00032
8186,0,5e-05,0.0,0.11201,0.0025,3e-05,3e-05
8187,0,0.00048,0.0,0.16201,0.015,0.00019,0.00019
8188,0,0.0013,0.0,0.32424,0.0,7e-05,7e-05
8189,0,0.00043,0.0,0.09803,0.01,0.0001,0.0001
8190,0,0.0011,0.0,0.29208,0.065,0.00162,0.00162
8191,0,0.01084,0.0,0.09395,0.0825,0.00114,0.00114
8192,0,0.03935,0.0,0.07585,0.35,0.02376,0.02376
8193,1,0.99758,1.0,0.98316,0.9875,0.99993,1.0
8194,0,0.02484,0.0,0.30435,0.405,0.02484,0.02484
8195,0,0.02888,0.0,0.3557,0.2475,0.02785,0.02785
8196,1,0.97338,1.0,0.67521,0.9925,0.9985,1.0
8197,0,0.15863,0.0,0.1678,0.2525,0.10911,0.10911
8198,0,0.00216,0.0,0.2342,0.0425,0.00033,0.00033
8199,0,0.53546,0.0,0.49894,0.5175,0.12822,0.12822
8200,1,0.02705,0.0,0.19864,0.1675,0.01133,0.01133
8201,0,0.00013,0.0,0.00907,0.0,1e-05,1e-05
8202,0,3e-05,0.0,0.00071,0.0,0.0,0.0
8203,0,4e-05,0.0,0.00115,0.0,1e-05,1e-05
8204,0,4e-05,0.0,0.00294,0.0,3e-05,3e-05
8205,0,5e-05,0.0,0.00103,0.0075,2e-05,2e-05
8206,0,7e-05,0.0,0.01605,0.0075,2e-05,2e-05
8207,0,0.00024,0.0,0.00909,0.0,3e-05,3e-05
8208,0,8e-05,0.0,0.00658,0.0,1e-05,1e-05
8209,0,0.00012,0.0,0.01123,0.0,3e-05,3e-05
8210,0,0.001,0.0,0.03231,0.0075,0.00036,0.00036
8211,0,2e-05,0.0,0.00076,0.005,2e-05,2e-05
8212,0,4e-05,0.0,0.00204,0.0,4e-05,4e-05
8213,0,8e-05,0.0,0.07509,0.0125,5e-05,5e-05
8214,0,6e-05,0.0,0.00202,0.0,2e-05,2e-05
8215,0,0.00086,0.0,0.04328,0.0025,0.00028,0.00028
8216,0,0.00325,0.0,0.01573,0.02,0.00113,0.00113
8217,0,0.22693,0.0,0.53451,0.0975,0.00018,0.00018
8218,0,5e-05,0.0,0.00442,0.0,3e-05,3e-05
8219,0,4e-05,0.0,0.00736,0.0,1e-05,1e-05
8220,0,5e-05,0.0,0.00466,0.0,1e-05,1e-05
8221,0,7e-05,0.0,0.00372,0.0,1e-05,1e-05
8222,0,7e-05,0.0,0.01757,0.0,1e-05,1e-05
8223,0,5e-05,0.0,0.00288,0.0,2e-05,2e-05
8224,0,7e-05,0.0,0.32447,0.0,5e-05,5e-05
8225,0,0.00011,0.0,0.00658,0.0,1e-05,1e-05
8226,0,6e-05,0.0,0.008,0.0,1e-05,1e-05
8227,0,0.18034,0.0,0.50162,0.2225,0.39948,0.39948
8228,0,7e-05,0.0,0.03715,0.0,2e-05,2e-05
8229,0,0.00027,0.0,0.06384,0.01,8e-05,8e-05
8230,0,5e-05,0.0,0.00483,0.0025,2e-05,2e-05
8231,0,0.00044,0.0,0.00629,0.0025,0.00011,0.00011
8232,0,0.00057,0.0,0.08616,0.035,0.00013,0.00013
8233,0,0.00089,0.0,0.1568,0.0125,0.00011,0.00011
8234,0,4e-05,0.0,0.0241,0.0,1e-05,1e-05
8235,0,8e-05,0.0,0.01715,0.0,1e-05,1e-05
8236,0,5e-05,0.0,0.08716,0.0,3e-05,3e-05
8237,0,0.00012,0.0,0.02901,0.0,3e-05,3e-05
8238,0,0.00015,0.0,0.00849,0.0075,8e-05,8e-05
8239,0,0.00056,0.0,0.04424,0.0,5e-05,5e-05
8240,0,0.00032,0.0,0.22219,0.0,3e-05,3e-05
8241,0,0.00012,0.0,0.033,0.0,4e-05,4e-05
8242,0,0.00041,0.0,0.04322,0.005,0.00011,0.00011
8243,0,6e-05,0.0,0.00792,0.0,3e-05,3e-05
8244,0,0.00014,0.0,0.32759,0.0075,6e-05,6e-05
8245,0,0.00014,0.0,0.02829,0.0,5e-05,5e-05
8246,1,0.93664,1.0,0.94587,0.9025,0.99917,1.0
8247,0,8e-05,0.0,0.03141,0.0,3e-05,3e-05
8248,0,0.00012,0.0,0.0128,0.0,2e-05,2e-05
8249,0,7e-05,0.0,0.0681,0.0,1e-05,1e-05
8250,0,0.0001,0.0,0.04049,0.0,3e-05,3e-05
8251,0,0.00019,0.0,0.09,0.0075,7e-05,7e-05
8252,0,0.00037,0.0,0.05868,0.0,4e-05,4e-05
8253,0,6e-05,0.0,0.02423,0.0,1e-05,1e-05
8254,0,0.0002,0.0,0.02274,0.0,6e-05,6e-05
8255,0,6e-05,0.0,0.02137,0.0,2e-05,2e-05
8256,0,7e-05,0.0,0.02411,0.0,7e-05,7e-05
8257,0,0.00026,0.0,0.48574,0.0075,2e-05,2e-05
8258,0,3e-05,0.0,0.02013,0.0,2e-05,2e-05
8259,0,9e-05,0.0,0.04878,0.0,2e-05,2e-05
8260,0,8e-05,0.0,0.05354,0.0,2e-05,2e-05
8261,0,0.00013,0.0,0.16344,0.0,0.00019,0.00019
8262,0,0.00034,0.0,0.12367,0.0075,8e-05,8e-05
8263,0,0.00133,0.0,0.08045,0.0025,8e-05,8e-05
8264,0,3e-05,0.0,0.03398,0.0,5e-05,5e-05
8265,0,0.00021,0.0,0.22685,0.0025,5e-05,5e-05
8266,0,5e-05,0.0,0.0299,0.01,3e-05,3e-05
8267,0,0.00018,0.0,0.0772,0.005,5e-05,5e-05
8268,0,0.00011,0.0,0.07613,0.0025,5e-05,5e-05
8269,0,0.0001,0.0,0.06936,0.0,3e-05,3e-05
8270,0,0.0002,0.0,0.04381,0.0,1e-05,1e-05
8271,0,7e-05,0.0,0.06958,0.0,7e-05,7e-05
8272,0,0.00083,0.0,0.62696,0.0175,0.00026,0.00026
8273,0,0.00703,0.0,0.55473,0.025,0.00062,0.00062
8274,0,0.00017,0.0,0.07108,0.0025,0.00014,0.00014
8275,0,0.0004,0.0,0.0714,0.01,9e-05,9e-05
8276,0,0.00013,0.0,0.07341,0.015,4e-05,4e-05
8277,0,0.0155,0.0,0.54107,0.1125,0.00256,0.00256
8278,0,0.12584,0.0,0.73863,0.4125,0.03729,0.03729
8279,0,0.02479,0.0,0.27439,0.0525,0.00131,0.00131
8280,0,0.02458,0.0,0.14102,0.185,0.00392,0.00392
8281,0,0.00703,0.0,0.1107,0.035,0.00063,0.00063
8282,0,0.006,0.0,0.08137,0.11,0.00182,0.00182
8283,0,0.01102,0.0,0.06682,0.07,0.00352,0.00352
8284,0,0.00572,0.0,0.07761,0.0725,0.00116,0.00116
8285,0,2e-05,0.0,0.00077,0.0025,1e-05,1e-05
8286,0,0.00025,0.0,0.06982,0.0,3e-05,3e-05
8287,0,2e-05,0.0,0.00065,0.0025,2e-05,2e-05
8288,0,2e-05,0.0,0.00219,0.0,1e-05,1e-05
8289,0,1e-05,0.0,0.00074,0.0025,1e-05,1e-05
8290,0,0.0001,0.0,0.01345,0.0,1e-05,1e-05
8291,0,4e-05,0.0,0.00098,0.0,1e-05,1e-05
8292,0,0.00013,0.0,0.00078,0.005,1e-05,1e-05
8293,0,0.00021,0.0,0.00249,0.0025,3e-05,3e-05
8294,0,0.00013,0.0,0.00633,0.0025,3e-05,3e-05
8295,0,8e-05,0.0,0.00272,0.0,1e-05,1e-05
8296,0,0.0002,0.0,0.00122,0.0025,2e-05,2e-05
8297,0,0.00033,0.0,0.00803,0.0,2e-05,2e-05
8298,0,3e-05,0.0,0.00187,0.0,2e-05,2e-05
8299,0,0.00226,0.0,0.01707,0.145,0.00068,0.00068
8300,0,4e-05,0.0,0.00272,0.0,3e-05,3e-05
8301,0,0.0001,0.0,0.00508,0.0,3e-05,3e-05
8302,0,5e-05,0.0,0.00231,0.0,3e-05,3e-05
8303,0,3e-05,0.0,0.00306,0.0,1e-05,1e-05
8304,0,0.00012,0.0,0.01174,0.0,2e-05,2e-05
8305,0,0.00046,0.0,0.0337,0.0025,4e-05,4e-05
8306,0,0.00019,0.0,0.0294,0.02,0.00011,0.00011
8307,0,0.0001,0.0,0.01035,0.0,2e-05,2e-05
8308,1,0.989,1.0,0.72655,0.9125,0.99745,1.0
8309,0,0.0012,0.0,0.05314,0.005,0.00011,0.00011
8310,0,0.00011,0.0,0.01219,0.0,3e-05,3e-05
8311,0,0.00012,0.0,0.02125,0.0,2e-05,2e-05
8312,0,4e-05,0.0,0.33444,0.0,2e-05,2e-05
8313,0,0.00016,0.0,0.01048,0.0,2e-05,2e-05
8314,0,0.00021,0.0,0.03078,0.0125,4e-05,4e-05
8315,0,0.00013,0.0,0.01068,0.0,4e-05,4e-05
8316,0,0.00126,0.0,0.02424,0.0025,0.00018,0.00018
8317,0,0.00022,0.0,0.03429,0.0,5e-05,5e-05
8318,0,0.00113,0.0,0.01073,0.0,0.00013,0.00013
8319,0,3e-05,0.0,0.01226,0.0,1e-05,1e-05
8320,0,0.00037,0.0,0.12283,0.0,0.00027,0.00027
8321,0,0.00054,0.0,0.09223,0.0,9e-05,9e-05
8322,0,0.00013,0.0,0.1924,0.0,8e-05,8e-05
8323,0,0.0004,0.0,0.15046,0.0,3e-05,3e-05
8324,0,5e-05,0.0,0.03206,0.0,3e-05,3e-05
8325,0,0.00063,0.0,0.13172,0.005,8e-05,8e-05
8326,0,7e-05,0.0,0.03491,0.0,1e-05,1e-05
8327,0,7e-05,0.0,0.02057,0.0,2e-05,2e-05
8328,0,0.00059,0.0,0.82218,0.0025,0.00015,0.00015
8329,0,0.00015,0.0,0.52223,0.0,0.00012,0.00012
8330,0,0.00018,0.0,0.26201,0.0025,5e-05,5e-05
8331,0,0.00026,0.0,0.05664,0.0,6e-05,6e-05
8332,0,0.0003,0.0,0.21633,0.0,3e-05,3e-05
8333,0,0.00014,0.0,0.08735,0.0,2e-05,2e-05
8334,0,0.00023,0.0,0.13225,0.0,4e-05,4e-05
8335,0,0.00025,0.0,0.15116,0.0,2e-05,2e-05
8336,0,0.00023,0.0,0.57357,0.0075,0.00015,0.00015
8337,0,0.00025,0.0,0.27463,0.0025,4e-05,4e-05
8338,0,0.0001,0.0,0.04,0.0,3e-05,3e-05
8339,0,0.00017,0.0,0.05121,0.0075,0.00018,0.00018
8340,0,7e-05,0.0,0.07622,0.0,2e-05,2e-05
8341,0,8e-05,0.0,0.0672,0.0,2e-05,2e-05
8342,0,8e-05,0.0,0.06438,0.0025,6e-05,6e-05
8343,0,0.0001,0.0,0.11259,0.0,4e-05,4e-05
8344,0,0.00157,0.0,0.2358,0.01,0.00021,0.00021
8345,0,9e-05,0.0,0.1073,0.0,2e-05,2e-05
8346,0,0.00013,0.0,0.06756,0.0,4e-05,4e-05
8347,0,0.00018,0.0,0.0967,0.0,4e-05,4e-05
8348,0,0.00033,0.0,0.08587,0.0,4e-05,4e-05
8349,0,9e-05,0.0,0.14639,0.0,4e-05,4e-05
8350,0,0.00016,0.0,0.09385,0.0,0.0001,0.0001
8351,0,0.00038,0.0,0.39559,0.0125,0.00036,0.00036
8352,0,0.00483,0.0,0.06592,0.0875,0.0044,0.0044
8353,0,0.00016,0.0,0.13934,0.0,4e-05,4e-05
8354,0,0.05428,0.0,0.58207,0.2975,0.03371,0.03371
8355,0,0.00042,0.0,0.56519,0.01,0.00056,0.00056
8356,0,0.00069,0.0,0.31474,0.005,0.00064,0.00064
8357,0,0.41468,0.0,0.83209,0.59,0.01579,0.01579
8358,1,0.00365,0.0,0.43701,0.055,0.00031,0.00031
8359,0,0.00013,0.0,0.00371,0.0,4e-05,4e-05
8360,0,1e-05,0.0,0.00562,0.0,1e-05,1e-05
8361,0,5e-05,0.0,0.00321,0.0,4e-05,4e-05
8362,0,9e-05,0.0,0.01485,0.0,4e-05,4e-05
8363,0,0.07561,0.0,0.64383,0.08,0.00088,0.00088
8364,0,0.00017,0.0,0.01277,0.0025,3e-05,3e-05
8365,0,0.00029,0.0,0.05707,0.0025,0.00047,0.00047
8366,0,0.00019,0.0,0.00296,0.0,1e-05,1e-05
8367,0,9e-05,0.0,0.00181,0.0,5e-05,5e-05
8368,0,0.00042,0.0,0.08608,0.0025,0.00049,0.00049
8369,0,2e-05,0.0,0.01068,0.0,4e-05,4e-05
8370,0,0.00015,0.0,0.00355,0.0,0.00036,0.00036
8371,0,4e-05,0.0,0.00319,0.0,3e-05,3e-05
8372,0,0.00017,0.0,0.00356,0.0,0.00013,0.00013
8373,0,0.00016,0.0,0.01872,0.015,5e-05,5e-05
8374,0,0.0001,0.0,0.08785,0.0,0.00016,0.00016
8375,0,0.01001,0.0,0.94442,0.0525,0.00154,0.00154
8376,0,0.00015,0.0,0.07042,0.0175,8e-05,8e-05
8377,0,0.00022,0.0,0.11808,0.005,0.00032,0.00032
8378,0,0.00013,0.0,0.18229,0.0,5e-05,5e-05
8379,0,0.00984,0.0,0.62682,0.02,0.00067,0.00067
8380,0,0.00011,0.0,0.00349,0.005,0.0004,0.0004
8381,0,5e-05,0.0,0.00322,0.0,0.00019,0.00019
8382,0,3e-05,0.0,0.0048,0.0,3e-05,3e-05
8383,0,5e-05,0.0,0.00353,0.0,0.00051,0.00051
8384,0,0.0001,0.0,0.00619,0.0,2e-05,2e-05
8385,0,0.00012,0.0,0.03249,0.0,3e-05,3e-05
8386,0,0.00032,0.0,0.00985,0.005,9e-05,9e-05
8387,0,7e-05,0.0,0.00948,0.0,3e-05,3e-05
8388,0,0.00017,0.0,0.12423,0.0,0.00011,0.00011
8389,0,0.00193,0.0,0.1138,0.0025,6e-05,6e-05
8390,0,0.00062,0.0,0.01779,0.0,0.00021,0.00021
8391,0,0.00203,0.0,0.81543,0.0075,0.00022,0.00022
8392,0,0.0002,0.0,0.05148,0.0,8e-05,8e-05
8393,0,0.00011,0.0,0.0145,0.0,2e-05,2e-05
8394,0,0.00035,0.0,0.0581,0.0,7e-05,7e-05
8395,0,5e-05,0.0,0.01451,0.0,5e-05,5e-05
8396,0,0.00051,0.0,0.04243,0.0,3e-05,3e-05
8397,0,2e-05,0.0,0.00903,0.0,2e-05,2e-05
8398,0,0.00133,0.0,0.01016,0.0,0.00014,0.00014
8399,1,0.96617,1.0,0.96304,0.9925,0.98825,1.0
8400,0,0.00027,0.0,0.81006,0.005,0.00032,0.00032
8401,0,6e-05,0.0,0.03882,0.0,6e-05,6e-05
8402,0,3e-05,0.0,0.01421,0.0,2e-05,2e-05
8403,0,0.00039,0.0,0.36003,0.0,4e-05,4e-05
8404,0,0.00083,0.0,0.09379,0.0,0.00025,0.00025
8405,0,0.0005,0.0,0.02898,0.0,0.00025,0.00025
8406,0,7e-05,0.0,0.04316,0.0,2e-05,2e-05
8407,0,0.00034,0.0,0.14237,0.0025,0.00011,0.00011
8408,0,0.00051,0.0,0.34394,0.0,0.00011,0.00011
8409,0,0.00011,0.0,0.01697,0.0,5e-05,5e-05
8410,0,0.02425,0.0,0.02931,0.0175,0.00079,0.00079
8411,0,0.00057,0.0,0.07362,0.0,0.00013,0.00013
8412,0,0.00015,0.0,0.04851,0.0,0.00014,0.00014
8413,0,0.00015,0.0,0.35984,0.0,0.00011,0.00011
8414,0,0.00019,0.0,0.18035,0.0025,0.00013,0.00013
8415,0,0.00039,0.0,0.05963,0.0075,0.00049,0.00049
8416,0,0.00047,0.0,0.26411,0.0025,3e-05,3e-05
8417,0,7e-05,0.0,0.01976,0.0,3e-05,3e-05
8418,0,7e-05,0.0,0.01859,0.0,4e-05,4e-05
8419,0,0.00225,0.0,0.1176,0.0025,0.0005,0.0005
8420,0,0.00018,0.0,0.11247,0.0,4e-05,4e-05
8421,0,0.00016,0.0,0.05735,0.0,2e-05,2e-05
8422,0,5e-05,0.0,0.06559,0.0,4e-05,4e-05
8423,0,0.0008,0.0,0.9406,0.075,4e-05,4e-05
8424,0,0.00035,0.0,0.20845,0.0025,5e-05,5e-05
8425,0,0.00043,0.0,0.22905,0.005,6e-05,6e-05
8426,0,9e-05,0.0,0.0779,0.0,4e-05,4e-05
8427,0,0.00015,0.0,0.06657,0.0,2e-05,2e-05
8428,0,0.00023,0.0,0.19627,0.0,6e-05,6e-05
8429,0,0.00017,0.0,0.06147,0.0125,8e-05,8e-05
8430,0,9e-05,0.0,0.09972,0.0,6e-05,6e-05
8431,0,0.01754,0.0,0.83974,0.1025,0.00119,0.00119
8432,0,0.00015,0.0,0.69917,0.0025,2e-05,2e-05
8433,0,0.00013,0.0,0.14676,0.0025,4e-05,4e-05
8434,0,0.00022,0.0,0.1925,0.0,6e-05,6e-05
8435,0,0.00039,0.0,0.06051,0.0625,0.00085,0.00085
8436,0,0.00052,0.0,0.10962,0.04,0.00027,0.00027
8437,0,0.04428,0.0,0.59276,0.09,0.00045,0.00045
8438,1,0.97209,1.0,0.99346,0.92,0.99993,1.0
8439,0,0.00152,0.0,0.25855,0.0225,0.00053,0.00053
8440,0,0.00316,0.0,0.10684,0.035,0.00098,0.00098
8441,0,0.00039,0.0,0.21426,0.0025,0.00029,0.00029
8442,0,3e-05,0.0,0.00101,0.0,4e-05,4e-05
8443,0,6e-05,0.0,0.00336,0.0,3e-05,3e-05
8444,0,4e-05,0.0,0.00108,0.0,1e-05,1e-05
8445,0,4e-05,0.0,0.00071,0.0,0.0001,0.0001
8446,0,3e-05,0.0,0.0017,0.0,2e-05,2e-05
8447,0,0.00055,0.0,0.0075,0.0,3e-05,3e-05
8448,0,0.00116,0.0,0.0367,0.0425,9e-05,9e-05
8449,0,0.00015,0.0,0.00662,0.0,1e-05,1e-05
8450,0,0.00082,0.0,0.00107,0.0125,0.00011,0.00011
8451,0,4e-05,0.0,0.00719,0.0,1e-05,1e-05
8452,0,0.00081,0.0,0.0129,0.0,3e-05,3e-05
8453,0,9e-05,0.0,0.00284,0.0,3e-05,3e-05
8454,0,0.00014,0.0,0.00413,0.0,4e-05,4e-05
8455,0,5e-05,0.0,0.00706,0.0,1e-05,1e-05
8456,0,0.00245,0.0,0.45131,0.025,0.0001,0.0001
8457,0,0.00015,0.0,0.00556,0.0,6e-05,6e-05
8458,0,0.00057,0.0,0.03711,0.0,6e-05,6e-05
8459,0,7e-05,0.0,0.00255,0.0075,5e-05,5e-05
8460,0,0.00019,0.0,0.00216,0.0025,0.00014,0.00014
8461,0,0.00154,0.0,0.24562,0.0025,0.00047,0.00047
8462,0,0.0001,0.0,0.02306,0.0,1e-05,1e-05
8463,0,0.00037,0.0,0.01651,0.0,5e-05,5e-05
8464,0,0.00165,0.0,0.03072,0.025,0.00088,0.00088
8465,0,4e-05,0.0,0.0018,0.0025,4e-05,4e-05
8466,0,0.0001,0.0,0.01164,0.0,3e-05,3e-05
8467,0,0.00011,0.0,0.01452,0.0,4e-05,4e-05
8468,0,0.00084,0.0,0.0042,0.005,0.00078,0.00078
8469,0,5e-05,0.0,0.00925,0.0,3e-05,3e-05
8470,0,0.09363,0.0,0.87536,0.0575,0.00064,0.00064
8471,0,0.00016,0.0,0.0171,0.0,3e-05,3e-05
8472,0,0.00044,0.0,0.09313,0.0,0.0001,0.0001
8473,0,0.00063,0.0,0.01345,0.0,6e-05,6e-05
8474,0,7e-05,0.0,0.03184,0.0,1e-05,1e-05
8475,0,0.00022,0.0,0.02409,0.0,5e-05,5e-05
8476,0,0.00014,0.0,0.01094,0.0,4e-05,4e-05
8477,0,0.0002,0.0,0.01125,0.0,5e-05,5e-05
8478,0,4e-05,0.0,0.00886,0.0,5e-05,5e-05
8479,0,0.0013,0.0,0.60809,0.03,0.00016,0.00016
8480,0,0.0001,0.0,0.01304,0.0,3e-05,3e-05
8481,0,0.00066,0.0,0.02026,0.005,0.0001,0.0001
8482,0,0.00096,0.0,0.00675,0.0125,7e-05,7e-05
8483,0,0.00032,0.0,0.02655,0.0,7e-05,7e-05
8484,0,4e-05,0.0,0.01334,0.0,6e-05,6e-05
8485,0,0.00102,0.0,0.22859,0.0,9e-05,9e-05
8486,0,0.00075,0.0,0.1318,0.0,0.00024,0.00024
8487,0,5e-05,0.0,0.03357,0.0,1e-05,1e-05
8488,0,0.00066,0.0,0.27015,0.02,0.00028,0.00028
8489,0,0.0003,0.0,0.11285,0.005,0.00015,0.00015
8490,0,0.0003,0.0,0.12975,0.0,5e-05,5e-05
8491,0,0.00096,0.0,0.59821,0.01,0.00029,0.00029
8492,0,0.00016,0.0,0.03666,0.0,3e-05,3e-05
8493,0,8e-05,0.0,0.03443,0.0,2e-05,2e-05
8494,0,8e-05,0.0,0.02465,0.0,2e-05,2e-05
8495,0,0.0001,0.0,0.03463,0.0,5e-05,5e-05
8496,0,0.00026,0.0,0.02237,0.0,0.00012,0.00012
8497,0,0.00037,0.0,0.02822,0.005,6e-05,6e-05
8498,0,5e-05,0.0,0.02355,0.0,4e-05,4e-05
8499,0,0.00035,0.0,0.05204,0.0,7e-05,7e-05
8500,0,0.00098,0.0,0.0345,0.0125,0.00013,0.00013
8501,0,0.00092,0.0,0.03559,0.0275,0.00027,0.00027
8502,0,0.00014,0.0,0.03821,0.0,4e-05,4e-05
8503,0,8e-05,0.0,0.69345,0.01,0.00014,0.00014
8504,0,0.00074,0.0,0.10229,0.0,0.00026,0.00026
8505,0,0.00019,0.0,0.10966,0.0,5e-05,5e-05
8506,0,0.00019,0.0,0.06373,0.0,7e-05,7e-05
8507,1,0.00023,0.0,0.04795,0.0025,0.00022,0.00022
8508,0,0.00065,0.0,0.09168,0.0025,7e-05,7e-05
8509,0,0.00017,0.0,0.0331,0.0275,4e-05,4e-05
8510,0,0.00029,0.0,0.0786,0.0025,0.0001,0.0001
8511,0,0.00052,0.0,0.15772,0.0,4e-05,4e-05
8512,0,0.0005,0.0,0.18779,0.0,9e-05,9e-05
8513,0,0.00017,0.0,0.05979,0.0,3e-05,3e-05
8514,0,0.0001,0.0,0.06716,0.0,3e-05,3e-05
8515,0,0.00011,0.0,0.2909,0.0,0.00025,0.00025
8516,0,0.00021,0.0,0.25604,0.0,3e-05,3e-05
8517,0,0.00029,0.0,0.08274,0.06,0.00096,0.00096
8518,0,0.00512,0.0,0.34523,0.1375,0.00054,0.00054
8519,0,0.00583,0.0,0.0561,0.125,0.00268,0.00268
8520,0,0.00123,0.0,0.30708,0.0025,0.00012,0.00012
8521,0,0.00087,0.0,0.17938,0.0125,0.00063,0.00063
8522,0,0.06909,0.0,0.577,0.085,0.00074,0.00074
8523,0,0.0,0.0,0.00052,0.0025,2e-05,2e-05
8524,0,1e-05,0.0,0.0053,0.0,1e-05,1e-05
8525,0,4e-05,0.0,0.01833,0.0,6e-05,6e-05
8526,0,4e-05,0.0,0.10576,0.0,0.00021,0.00021
8527,0,5e-05,0.0,0.09598,0.0025,6e-05,6e-05
8528,0,8e-05,0.0,0.00496,0.0,2e-05,2e-05
8529,0,0.00013,0.0,0.00373,0.0,1e-05,1e-05
8530,0,0.00029,0.0,0.01755,0.0125,8e-05,8e-05
8531,0,0.00018,0.0,0.00163,0.0,4e-05,4e-05
8532,0,0.00011,0.0,0.03947,0.0,4e-05,4e-05
8533,0,0.00034,0.0,0.43035,0.0,0.00018,0.00018
8534,0,6e-05,0.0,0.01139,0.0,3e-05,3e-05
8535,0,0.0001,0.0,0.01863,0.0,3e-05,3e-05
8536,0,9e-05,0.0,0.01854,0.0,7e-05,7e-05
8537,0,0.00038,0.0,0.02999,0.0225,0.00022,0.00022
8538,0,0.0001,0.0,0.00448,0.0,0.00013,0.00013
8539,0,9e-05,0.0,0.00798,0.0,3e-05,3e-05
8540,0,9e-05,0.0,0.01176,0.0,4e-05,4e-05
8541,0,0.00012,0.0,0.00451,0.0,0.00013,0.00013
8542,0,0.00069,0.0,0.0034,0.0,0.00013,0.00013
8543,0,4e-05,0.0,0.0044,0.005,2e-05,2e-05
8544,0,0.00022,0.0,0.09904,0.0,2e-05,2e-05
8545,0,2e-05,0.0,0.01199,0.0,2e-05,2e-05
8546,0,7e-05,0.0,0.00653,0.0,7e-05,7e-05
8547,0,0.00052,0.0,0.00589,0.0025,9e-05,9e-05
8548,0,0.00016,0.0,0.00265,0.0,9e-05,9e-05
8549,0,0.0001,0.0,0.01147,0.0,1e-05,1e-05
8550,0,3e-05,0.0,0.01174,0.0,2e-05,2e-05
8551,0,0.0001,0.0,0.06014,0.0,2e-05,2e-05
8552,0,0.0004,0.0,0.07486,0.02,6e-05,6e-05
8553,0,8e-05,0.0,0.05346,0.0,2e-05,2e-05
8554,0,1e-05,0.0,0.01008,0.0,1e-05,1e-05
8555,0,3e-05,0.0,0.01341,0.0,2e-05,2e-05
8556,0,8e-05,0.0,0.01761,0.0,1e-05,1e-05
8557,0,7e-05,0.0,0.03839,0.0,2e-05,2e-05
8558,0,0.0003,0.0,0.11735,0.0,2e-05,2e-05
8559,0,9e-05,0.0,0.02763,0.0,1e-05,1e-05
8560,0,5e-05,0.0,0.03807,0.0,1e-05,1e-05
8561,0,0.00013,0.0,0.12724,0.0,3e-05,3e-05
8562,0,0.00043,0.0,0.15823,0.0,3e-05,3e-05
8563,0,0.00011,0.0,0.41807,0.0,2e-05,2e-05
8564,0,4e-05,0.0,0.02794,0.0,4e-05,4e-05
8565,0,0.00011,0.0,0.0109,0.0,2e-05,2e-05
8566,0,8e-05,0.0,0.03242,0.0,2e-05,2e-05
8567,0,2e-05,0.0,0.01367,0.0,1e-05,1e-05
8568,0,0.00025,0.0,0.10296,0.0,4e-05,4e-05
8569,0,5e-05,0.0,0.02324,0.0,1e-05,1e-05
8570,0,7e-05,0.0,0.02597,0.0,1e-05,1e-05
8571,0,0.0001,0.0,0.01646,0.0,1e-05,1e-05
8572,0,0.08098,0.0,0.52803,0.0525,0.00094,0.00094
8573,0,6e-05,0.0,0.02486,0.0,1e-05,1e-05
8574,0,9e-05,0.0,0.02916,0.0,2e-05,2e-05
8575,0,0.00063,0.0,0.4268,0.0,7e-05,7e-05
8576,0,0.00012,0.0,0.02376,0.0,5e-05,5e-05
8577,0,9e-05,0.0,0.07012,0.0,2e-05,2e-05
8578,0,9e-05,0.0,0.1153,0.0,2e-05,2e-05
8579,0,6e-05,0.0,0.0923,0.0,1e-05,1e-05
8580,0,2e-05,0.0,0.02449,0.0,2e-05,2e-05
8581,0,0.00056,0.0,0.05135,0.0,4e-05,4e-05
8582,0,0.00016,0.0,0.18988,0.0,3e-05,3e-05
8583,1,0.97114,1.0,0.96801,0.8325,0.9955,1.0
8584,0,0.00018,0.0,0.12382,0.03,0.00043,0.00043
8585,0,0.00012,0.0,0.39477,0.0,6e-05,6e-05
8586,0,0.0001,0.0,0.44672,0.0,2e-05,2e-05
8587,0,0.00018,0.0,0.07698,0.0025,7e-05,7e-05
8588,0,3e-05,0.0,0.05305,0.0,2e-05,2e-05
8589,0,0.00022,0.0,0.31297,0.0025,0.00011,0.00011
8590,0,3e-05,0.0,0.1637,0.0025,7e-05,7e-05
8591,0,0.00018,0.0,0.11689,0.0,6e-05,6e-05
8592,0,4e-05,0.0,0.10574,0.0,2e-05,2e-05
8593,0,0.00023,0.0,0.25828,0.0,0.00013,0.00013
8594,0,3e-05,0.0,0.06832,0.0,2e-05,2e-05
8595,0,0.0003,0.0,0.68491,0.0025,4e-05,4e-05
8596,0,6e-05,0.0,0.08051,0.0,6e-05,6e-05
8597,0,0.47029,0.0,0.83421,0.21,0.0005,0.0005
8598,0,0.00018,0.0,0.42908,0.0,4e-05,4e-05
8599,0,7e-05,0.0,0.25005,0.0,4e-05,4e-05
8600,0,0.00015,0.0,0.25742,0.0025,0.0001,0.0001
8601,0,0.00037,0.0,0.23563,0.0125,5e-05,5e-05
8602,0,0.00135,0.0,0.45658,0.0775,0.00105,0.00105
8603,0,0.00443,0.0,0.15967,0.025,0.00057,0.00057
8604,0,0.02089,0.0,0.4892,0.15,0.00083,0.00083
8605,0,0.5476,0.0,0.83486,0.4625,0.01233,0.01233
8606,0,0.00316,0.0,0.16903,0.08,0.00787,0.00787
8607,0,0.00666,0.0,0.16636,0.1625,0.00348,0.00348
8608,0,0.62823,0.0,0.54282,0.395,0.4177,0.4177
8609,1,0.49568,1.0,0.64942,0.76,0.991,1.0
8610,1,0.00622,0.0,0.29305,0.12,0.01325,0.01325
8611,0,2e-05,0.0,0.0037,0.0,2e-05,2e-05
8612,0,3e-05,0.0,0.01476,0.0,3e-05,3e-05
8613,0,3e-05,0.0,0.01594,0.0,4e-05,4e-05
8614,0,6e-05,0.0,0.04052,0.0,5e-05,5e-05
8615,0,1e-05,0.0,0.00195,0.0,1e-05,1e-05
8616,0,3e-05,0.0,0.03389,0.0,6e-05,6e-05
8617,0,5e-05,0.0,0.04192,0.0,5e-05,5e-05
8618,0,0.00012,0.0,0.01526,0.0,5e-05,5e-05
8619,0,6e-05,0.0,0.00149,0.0,2e-05,2e-05
8620,0,5e-05,0.0,0.0061,0.0,1e-05,1e-05
8621,0,5e-05,0.0,0.01331,0.0,3e-05,3e-05
8622,0,0.00014,0.0,0.07258,0.0,8e-05,8e-05
8623,0,6e-05,0.0,0.0183,0.0,5e-05,5e-05
8624,0,5e-05,0.0,0.01853,0.0,5e-05,5e-05
8625,0,2e-05,0.0,0.00822,0.0,1e-05,1e-05
8626,0,2e-05,0.0,0.00383,0.0,4e-05,4e-05
8627,0,0.00035,0.0,0.10136,0.005,0.00012,0.00012
8628,0,0.00033,0.0,0.06795,0.0,7e-05,7e-05
8629,0,2e-05,0.0,0.00366,0.0,2e-05,2e-05
8630,0,4e-05,0.0,0.00452,0.0,2e-05,2e-05
8631,0,0.00037,0.0,0.39272,0.0025,0.00014,0.00014
8632,0,3e-05,0.0,0.0047,0.0,3e-05,3e-05
8633,0,8e-05,0.0,0.00702,0.0,3e-05,3e-05
8634,0,0.00026,0.0,0.35426,0.0,4e-05,4e-05
8635,0,0.00015,0.0,0.03919,0.0,3e-05,3e-05
8636,0,0.00013,0.0,0.00566,0.005,0.00015,0.00015
8637,0,7e-05,0.0,0.00579,0.0,7e-05,7e-05
8638,0,4e-05,0.0,0.02093,0.0,2e-05,2e-05
8639,0,2e-05,0.0,0.01075,0.0,2e-05,2e-05
8640,0,0.00054,0.0,0.37947,0.01,3e-05,3e-05
8641,0,0.00017,0.0,0.09789,0.0,2e-05,2e-05
8642,0,0.00051,0.0,0.10199,0.0025,0.0001,0.0001
8643,0,2e-05,0.0,0.01003,0.0,0.0,0.0
8644,0,0.00022,0.0,0.21902,0.0025,0.00027,0.00027
8645,0,0.00023,0.0,0.01939,0.0025,1e-05,1e-05
8646,0,6e-05,0.0,0.01114,0.0,1e-05,1e-05
8647,0,4e-05,0.0,0.04188,0.0,1e-05,1e-05
8648,0,8e-05,0.0,0.02238,0.0,8e-05,8e-05
8649,0,0.00013,0.0,0.05218,0.0,2e-05,2e-05
8650,0,0.01157,0.0,0.80569,0.055,0.00018,0.00018
8651,0,7e-05,0.0,0.00691,0.0,6e-05,6e-05
8652,0,3e-05,0.0,0.01405,0.0,1e-05,1e-05
8653,0,4e-05,0.0,0.03772,0.0,3e-05,3e-05
8654,0,0.00041,0.0,0.64684,0.0025,0.00033,0.00033
8655,0,0.00014,0.0,0.09267,0.0,3e-05,3e-05
8656,0,0.00589,0.0,0.90312,0.01,0.00042,0.00042
8657,0,0.00016,0.0,0.01401,0.01,4e-05,4e-05
8658,0,0.00028,0.0,0.14342,0.0025,5e-05,5e-05
8659,0,9e-05,0.0,0.03028,0.0,5e-05,5e-05
8660,0,7e-05,0.0,0.53649,0.0,9e-05,9e-05
8661,0,0.0002,0.0,0.57265,0.0,7e-05,7e-05
8662,0,3e-05,0.0,0.02935,0.0,2e-05,2e-05
8663,0,0.0001,0.0,0.03776,0.0,4e-05,4e-05
8664,0,4e-05,0.0,0.02705,0.0025,5e-05,5e-05
8665,0,0.00011,0.0,0.56724,0.0175,2e-05,2e-05
8666,0,0.00028,0.0,0.38888,0.0,4e-05,4e-05
8667,0,0.00011,0.0,0.13379,0.0,1e-05,1e-05
8668,0,0.00014,0.0,0.10791,0.0,4e-05,4e-05
8669,0,4e-05,0.0,0.11087,0.0,4e-05,4e-05
8670,0,0.00039,0.0,0.20327,0.0,2e-05,2e-05
8671,0,0.00038,0.0,0.02746,0.005,0.0001,0.0001
8672,0,6e-05,0.0,0.06126,0.0,6e-05,6e-05
8673,0,0.0001,0.0,0.52444,0.0025,3e-05,3e-05
8674,0,8e-05,0.0,0.12192,0.0,3e-05,3e-05
8675,0,0.00455,0.0,0.02522,0.0425,0.00031,0.00031
8676,0,3e-05,0.0,0.02535,0.005,0.0002,0.0002
8677,0,7e-05,0.0,0.08946,0.0,1e-05,1e-05
8678,0,0.00087,0.0,0.04062,0.04,0.00015,0.00015
8679,0,0.0001,0.0,0.14164,0.0,2e-05,2e-05
8680,0,0.00151,0.0,0.41029,0.01,0.00099,0.00099
8681,0,0.0001,0.0,0.10505,0.0,3e-05,3e-05
8682,0,5e-05,0.0,0.06428,0.0025,0.00022,0.00022
8683,0,0.00022,0.0,0.27011,0.0025,7e-05,7e-05
8684,0,0.00049,0.0,0.27875,0.0025,0.00011,0.00011
8685,0,0.00018,0.0,0.10313,0.0,0.00016,0.00016
8686,0,3e-05,0.0,0.10727,0.0,6e-05,6e-05
8687,0,5e-05,0.0,0.05286,0.0,2e-05,2e-05
8688,0,0.00214,0.0,0.07945,0.0275,0.00017,0.00017
8689,0,0.00576,0.0,0.25386,0.0325,0.00289,0.00289
8690,0,0.00753,0.0,0.17046,0.0575,0.00334,0.00334
8691,1,0.01466,0.0,0.37705,0.0825,0.00149,0.00149
8692,0,2e-05,0.0,0.0017,0.0,3e-05,3e-05
8693,0,2e-05,0.0,0.00123,0.0,2e-05,2e-05
8694,0,2e-05,0.0,0.00201,0.0,2e-05,2e-05
8695,0,2e-05,0.0,0.00078,0.0,2e-05,2e-05
8696,0,2e-05,0.0,0.00589,0.0,1e-05,1e-05
8697,0,8e-05,0.0,0.04188,0.0,3e-05,3e-05
8698,0,1e-05,0.0,0.00187,0.0,2e-05,2e-05
8699,0,0.00262,0.0,0.01233,0.055,0.00179,0.00179
8700,0,1e-05,0.0,0.00138,0.0,2e-05,2e-05
8701,0,4e-05,0.0,0.01053,0.0,1e-05,1e-05
8702,0,4e-05,0.0,0.00354,0.0,2e-05,2e-05
8703,0,2e-05,0.0,0.00151,0.0,4e-05,4e-05
8704,0,0.0001,0.0,0.14071,0.0025,9e-05,9e-05
8705,0,4e-05,0.0,0.00945,0.0,1e-05,1e-05
8706,0,7e-05,0.0,0.08381,0.0075,3e-05,3e-05
8707,0,4e-05,0.0,0.19022,0.0,5e-05,5e-05
8708,0,0.0002,0.0,0.0124,0.0025,3e-05,3e-05
8709,0,0.00011,0.0,0.15472,0.0125,0.00019,0.00019
8710,0,3e-05,0.0,0.00361,0.0,2e-05,2e-05
8711,0,3e-05,0.0,0.00282,0.0,3e-05,3e-05
8712,0,0.0001,0.0,0.00283,0.0025,1e-05,1e-05
8713,0,6e-05,0.0,0.00311,0.0,1e-05,1e-05
8714,0,0.00011,0.0,0.005,0.0,2e-05,2e-05
8715,0,9e-05,0.0,0.01082,0.0,2e-05,2e-05
8716,0,7e-05,0.0,0.0083,0.0025,2e-05,2e-05
8717,0,1e-05,0.0,0.00253,0.0,2e-05,2e-05
8718,0,0.00012,0.0,0.01449,0.0,1e-05,1e-05
8719,0,3e-05,0.0,0.01166,0.0,1e-05,1e-05
8720,0,4e-05,0.0,0.02246,0.0,1e-05,1e-05
8721,0,3e-05,0.0,0.00718,0.0,1e-05,1e-05
8722,0,2e-05,0.0,0.00506,0.0,2e-05,2e-05
8723,0,5e-05,0.0,0.15499,0.0025,2e-05,2e-05
8724,0,2e-05,0.0,0.00706,0.0,0.0,0.0
8725,0,2e-05,0.0,0.01047,0.0,1e-05,1e-05
8726,0,2e-05,0.0,0.01361,0.0,1e-05,1e-05
8727,0,4e-05,0.0,0.00764,0.0,1e-05,1e-05
8728,0,3e-05,0.0,0.01492,0.0,2e-05,2e-05
8729,0,4e-05,0.0,0.01077,0.0,2e-05,2e-05
8730,0,7e-05,0.0,0.32252,0.0,4e-05,4e-05
8731,0,2e-05,0.0,0.00745,0.0,2e-05,2e-05
8732,0,6e-05,0.0,0.02945,0.0,2e-05,2e-05
8733,0,0.00017,0.0,0.01676,0.0,1e-05,1e-05
8734,0,0.00011,0.0,0.04378,0.0,3e-05,3e-05
8735,0,0.00011,0.0,0.05635,0.0025,1e-05,1e-05
8736,0,0.00017,0.0,0.17381,0.0,6e-05,6e-05
8737,0,3e-05,0.0,0.03431,0.0,1e-05,1e-05
8738,0,6e-05,0.0,0.02147,0.0,2e-05,2e-05
8739,0,0.00013,0.0,0.01977,0.0,1e-05,1e-05
8740,0,0.00016,0.0,0.02581,0.015,3e-05,3e-05
8741,0,4e-05,0.0,0.01358,0.0,0.0,0.0
8742,0,8e-05,0.0,0.03774,0.0,1e-05,1e-05
8743,0,0.00019,0.0,0.04007,0.0,2e-05,2e-05
8744,0,9e-05,0.0,0.27946,0.005,3e-05,3e-05
8745,0,6e-05,0.0,0.02032,0.0,1e-05,1e-05
8746,0,0.00031,0.0,0.16693,0.0,5e-05,5e-05
8747,0,7e-05,0.0,0.07721,0.0025,4e-05,4e-05
8748,0,6e-05,0.0,0.07043,0.0,1e-05,1e-05
8749,0,0.00041,0.0,0.09964,0.0025,0.00012,0.00012
8750,0,0.00023,0.0,0.02524,0.0,7e-05,7e-05
8751,0,7e-05,0.0,0.03703,0.0,2e-05,2e-05
8752,0,3e-05,0.0,0.06328,0.0,2e-05,2e-05
8753,0,0.00024,0.0,0.27717,0.0225,0.0001,0.0001
8754,0,4e-05,0.0,0.03098,0.0,3e-05,3e-05
8755,0,0.00013,0.0,0.04274,0.0,0.00029,0.00029
8756,0,5e-05,0.0,0.02803,0.0,1e-05,1e-05
8757,0,0.00023,0.0,0.06267,0.055,0.00089,0.00089
8758,0,4e-05,0.0,0.05565,0.0,3e-05,3e-05
8759,0,8e-05,0.0,0.28815,0.0,2e-05,2e-05
8760,0,0.00016,0.0,0.5187,0.0,4e-05,4e-05
8761,0,0.00019,0.0,0.22912,0.0075,4e-05,4e-05
8762,0,0.00011,0.0,0.35051,0.0,6e-05,6e-05
8763,0,7e-05,0.0,0.07484,0.01,0.0005,0.0005
8764,0,0.00017,0.0,0.08419,0.0,8e-05,8e-05
8765,0,4e-05,0.0,0.0715,0.0,2e-05,2e-05
8766,0,0.00054,0.0,0.43775,0.01,4e-05,4e-05
8767,0,0.00067,0.0,0.55239,0.015,7e-05,7e-05
8768,0,0.00902,0.0,0.61335,0.05,0.0002,0.0002
8769,0,0.00197,0.0,0.56081,0.0325,6e-05,6e-05
8770,0,0.00046,0.0,0.16298,0.0075,0.0001,0.0001
8771,0,0.00163,0.0,0.10486,0.03,0.00126,0.00126
8772,0,0.00138,0.0,0.16187,0.0225,0.00101,0.00101
8773,0,3e-05,0.0,0.00087,0.0025,0.0001,0.0001
8774,0,1e-05,0.0,0.00284,0.0,1e-05,1e-05
8775,0,8e-05,0.0,0.04344,0.0025,5e-05,5e-05
8776,0,2e-05,0.0,0.00172,0.0,3e-05,3e-05
8777,0,3e-05,0.0,0.14487,0.0,2e-05,2e-05
8778,0,1e-05,0.0,0.00273,0.0,2e-05,2e-05
8779,0,9e-05,0.0,0.01691,0.0,2e-05,2e-05
8780,0,5e-05,0.0,0.09472,0.0025,2e-05,2e-05
8781,0,3e-05,0.0,0.10945,0.0,5e-05,5e-05
8782,0,3e-05,0.0,0.00838,0.0,1e-05,1e-05
8783,0,4e-05,0.0,0.01987,0.0,4e-05,4e-05
8784,0,4e-05,0.0,0.04503,0.015,0.0001,0.0001
8785,0,7e-05,0.0,0.01667,0.0025,0.00101,0.00101
8786,0,4e-05,0.0,0.00226,0.0,9e-05,9e-05
8787,0,5e-05,0.0,0.18597,0.0,0.00017,0.00017
8788,0,5e-05,0.0,0.00206,0.0,5e-05,5e-05
8789,0,8e-05,0.0,0.18279,0.005,0.00011,0.00011
8790,0,0.00012,0.0,0.02254,0.0,2e-05,2e-05
8791,0,6e-05,0.0,0.02582,0.0,9e-05,9e-05
8792,0,5e-05,0.0,0.02557,0.0025,3e-05,3e-05
8793,0,0.00012,0.0,0.10592,0.0,6e-05,6e-05
8794,0,8e-05,0.0,0.00406,0.0,6e-05,6e-05
8795,0,5e-05,0.0,0.0056,0.0,4e-05,4e-05
8796,0,4e-05,0.0,0.01507,0.0,4e-05,4e-05
8797,0,3e-05,0.0,0.00527,0.0,4e-05,4e-05
8798,0,5e-05,0.0,0.00486,0.0,4e-05,4e-05
8799,0,4e-05,0.0,0.04486,0.0,4e-05,4e-05
8800,0,3e-05,0.0,0.02289,0.0,2e-05,2e-05
8801,0,0.00052,0.0,0.05136,0.0,7e-05,7e-05
8802,0,2e-05,0.0,0.01093,0.0,5e-05,5e-05
8803,0,6e-05,0.0,0.02264,0.0,1e-05,1e-05
8804,0,0.00025,0.0,0.05948,0.0025,0.00026,0.00026
8805,0,0.00043,0.0,0.7714,0.01,0.00015,0.00015
8806,0,3e-05,0.0,0.0226,0.0,1e-05,1e-05
8807,0,6e-05,0.0,0.009,0.0,2e-05,2e-05
8808,0,2e-05,0.0,0.00617,0.0,3e-05,3e-05
8809,0,9e-05,0.0,0.09135,0.0025,6e-05,6e-05
8810,0,7e-05,0.0,0.03363,0.0,3e-05,3e-05
8811,0,7e-05,0.0,0.00694,0.0,2e-05,2e-05
8812,0,7e-05,0.0,0.013,0.0,5e-05,5e-05
8813,0,0.00054,0.0,0.04304,0.01,7e-05,7e-05
8814,0,4e-05,0.0,0.00964,0.0,2e-05,2e-05
8815,0,0.00089,0.0,0.13551,0.0025,8e-05,8e-05
8816,0,0.00038,0.0,0.21388,0.0025,0.00026,0.00026
8817,0,0.00014,0.0,0.06711,0.0,9e-05,9e-05
8818,0,3e-05,0.0,0.25566,0.0,3e-05,3e-05
8819,0,0.00011,0.0,0.07053,0.0,3e-05,3e-05
8820,0,3e-05,0.0,0.17953,0.0025,4e-05,4e-05
8821,0,7e-05,0.0,0.03175,0.0,2e-05,2e-05
8822,0,7e-05,0.0,0.01066,0.0,2e-05,2e-05
8823,0,0.00037,0.0,0.14634,0.0,3e-05,3e-05
8824,0,0.00897,0.0,0.25005,0.0325,0.00016,0.00016
8825,0,0.00016,0.0,0.01852,0.0,2e-05,2e-05
8826,0,6e-05,0.0,0.03296,0.0,2e-05,2e-05
8827,0,0.0001,0.0,0.08512,0.0025,2e-05,2e-05
8828,0,0.00053,0.0,0.17318,0.0,3e-05,3e-05
8829,0,0.00012,0.0,0.03278,0.0,1e-05,1e-05
8830,0,2e-05,0.0,0.06219,0.0,2e-05,2e-05
8831,0,8e-05,0.0,0.08615,0.0,1e-05,1e-05
8832,0,2e-05,0.0,0.02961,0.02,0.00016,0.00016
8833,0,0.00013,0.0,0.0479,0.0,2e-05,2e-05
8834,0,0.00012,0.0,0.07631,0.0,1e-05,1e-05
8835,0,0.00016,0.0,0.17266,0.0,3e-05,3e-05
8836,0,9e-05,0.0,0.48055,0.0025,1e-05,1e-05
8837,0,0.00237,0.0,0.04904,0.0075,0.00011,0.00011
8838,0,0.00015,0.0,0.05201,0.0,2e-05,2e-05
8839,0,0.00012,0.0,0.67713,0.005,2e-05,2e-05
8840,0,0.00033,0.0,0.11013,0.0275,0.00028,0.00028
8841,0,7e-05,0.0,0.06486,0.0,0.00016,0.00016
8842,0,4e-05,0.0,0.11294,0.0,2e-05,2e-05
8843,0,0.0001,0.0,0.18179,0.0025,8e-05,8e-05
8844,0,4e-05,0.0,0.06301,0.0025,2e-05,2e-05
8845,0,5e-05,0.0,0.06137,0.0,2e-05,2e-05
8846,0,0.12377,0.0,0.7499,0.555,0.01808,0.01808
8847,1,0.85858,1.0,0.86868,0.85,0.98293,1.0
8848,0,1e-05,0.0,0.00866,0.0,1e-05,1e-05
8849,0,7e-05,0.0,0.00803,0.0,3e-05,3e-05
8850,0,3e-05,0.0,0.00111,0.0,1e-05,1e-05
8851,0,1e-05,0.0,0.0072,0.0,1e-05,1e-05
8852,0,1e-05,0.0,0.00132,0.0,1e-05,1e-05
8853,0,1e-05,0.0,0.00387,0.0,1e-05,1e-05
8854,0,3e-05,0.0,0.00841,0.0,2e-05,2e-05
8855,0,6e-05,0.0,0.00609,0.0,2e-05,2e-05
8856,0,0.00011,0.0,0.00129,0.01,6e-05,6e-05
8857,0,0.02589,0.0,0.62808,0.205,0.00069,0.00069
8858,0,4e-05,0.0,0.00123,0.0,3e-05,3e-05
8859,0,0.00016,0.0,0.00308,0.0025,7e-05,7e-05
8860,0,5e-05,0.0,0.01871,0.0025,4e-05,4e-05
8861,0,2e-05,0.0,0.00384,0.0,1e-05,1e-05
8862,0,2e-05,0.0,0.00291,0.0,2e-05,2e-05
8863,0,3e-05,0.0,0.00571,0.0,1e-05,1e-05
8864,0,3e-05,0.0,0.00217,0.0025,3e-05,3e-05
8865,0,2e-05,0.0,0.00344,0.0025,2e-05,2e-05
8866,0,6e-05,0.0,0.17633,0.0,6e-05,6e-05
8867,0,6e-05,0.0,0.0096,0.04,3e-05,3e-05
8868,0,4e-05,0.0,0.01306,0.0,1e-05,1e-05
8869,0,5e-05,0.0,0.04495,0.0,2e-05,2e-05
8870,0,3e-05,0.0,0.00871,0.0,3e-05,3e-05
8871,0,3e-05,0.0,0.11389,0.0,2e-05,2e-05
8872,0,3e-05,0.0,0.00705,0.0,4e-05,4e-05
8873,0,3e-05,0.0,0.0056,0.0,1e-05,1e-05
8874,0,6e-05,0.0,0.0042,0.0,3e-05,3e-05
8875,0,0.00023,0.0,0.0423,0.005,3e-05,3e-05
8876,0,8e-05,0.0,0.19285,0.0,6e-05,6e-05
8877,0,0.0001,0.0,0.00411,0.0,6e-05,6e-05
8878,0,5e-05,0.0,0.04061,0.0,1e-05,1e-05
8879,0,2e-05,0.0,0.00841,0.0,2e-05,2e-05
8880,0,1e-05,0.0,0.01885,0.0,1e-05,1e-05
8881,0,3e-05,0.0,0.02569,0.0,2e-05,2e-05
8882,0,6e-05,0.0,0.01359,0.0,4e-05,4e-05
8883,0,9e-05,0.0,0.18509,0.0,7e-05,7e-05
8884,0,9e-05,0.0,0.01266,0.0,1e-05,1e-05
8885,0,5e-05,0.0,0.01252,0.0,2e-05,2e-05
8886,0,0.00011,0.0,0.03459,0.01,8e-05,8e-05
8887,0,2e-05,0.0,0.02055,0.0,1e-05,1e-05
8888,0,0.00026,0.0,0.02291,0.0,0.00018,0.00018
8889,0,5e-05,0.0,0.01947,0.0,3e-05,3e-05
8890,0,0.00046,0.0,0.07209,0.0,0.00011,0.00011
8891,0,4e-05,0.0,0.01943,0.0,4e-05,4e-05
8892,0,0.00016,0.0,0.01042,0.0025,4e-05,4e-05
8893,0,9e-05,0.0,0.0673,0.0,2e-05,2e-05
8894,0,0.00015,0.0,0.14825,0.0,2e-05,2e-05
8895,0,6e-05,0.0,0.02032,0.0,2e-05,2e-05
8896,0,4e-05,0.0,0.03825,0.0,2e-05,2e-05
8897,0,2e-05,0.0,0.02172,0.0,3e-05,3e-05
8898,0,6e-05,0.0,0.01867,0.0,1e-05,1e-05
8899,0,3e-05,0.0,0.0473,0.0,3e-05,3e-05
8900,0,0.00018,0.0,0.01763,0.02,4e-05,4e-05
8901,0,2e-05,0.0,0.01316,0.0025,8e-05,8e-05
8902,0,0.00011,0.0,0.20878,0.0,9e-05,9e-05
8903,0,0.0001,0.0,0.06887,0.005,2e-05,2e-05
8904,0,9e-05,0.0,0.25952,0.0025,2e-05,2e-05
8905,0,0.00014,0.0,0.04587,0.0,1e-05,1e-05
8906,0,0.00012,0.0,0.51949,0.0075,7e-05,7e-05
8907,0,9e-05,0.0,0.03926,0.0,2e-05,2e-05
8908,0,7e-05,0.0,0.10514,0.0,2e-05,2e-05
8909,0,9e-05,0.0,0.11881,0.0,3e-05,3e-05
8910,0,8e-05,0.0,0.0813,0.0,1e-05,1e-05
8911,0,3e-05,0.0,0.06486,0.0,6e-05,6e-05
8912,0,0.00015,0.0,0.07847,0.015,0.0001,0.0001
8913,0,0.00013,0.0,0.17974,0.0,2e-05,2e-05
8914,0,5e-05,0.0,0.13424,0.0225,9e-05,9e-05
8915,0,0.00018,0.0,0.14471,0.005,4e-05,4e-05
8916,0,0.00053,0.0,0.52428,0.0,0.00052,0.00052
8917,0,0.02923,0.0,0.84425,0.075,0.00034,0.00034
8918,0,0.00031,0.0,0.07705,0.0,5e-05,5e-05
8919,0,0.00041,0.0,0.47046,0.0025,9e-05,9e-05
8920,0,0.00047,0.0,0.08601,0.0075,0.00122,0.00122
8921,0,0.00013,0.0,0.2285,0.0,7e-05,7e-05
8922,0,7e-05,0.0,0.10278,0.0,0.00013,0.00013
8923,0,0.00028,0.0,0.28901,0.0025,0.00062,0.00062
8924,0,0.00021,0.0,0.2545,0.005,7e-05,7e-05
8925,0,4e-05,0.0,0.13696,0.0,4e-05,4e-05
8926,0,0.00625,0.0,0.2729,0.135,0.00287,0.00287
8927,1,0.6822,1.0,0.53712,0.6875,0.99384,1.0
8928,0,0.00237,0.0,0.12577,0.0625,0.00174,0.00174
8929,0,0.01496,0.0,0.23966,0.095,0.00111,0.00111
8930,0,0.00287,0.0,0.13677,0.3025,0.01456,0.01456
8931,0,1e-05,0.0,0.00331,0.0,2e-05,2e-05
8932,0,2e-05,0.0,0.00633,0.0,3e-05,3e-05
8933,0,3e-05,0.0,0.01043,0.0,4e-05,4e-05
8934,0,2e-05,0.0,0.00418,0.0,1e-05,1e-05
8935,0,0.0001,0.0,0.00312,0.0,6e-05,6e-05
8936,0,1e-05,0.0,0.00182,0.0,7e-05,7e-05
8937,0,2e-05,0.0,0.01159,0.0,2e-05,2e-05
8938,0,7e-05,0.0,0.11505,0.0025,6e-05,6e-05
8939,0,6e-05,0.0,0.00504,0.0,1e-05,1e-05
8940,0,0.0001,0.0,0.01311,0.01,0.00052,0.00052
8941,0,9e-05,0.0,0.00141,0.0,2e-05,2e-05
8942,0,1e-05,0.0,0.00171,0.0,2e-05,2e-05
8943,0,0.00081,0.0,0.03035,0.0075,0.00028,0.00028
8944,0,8e-05,0.0,0.01504,0.0,6e-05,6e-05
8945,0,7e-05,0.0,0.00666,0.0,3e-05,3e-05
8946,0,2e-05,0.0,0.00465,0.0,1e-05,1e-05
8947,0,5e-05,0.0,0.00224,0.0,2e-05,2e-05
8948,0,7e-05,0.0,0.00625,0.0025,2e-05,2e-05
8949,0,4e-05,0.0,0.01249,0.0,5e-05,5e-05
8950,0,0.00022,0.0,0.7906,0.0025,0.00087,0.00087
8951,0,0.00018,0.0,0.10548,0.0,6e-05,6e-05
8952,0,4e-05,0.0,0.00441,0.0,1e-05,1e-05
8953,0,4e-05,0.0,0.01712,0.0,2e-05,2e-05
8954,0,7e-05,0.0,0.00889,0.0,4e-05,4e-05
8955,0,0.00011,0.0,0.09659,0.0,4e-05,4e-05
8956,0,6e-05,0.0,0.30028,0.0,4e-05,4e-05
8957,0,0.00014,0.0,0.54573,0.0,5e-05,5e-05
8958,0,0.00031,0.0,0.38595,0.0025,2e-05,2e-05
8959,0,6e-05,0.0,0.00508,0.0,2e-05,2e-05
8960,0,0.00017,0.0,0.09173,0.0,3e-05,3e-05
8961,0,0.0001,0.0,0.01079,0.0,6e-05,6e-05
8962,0,0.00012,0.0,0.06108,0.0025,3e-05,3e-05
8963,0,3e-05,0.0,0.01013,0.0,4e-05,4e-05
8964,0,2e-05,0.0,0.0064,0.0,4e-05,4e-05
8965,0,0.00014,0.0,0.04894,0.0,4e-05,4e-05
8966,0,4e-05,0.0,0.05696,0.0,2e-05,2e-05
8967,0,5e-05,0.0,0.01191,0.0,4e-05,4e-05
8968,0,0.00014,0.0,0.03288,0.0,2e-05,2e-05
8969,0,0.00064,0.0,0.16721,0.0025,9e-05,9e-05
8970,0,0.0003,0.0,0.21064,0.01,0.00015,0.00015
8971,0,0.00021,0.0,0.02502,0.0,8e-05,8e-05
8972,0,0.00021,0.0,0.02046,0.0,1e-05,1e-05
8973,0,8e-05,0.0,0.12972,0.0,3e-05,3e-05
8974,0,9e-05,0.0,0.09313,0.0,8e-05,8e-05
8975,0,0.0001,0.0,0.06631,0.0,3e-05,3e-05
8976,0,0.00035,0.0,0.01602,0.0,4e-05,4e-05
8977,0,0.0001,0.0,0.02791,0.0,2e-05,2e-05
8978,0,4e-05,0.0,0.01284,0.0025,4e-05,4e-05
8979,0,0.00024,0.0,0.13816,0.0,2e-05,2e-05
8980,0,0.00015,0.0,0.32344,0.0,4e-05,4e-05
8981,0,9e-05,0.0,0.08469,0.0,2e-05,2e-05
8982,0,9e-05,0.0,0.06496,0.0,2e-05,2e-05
8983,0,0.00451,0.0,0.84383,0.0075,0.00021,0.00021
8984,0,0.00024,0.0,0.58149,0.0025,6e-05,6e-05
8985,0,0.05974,0.0,0.67952,0.12,0.00022,0.00022
8986,0,5e-05,0.0,0.07326,0.0,3e-05,3e-05
8987,0,5e-05,0.0,0.1103,0.0,3e-05,3e-05
8988,0,0.00017,0.0,0.05087,0.0,0.00017,0.00017
8989,0,0.00012,0.0,0.05999,0.0,1e-05,1e-05
8990,0,4e-05,0.0,0.21129,0.0025,9e-05,9e-05
8991,0,0.00015,0.0,0.09053,0.0,2e-05,2e-05
8992,0,3e-05,0.0,0.03141,0.0,3e-05,3e-05
8993,0,6e-05,0.0,0.04072,0.0,3e-05,3e-05
8994,0,6e-05,0.0,0.04717,0.0,3e-05,3e-05
8995,0,0.0001,0.0,0.15029,0.0,4e-05,4e-05
8996,0,9e-05,0.0,0.18594,0.0,2e-05,2e-05
8997,0,8e-05,0.0,0.08676,0.0,4e-05,4e-05
8998,0,6e-05,0.0,0.06868,0.0,3e-05,3e-05
8999,0,3e-05,0.0,0.16686,0.0,3e-05,3e-05
9000,0,8e-05,0.0,0.12438,0.0,6e-05,6e-05
9001,0,0.00013,0.0,0.20086,0.0,3e-05,3e-05
9002,0,7e-05,0.0,0.13679,0.0,4e-05,4e-05
9003,0,0.00038,0.0,0.14721,0.01,0.00011,0.00011
9004,0,0.00035,0.0,0.57038,0.0025,0.00027,0.00027
9005,0,0.00023,0.0,0.08353,0.0,0.00015,0.00015
9006,0,0.03036,0.0,0.85646,0.1725,0.00776,0.00776
9007,0,0.00019,0.0,0.26161,0.01,0.00068,0.00068
9008,0,0.00035,0.0,0.43152,0.0025,7e-05,7e-05
9009,0,0.00015,0.0,0.24386,0.0025,6e-05,6e-05
9010,0,0.00014,0.0,0.1427,0.0,0.00012,0.00012
9011,0,0.00032,0.0,0.2573,0.0025,0.00065,0.00065
9012,0,0.00028,0.0,0.1366,0.0075,0.00042,0.00042
9013,0,0.01492,0.0,0.14224,0.195,0.0017,0.0017
9014,0,0.00408,0.0,0.2073,0.03,0.00073,0.00073
9015,1,0.96313,1.0,0.84904,0.8375,0.994,1.0
9016,1,0.03803,0.0,0.52451,0.065,0.00168,0.00168
9017,1,0.75151,1.0,0.66274,0.8025,0.99115,1.0
9018,0,0.07408,0.0,0.63132,0.27,0.04705,0.04705
9019,1,0.00943,0.0,0.16715,0.1375,0.00225,0.00225
9020,0,1e-05,0.0,0.00125,0.0,8e-05,8e-05
9021,0,1e-05,0.0,0.00207,0.0,1e-05,1e-05
9022,0,1e-05,0.0,0.00208,0.0,1e-05,1e-05
9023,0,3e-05,0.0,0.01396,0.0,2e-05,2e-05
9024,0,1e-05,0.0,0.00153,0.0,3e-05,3e-05
9025,0,6e-05,0.0,0.0333,0.0,3e-05,3e-05
9026,0,4e-05,0.0,0.00405,0.0025,2e-05,2e-05
9027,0,5e-05,0.0,0.00087,0.0025,2e-05,2e-05
9028,0,7e-05,0.0,0.0119,0.0,3e-05,3e-05
9029,0,0.00036,0.0,0.06247,0.005,0.00034,0.00034
9030,0,3e-05,0.0,0.00774,0.0,1e-05,1e-05
9031,0,7e-05,0.0,0.01655,0.0,3e-05,3e-05
9032,0,2e-05,0.0,0.00117,0.0,2e-05,2e-05
9033,0,0.0004,0.0,0.00221,0.0,5e-05,5e-05
9034,0,0.00014,0.0,0.02146,0.0,3e-05,3e-05
9035,0,8e-05,0.0,0.00788,0.0,5e-05,5e-05
9036,0,4e-05,0.0,0.00271,0.0,1e-05,1e-05
9037,0,5e-05,0.0,0.00781,0.0,4e-05,4e-05
9038,0,0.00018,0.0,0.0064,0.0,0.00018,0.00018
9039,0,0.00333,0.0,0.18812,0.035,0.00019,0.00019
9040,0,3e-05,0.0,0.13783,0.0,3e-05,3e-05
9041,0,5e-05,0.0,0.00801,0.0,4e-05,4e-05
9042,0,0.0192,0.0,0.78,0.0425,0.00278,0.00278
9043,0,2e-05,0.0,0.00358,0.0,5e-05,5e-05
9044,0,0.0005,0.0,0.02843,0.005,0.00013,0.00013
9045,0,0.0001,0.0,0.02596,0.0,0.0001,0.0001
9046,0,3e-05,0.0,0.00726,0.0,4e-05,4e-05
9047,0,6e-05,0.0,0.0049,0.0025,0.00022,0.00022
9048,0,0.0001,0.0,0.01037,0.0,7e-05,7e-05
9049,0,0.00015,0.0,0.13855,0.0,0.00012,0.00012
9050,0,6e-05,0.0,0.00812,0.0,1e-05,1e-05
9051,0,4e-05,0.0,0.00407,0.0,3e-05,3e-05
9052,0,0.00017,0.0,0.00677,0.0,4e-05,4e-05
9053,0,4e-05,0.0,0.00802,0.0025,6e-05,6e-05
9054,0,4e-05,0.0,0.00588,0.0,1e-05,1e-05
9055,0,6e-05,0.0,0.01309,0.0,5e-05,5e-05
9056,0,1e-05,0.0,0.00821,0.0,0.0,0.0
9057,0,0.00012,0.0,0.05038,0.0,1e-05,1e-05
9058,0,7e-05,0.0,0.00863,0.0,2e-05,2e-05
9059,0,0.0001,0.0,0.48083,0.0,0.00012,0.00012
9060,0,5e-05,0.0,0.01434,0.0,1e-05,1e-05
9061,0,0.00017,0.0,0.065,0.0,5e-05,5e-05
9062,0,5e-05,0.0,0.01258,0.0075,5e-05,5e-05
9063,0,8e-05,0.0,0.02107,0.0,7e-05,7e-05
9064,0,0.00017,0.0,0.04177,0.0,0.00018,0.00018
9065,0,0.00014,0.0,0.0195,0.0,4e-05,4e-05
9066,0,6e-05,0.0,0.18461,0.01,5e-05,5e-05
9067,0,5e-05,0.0,0.02089,0.0,2e-05,2e-05
9068,0,0.00027,0.0,0.58928,0.0025,0.0001,0.0001
9069,0,2e-05,0.0,0.01903,0.0,3e-05,3e-05
9070,0,8e-05,0.0,0.01499,0.0,3e-05,3e-05
9071,0,5e-05,0.0,0.13826,0.0175,0.00016,0.00016
9072,0,0.00014,0.0,0.35593,0.0,3e-05,3e-05
9073,0,6e-05,0.0,0.01938,0.0,6e-05,6e-05
9074,0,0.00018,0.0,0.03818,0.0025,7e-05,7e-05
9075,0,8e-05,0.0,0.05964,0.0,3e-05,3e-05
9076,0,0.00012,0.0,0.06292,0.0,8e-05,8e-05
9077,0,7e-05,0.0,0.14732,0.0,8e-05,8e-05
9078,0,0.0002,0.0,0.05011,0.0,3e-05,3e-05
9079,0,0.00024,0.0,0.07316,0.0,5e-05,5e-05
9080,0,5e-05,0.0,0.05614,0.0,1e-05,1e-05
9081,0,0.00076,0.0,0.08237,0.0225,0.00061,0.00061
9082,0,0.00011,0.0,0.07896,0.0,3e-05,3e-05
9083,0,0.00012,0.0,0.62991,0.0,6e-05,6e-05
9084,0,0.00013,0.0,0.07059,0.0,9e-05,9e-05
9085,1,0.96881,1.0,0.99146,0.985,0.99999,1.0
9086,0,0.00155,0.0,0.56521,0.0125,0.00014,0.00014
9087,0,0.00033,0.0,0.28261,0.0,0.00068,0.00068
9088,0,0.00015,0.0,0.0916,0.0075,0.00021,0.00021
9089,0,0.00046,0.0,0.07496,0.01,0.00031,0.00031
9090,0,0.00058,0.0,0.36522,0.0,0.00015,0.00015
9091,0,6e-05,0.0,0.07949,0.0025,4e-05,4e-05
9092,0,5e-05,0.0,0.0754,0.0025,2e-05,2e-05
9093,0,0.00018,0.0,0.13428,0.005,0.00036,0.00036
9094,0,8e-05,0.0,0.07816,0.0,4e-05,4e-05
9095,0,0.17269,0.0,0.78269,0.3725,0.04847,0.04847
9096,0,0.00433,0.0,0.38088,0.01,0.0007,0.0007
9097,0,0.01027,0.0,0.14916,0.04,0.00366,0.00366
9098,0,0.18076,0.0,0.16039,0.2675,0.03578,0.03578
9099,0,0.00012,0.0,0.03493,0.0,4e-05,4e-05
9100,0,9e-05,0.0,0.03369,0.0025,8e-05,8e-05
9101,0,0.00038,0.0,0.09068,0.0025,9e-05,9e-05
9102,0,3e-05,0.0,0.0007,0.0,1e-05,1e-05
9103,0,2e-05,0.0,0.00465,0.0,3e-05,3e-05
9104,0,7e-05,0.0,0.00756,0.0,3e-05,3e-05
9105,0,0.00034,0.0,0.01371,0.005,6e-05,6e-05
9106,0,3e-05,0.0,0.00206,0.0,3e-05,3e-05
9107,0,4e-05,0.0,0.00251,0.0,7e-05,7e-05
9108,0,5e-05,0.0,0.00174,0.0,1e-05,1e-05
9109,0,3e-05,0.0,0.00583,0.0,2e-05,2e-05
9110,0,3e-05,0.0,0.00684,0.0025,8e-05,8e-05
9111,0,6e-05,0.0,0.0617,0.0,3e-05,3e-05
9112,0,7e-05,0.0,0.15509,0.0,3e-05,3e-05
9113,0,3e-05,0.0,0.0052,0.0,2e-05,2e-05
9114,0,3e-05,0.0,0.00276,0.0,2e-05,2e-05
9115,0,7e-05,0.0,0.01045,0.0,3e-05,3e-05
9116,0,5e-05,0.0,0.03979,0.0,2e-05,2e-05
9117,0,3e-05,0.0,0.00317,0.0,9e-05,9e-05
9118,0,6e-05,0.0,0.02726,0.0,6e-05,6e-05
9119,0,2e-05,0.0,0.01694,0.0,1e-05,1e-05
9120,0,4e-05,0.0,0.00347,0.0,1e-05,1e-05
9121,0,3e-05,0.0,0.01292,0.0,1e-05,1e-05
9122,0,0.00027,0.0,0.06811,0.0025,0.00014,0.00014
9123,0,7e-05,0.0,0.0153,0.0025,4e-05,4e-05
9124,0,4e-05,0.0,0.03046,0.0,1e-05,1e-05
9125,0,8e-05,0.0,0.1274,0.0,5e-05,5e-05
9126,0,5e-05,0.0,0.00804,0.0,4e-05,4e-05
9127,0,5e-05,0.0,0.0236,0.0,1e-05,1e-05
9128,0,0.00019,0.0,0.0066,0.0125,0.00024,0.00024
9129,0,9e-05,0.0,0.03054,0.0125,6e-05,6e-05
9130,0,5e-05,0.0,0.00856,0.0,3e-05,3e-05
9131,0,4e-05,0.0,0.00972,0.0,3e-05,3e-05
9132,0,7e-05,0.0,0.04788,0.0,3e-05,3e-05
9133,0,3e-05,0.0,0.01655,0.005,2e-05,2e-05
9134,0,9e-05,0.0,0.0664,0.0,3e-05,3e-05
9135,0,8e-05,0.0,0.03714,0.0,2e-05,2e-05
9136,0,5e-05,0.0,0.10609,0.0,4e-05,4e-05
9137,0,9e-05,0.0,0.0128,0.0,3e-05,3e-05
9138,0,0.00019,0.0,0.01314,0.0,2e-05,2e-05
9139,0,8e-05,0.0,0.02481,0.0,1e-05,1e-05
9140,0,3e-05,0.0,0.02676,0.0,5e-05,5e-05
9141,0,0.00056,0.0,0.0599,0.005,0.00012,0.00012
9142,0,9e-05,0.0,0.02294,0.0,4e-05,4e-05
9143,0,6e-05,0.0,0.02034,0.0,4e-05,4e-05
9144,0,7e-05,0.0,0.08259,0.0,3e-05,3e-05
9145,0,8e-05,0.0,0.05069,0.0,2e-05,2e-05
9146,0,3e-05,0.0,0.03535,0.0,2e-05,2e-05
9147,0,7e-05,0.0,0.04481,0.0,1e-05,1e-05
9148,0,0.00024,0.0,0.01921,0.0,3e-05,3e-05
9149,0,9e-05,0.0,0.09025,0.0,2e-05,2e-05
9150,0,7e-05,0.0,0.17748,0.0,2e-05,2e-05
9151,0,0.0001,0.0,0.56292,0.0,3e-05,3e-05
9152,0,4e-05,0.0,0.06015,0.0,4e-05,4e-05
9153,0,6e-05,0.0,0.68537,0.0025,3e-05,3e-05
9154,0,6e-05,0.0,0.03772,0.0,1e-05,1e-05
9155,0,3e-05,0.0,0.04125,0.0,4e-05,4e-05
9156,0,0.00037,0.0,0.72947,0.0,4e-05,4e-05
9157,0,0.00011,0.0,0.52075,0.0025,1e-05,1e-05
9158,0,7e-05,0.0,0.29387,0.0025,3e-05,3e-05
9159,0,8e-05,0.0,0.11626,0.0,2e-05,2e-05
9160,0,2e-05,0.0,0.04329,0.0,3e-05,3e-05
9161,0,4e-05,0.0,0.03217,0.06,0.00068,0.00068
9162,0,9e-05,0.0,0.03999,0.015,0.00033,0.00033
9163,0,4e-05,0.0,0.06491,0.0,3e-05,3e-05
9164,0,0.00013,0.0,0.32323,0.0,2e-05,2e-05
9165,0,0.0284,0.0,0.93357,0.1275,0.00046,0.00046
9166,0,0.03002,0.0,0.90503,0.3325,0.01374,0.01374
9167,0,0.00016,0.0,0.47928,0.0075,2e-05,2e-05
9168,0,9e-05,0.0,0.11707,0.0,8e-05,8e-05
9169,0,0.00028,0.0,0.21835,0.0175,0.00017,0.00017
9170,0,9e-05,0.0,0.17701,0.0,0.00011,0.00011
9171,0,0.0003,0.0,0.2672,0.0025,8e-05,8e-05
9172,0,0.00011,0.0,0.29878,0.005,8e-05,8e-05
9173,0,0.00175,0.0,0.08035,0.1925,0.00955,0.00955
9174,0,0.00019,0.0,0.0569,0.005,9e-05,9e-05
9175,1,0.00018,0.0,0.21193,0.0,0.0001,0.0001
9176,1,0.8347,1.0,0.46117,0.8375,0.99441,1.0
9177,0,3e-05,0.0,0.00454,0.0,1e-05,1e-05
9178,0,1e-05,0.0,0.00716,0.0,1e-05,1e-05
9179,0,6e-05,0.0,0.31026,0.0,0.00011,0.00011
9180,0,3e-05,0.0,0.00971,0.0125,9e-05,9e-05
9181,0,1e-05,0.0,0.00381,0.0,2e-05,2e-05
9182,0,5e-05,0.0,0.00326,0.0,2e-05,2e-05
9183,0,0.0001,0.0,0.00685,0.0,3e-05,3e-05
9184,0,5e-05,0.0,0.00342,0.0,3e-05,3e-05
9185,0,3e-05,0.0,0.00265,0.0,2e-05,2e-05
9186,0,4e-05,0.0,0.0577,0.0,2e-05,2e-05
9187,0,0.00018,0.0,0.00197,0.01,7e-05,7e-05
9188,0,6e-05,0.0,0.04446,0.0,0.00013,0.00013
9189,0,2e-05,0.0,0.00889,0.0,1e-05,1e-05
9190,0,2e-05,0.0,0.00227,0.0,2e-05,2e-05
9191,0,0.0001,0.0,0.0068,0.0,2e-05,2e-05
9192,0,4e-05,0.0,0.00383,0.0,5e-05,5e-05
9193,0,5e-05,0.0,0.00474,0.0025,1e-05,1e-05
9194,0,3e-05,0.0,0.00734,0.0,2e-05,2e-05
9195,0,8e-05,0.0,0.02022,0.0,3e-05,3e-05
9196,0,4e-05,0.0,0.00665,0.0,5e-05,5e-05
9197,0,4e-05,0.0,0.00757,0.0,2e-05,2e-05
9198,0,0.00011,0.0,0.04723,0.0,2e-05,2e-05
9199,0,3e-05,0.0,0.00703,0.0,2e-05,2e-05
9200,0,2e-05,0.0,0.00512,0.0,3e-05,3e-05
9201,0,2e-05,0.0,0.00376,0.0,1e-05,1e-05
9202,0,6e-05,0.0,0.05167,0.0,1e-05,1e-05
9203,0,2e-05,0.0,0.01036,0.0,1e-05,1e-05
9204,0,2e-05,0.0,0.00858,0.0,1e-05,1e-05
9205,0,4e-05,0.0,0.00859,0.0,2e-05,2e-05
9206,0,3e-05,0.0,0.00743,0.0,1e-05,1e-05
9207,0,5e-05,0.0,0.01783,0.0,1e-05,1e-05
9208,0,0.00021,0.0,0.14166,0.0025,0.0001,0.0001
9209,0,0.00016,0.0,0.03755,0.0,2e-05,2e-05
9210,0,0.00011,0.0,0.25803,0.0,0.00014,0.00014
9211,0,0.30184,0.0,0.5605,0.0625,0.00227,0.00227
9212,0,8e-05,0.0,0.105,0.0,2e-05,2e-05
9213,0,0.00027,0.0,0.32473,0.0,1e-05,1e-05
9214,0,3e-05,0.0,0.01073,0.0,2e-05,2e-05
9215,0,6e-05,0.0,0.02297,0.0,2e-05,2e-05
9216,0,9e-05,0.0,0.01194,0.0,1e-05,1e-05
9217,0,5e-05,0.0,0.03919,0.0,2e-05,2e-05
9218,0,0.0002,0.0,0.16916,0.0025,3e-05,3e-05
9219,0,7e-05,0.0,0.27514,0.0025,9e-05,9e-05
9220,0,9e-05,0.0,0.48342,0.0,3e-05,3e-05
9221,0,0.00015,0.0,0.75718,0.0,0.0001,0.0001
9222,0,4e-05,0.0,0.00984,0.0,4e-05,4e-05
9223,0,4e-05,0.0,0.02331,0.0,2e-05,2e-05
9224,0,6e-05,0.0,0.10951,0.0,2e-05,2e-05
9225,0,9e-05,0.0,0.117,0.0,3e-05,3e-05
9226,0,0.00016,0.0,0.02344,0.0,5e-05,5e-05
9227,0,0.00013,0.0,0.02798,0.0,2e-05,2e-05
9228,0,0.0001,0.0,0.09306,0.0,3e-05,3e-05
9229,0,0.00011,0.0,0.02375,0.0,2e-05,2e-05
9230,0,0.00032,0.0,0.11341,0.0,4e-05,4e-05
9231,0,8e-05,0.0,0.0597,0.0,4e-05,4e-05
9232,0,6e-05,0.0,0.0477,0.0,3e-05,3e-05
9233,0,0.00012,0.0,0.50554,0.0,2e-05,2e-05
9234,0,0.0001,0.0,0.19701,0.0,2e-05,2e-05
9235,0,0.00066,0.0,0.09502,0.0,4e-05,4e-05
9236,0,6e-05,0.0,0.03285,0.0,4e-05,4e-05
9237,0,0.00026,0.0,0.04262,0.0,4e-05,4e-05
9238,0,0.00011,0.0,0.04619,0.0,2e-05,2e-05
9239,0,0.00022,0.0,0.10225,0.0,6e-05,6e-05
9240,0,0.00028,0.0,0.28029,0.0,4e-05,4e-05
9241,0,0.00013,0.0,0.40269,0.0,1e-05,1e-05
9242,0,0.00265,0.0,0.06941,0.0375,0.00034,0.00034
9243,0,0.00065,0.0,0.93462,0.0425,2e-05,2e-05
9244,0,0.0002,0.0,0.37653,0.0,0.00011,0.00011
9245,0,0.00018,0.0,0.11038,0.0375,0.00028,0.00028
9246,0,0.00551,0.0,0.09124,0.2125,0.00421,0.00421
9247,0,0.01389,0.0,0.10493,0.06,0.00013,0.00013
9248,0,0.00018,0.0,0.09773,0.0,5e-05,5e-05
9249,0,0.00012,0.0,0.10506,0.0,3e-05,3e-05
9250,0,0.00019,0.0,0.10082,0.0025,7e-05,7e-05
9251,0,8e-05,0.0,0.09175,0.065,0.00022,0.00022
9252,0,0.00105,0.0,0.07333,0.0625,0.00079,0.00079
9253,0,0.00014,0.0,0.09546,0.0,1e-05,1e-05
9254,0,0.00011,0.0,0.15349,0.0,0.00018,0.00018
9255,0,0.00011,0.0,0.13,0.0025,0.00016,0.00016
9256,0,9e-05,0.0,0.13144,0.0,3e-05,3e-05
9257,0,0.00033,0.0,0.12381,0.0225,0.00306,0.00306
9258,0,0.1639,0.0,0.90394,0.3175,0.00573,0.00573
9259,0,2e-05,0.0,0.01602,0.0,1e-05,1e-05
9260,0,1e-05,0.0,0.00113,0.0,2e-05,2e-05
9261,0,5e-05,0.0,0.33928,0.005,5e-05,5e-05
9262,0,1e-05,0.0,0.00542,0.0,1e-05,1e-05
9263,0,9e-05,0.0,0.0312,0.0,5e-05,5e-05
9264,0,5e-05,0.0,0.00761,0.0,2e-05,2e-05
9265,0,0.0001,0.0,0.00445,0.0,2e-05,2e-05
9266,0,0.00013,0.0,0.06456,0.0,5e-05,5e-05
9267,0,3e-05,0.0,0.00225,0.0,3e-05,3e-05
9268,0,0.00029,0.0,0.43581,0.0025,6e-05,6e-05
9269,0,3e-05,0.0,0.00316,0.0,2e-05,2e-05
9270,0,0.00418,0.0,0.6457,0.055,5e-05,5e-05
9271,0,0.00197,0.0,0.77016,0.0025,3e-05,3e-05
9272,0,2e-05,0.0,0.00963,0.0,5e-05,5e-05
9273,0,0.00017,0.0,0.35806,0.0,5e-05,5e-05
9274,0,7e-05,0.0,0.00505,0.005,1e-05,1e-05
9275,0,0.00061,0.0,0.25573,0.0,0.00012,0.00012
9276,0,5e-05,0.0,0.00482,0.0,3e-05,3e-05
9277,0,4e-05,0.0,0.00536,0.0,2e-05,2e-05
9278,0,9e-05,0.0,0.0864,0.0075,2e-05,2e-05
9279,0,4e-05,0.0,0.00701,0.0,2e-05,2e-05
9280,0,5e-05,0.0,0.00379,0.0,3e-05,3e-05
9281,0,6e-05,0.0,0.01912,0.0,2e-05,2e-05
9282,0,8e-05,0.0,0.10547,0.0,3e-05,3e-05
9283,0,0.00012,0.0,0.03871,0.0,2e-05,2e-05
9284,0,6e-05,0.0,0.00623,0.0,2e-05,2e-05
9285,0,4e-05,0.0,0.00887,0.0,1e-05,1e-05
9286,0,9e-05,0.0,0.08438,0.0,0.0001,0.0001
9287,0,4e-05,0.0,0.01037,0.0,1e-05,1e-05
9288,0,0.00015,0.0,0.00855,0.0025,0.00011,0.00011
9289,0,0.00015,0.0,0.2214,0.0,4e-05,4e-05
9290,0,0.00013,0.0,0.11344,0.0,2e-05,2e-05
9291,0,0.00013,0.0,0.06868,0.0,1e-05,1e-05
9292,0,0.0003,0.0,0.61492,0.0,3e-05,3e-05
9293,0,7e-05,0.0,0.01418,0.0,1e-05,1e-05
9294,0,0.0001,0.0,0.03226,0.0025,4e-05,4e-05
9295,0,7e-05,0.0,0.02348,0.0125,2e-05,2e-05
9296,0,0.0002,0.0,0.11206,0.005,1e-05,1e-05
9297,0,2e-05,0.0,0.01754,0.0,1e-05,1e-05
9298,0,0.00018,0.0,0.05233,0.0,1e-05,1e-05
9299,0,0.0001,0.0,0.44366,0.0,2e-05,2e-05
9300,0,0.00019,0.0,0.32119,0.0,1e-05,1e-05
9301,0,0.00025,0.0,0.11118,0.0,1e-05,1e-05
9302,0,0.00014,0.0,0.14471,0.0,2e-05,2e-05
9303,0,0.00065,0.0,0.0193,0.0,1e-05,1e-05
9304,0,5e-05,0.0,0.05339,0.0,2e-05,2e-05
9305,0,7e-05,0.0,0.07327,0.0,1e-05,1e-05
9306,0,6e-05,0.0,0.01245,0.0,3e-05,3e-05
9307,0,0.00015,0.0,0.02126,0.0,2e-05,2e-05
9308,0,0.00012,0.0,0.33417,0.0,6e-05,6e-05
9309,0,0.00044,0.0,0.2501,0.0,2e-05,2e-05
9310,0,0.00011,0.0,0.04994,0.0,3e-05,3e-05
9311,0,9e-05,0.0,0.07131,0.0,2e-05,2e-05
9312,0,0.00018,0.0,0.09286,0.0,2e-05,2e-05
9313,0,5e-05,0.0,0.02123,0.0,2e-05,2e-05
9314,0,0.00028,0.0,0.19211,0.0025,4e-05,4e-05
9315,0,9e-05,0.0,0.03912,0.0,1e-05,1e-05
9316,0,0.00053,0.0,0.07694,0.0,0.0001,0.0001
9317,0,0.0004,0.0,0.11181,0.0075,3e-05,3e-05
9318,0,0.00057,0.0,0.10353,0.0,2e-05,2e-05
9319,0,0.00074,0.0,0.28008,0.0025,0.00026,0.00026
9320,0,0.00042,0.0,0.14839,0.0,3e-05,3e-05
9321,0,0.00058,0.0,0.21054,0.005,0.00021,0.00021
9322,0,0.00018,0.0,0.68242,0.0025,2e-05,2e-05
9323,0,0.0001,0.0,0.08288,0.0,6e-05,6e-05
9324,0,0.00012,0.0,0.17241,0.0,5e-05,5e-05
9325,0,0.0001,0.0,0.11339,0.0,4e-05,4e-05
9326,0,0.00025,0.0,0.13314,0.0,2e-05,2e-05
9327,0,6e-05,0.0,0.08475,0.0,2e-05,2e-05
9328,0,0.00012,0.0,0.1252,0.0,0.00022,0.00022
9329,0,6e-05,0.0,0.43784,0.0025,6e-05,6e-05
9330,0,0.00012,0.0,0.23227,0.0025,0.00012,0.00012
9331,0,0.00013,0.0,0.13468,0.0025,0.00016,0.00016
9332,0,0.00038,0.0,0.21024,0.0,0.00022,0.00022
9333,0,0.00036,0.0,0.31051,0.0125,0.00019,0.00019
9334,0,0.00822,0.0,0.33812,0.025,0.00075,0.00075
9335,0,0.0571,0.0,0.457,0.14,0.01093,0.01093
9336,0,0.01269,0.0,0.42461,0.0625,0.00833,0.00833
9337,0,0.00134,0.0,0.22358,0.03,0.00048,0.00048
9338,0,0.00525,0.0,0.23648,0.1,0.00032,0.00032
9339,0,0.0005,0.0,0.13613,0.0375,0.00071,0.00071
9340,0,0.01434,0.0,0.47166,0.05,0.00111,0.00111
9341,0,4e-05,0.0,0.00325,0.0,2e-05,2e-05
9342,0,5e-05,0.0,0.03102,0.0,3e-05,3e-05
9343,0,3e-05,0.0,0.00103,0.0,1e-05,1e-05
9344,0,6e-05,0.0,0.07532,0.0025,5e-05,5e-05
9345,0,5e-05,0.0,0.00346,0.0,1e-05,1e-05
9346,0,0.00016,0.0,0.04455,0.0,7e-05,7e-05
9347,0,4e-05,0.0,0.00527,0.0025,2e-05,2e-05
9348,0,0.00032,0.0,0.01461,0.0,2e-05,2e-05
9349,0,9e-05,0.0,0.07279,0.0025,6e-05,6e-05
9350,0,2e-05,0.0,0.00374,0.0,2e-05,2e-05
9351,0,0.0004,0.0,0.03811,0.005,0.0001,0.0001
9352,0,5e-05,0.0,0.00425,0.0,3e-05,3e-05
9353,0,4e-05,0.0,0.0043,0.0,3e-05,3e-05
9354,0,0.00011,0.0,0.06061,0.0,4e-05,4e-05
9355,0,6e-05,0.0,0.00295,0.0,4e-05,4e-05
9356,0,4e-05,0.0,0.00332,0.0025,0.0001,0.0001
9357,0,0.00011,0.0,0.4568,0.0025,0.00012,0.00012
9358,0,4e-05,0.0,0.00172,0.0,3e-05,3e-05
9359,0,0.00019,0.0,0.06409,0.0025,3e-05,3e-05
9360,0,4e-05,0.0,0.02619,0.0,1e-05,1e-05
9361,0,3e-05,0.0,0.02346,0.0,2e-05,2e-05
9362,0,7e-05,0.0,0.00813,0.0,5e-05,5e-05
9363,0,6e-05,0.0,0.00532,0.0,4e-05,4e-05
9364,0,2e-05,0.0,0.01023,0.0,4e-05,4e-05
9365,0,0.00012,0.0,0.00598,0.0,4e-05,4e-05
9366,0,0.0001,0.0,0.67543,0.0,3e-05,3e-05
9367,0,0.00011,0.0,0.0951,0.005,3e-05,3e-05
9368,0,0.0001,0.0,0.05551,0.0025,2e-05,2e-05
9369,0,4e-05,0.0,0.01975,0.0,3e-05,3e-05
9370,0,6e-05,0.0,0.01039,0.0,1e-05,1e-05
9371,0,9e-05,0.0,0.17087,0.0075,1e-05,1e-05
9372,0,0.0001,0.0,0.44353,0.0025,3e-05,3e-05
9373,0,5e-05,0.0,0.03801,0.0,2e-05,2e-05
9374,0,0.00024,0.0,0.07499,0.0,2e-05,2e-05
9375,0,0.0001,0.0,0.04971,0.0,2e-05,2e-05
9376,0,4e-05,0.0,0.25043,0.0,2e-05,2e-05
9377,0,0.00023,0.0,0.00674,0.0,4e-05,4e-05
9378,0,3e-05,0.0,0.04103,0.0,1e-05,1e-05
9379,0,0.00012,0.0,0.01928,0.0,1e-05,1e-05
9380,0,0.00017,0.0,0.19443,0.0,1e-05,1e-05
9381,0,0.00014,0.0,0.12768,0.0,4e-05,4e-05
9382,0,3e-05,0.0,0.05654,0.0,2e-05,2e-05
9383,0,5e-05,0.0,0.02521,0.0,2e-05,2e-05
9384,0,1e-05,0.0,0.03025,0.0,1e-05,1e-05
9385,0,0.00048,0.0,0.53254,0.01,0.0001,0.0001
9386,0,0.00011,0.0,0.0387,0.0,4e-05,4e-05
9387,0,0.00015,0.0,0.15298,0.0075,0.00017,0.00017
9388,0,0.0001,0.0,0.39463,0.0,2e-05,2e-05
9389,0,9e-05,0.0,0.05284,0.0,3e-05,3e-05
9390,0,9e-05,0.0,0.88748,0.005,2e-05,2e-05
9391,0,6e-05,0.0,0.05449,0.0,3e-05,3e-05
9392,0,0.00038,0.0,0.16735,0.0,8e-05,8e-05
9393,0,9e-05,0.0,0.25552,0.0,7e-05,7e-05
9394,0,4e-05,0.0,0.0888,0.0,2e-05,2e-05
9395,0,8e-05,0.0,0.67574,0.0,3e-05,3e-05
9396,0,4e-05,0.0,0.13058,0.0,2e-05,2e-05
9397,0,0.00012,0.0,0.25776,0.01,2e-05,2e-05
9398,0,5e-05,0.0,0.5764,0.0,3e-05,3e-05
9399,0,2e-05,0.0,0.10333,0.0,3e-05,3e-05
9400,0,9e-05,0.0,0.26748,0.0,3e-05,3e-05
9401,0,0.00012,0.0,0.26365,0.0,6e-05,6e-05
9402,0,0.00014,0.0,0.06852,0.0175,0.00011,0.00011
9403,0,0.00014,0.0,0.12545,0.0,6e-05,6e-05
9404,0,0.00335,0.0,0.11823,0.0225,0.00438,0.00438
9405,0,0.00119,0.0,0.42815,0.0,0.00011,0.00011
9406,0,0.00035,0.0,0.35137,0.0025,4e-05,4e-05
9407,0,0.00054,0.0,0.8161,0.0075,0.00026,0.00026
9408,0,0.00234,0.0,0.50664,0.005,0.00045,0.00045
9409,0,8e-05,0.0,0.08003,0.0,6e-05,6e-05
9410,0,0.00091,0.0,0.15944,0.01,0.0003,0.0003
9411,0,0.00109,0.0,0.10569,0.055,0.00045,0.00045
9412,0,0.0093,0.0,0.52711,0.0275,0.00301,0.00301
9413,0,0.01575,0.0,0.22295,0.035,0.00225,0.00225
9414,0,0.02028,0.0,0.42118,0.1075,0.01298,0.01298
9415,1,0.97333,1.0,0.81609,0.97,0.99852,1.0
9416,0,0.00011,0.0,0.01731,0.0025,2e-05,2e-05
9417,0,3e-05,0.0,0.02148,0.0,2e-05,2e-05
9418,0,3e-05,0.0,0.00822,0.005,1e-05,1e-05
9419,0,0.00013,0.0,0.04071,0.0025,9e-05,9e-05
9420,0,6e-05,0.0,0.00433,0.0,5e-05,5e-05
9421,0,0.0001,0.0,0.01716,0.0,2e-05,2e-05
9422,0,0.00043,0.0,0.19117,0.0025,0.00035,0.00035
9423,0,0.00013,0.0,0.00265,0.0025,3e-05,3e-05
9424,0,0.0004,0.0,0.00299,0.0,5e-05,5e-05
9425,0,6e-05,0.0,0.00251,0.0,3e-05,3e-05
9426,0,0.00016,0.0,0.03257,0.0,5e-05,5e-05
9427,0,8e-05,0.0,0.39036,0.0,4e-05,4e-05
9428,0,4e-05,0.0,0.00459,0.0,2e-05,2e-05
9429,0,1e-05,0.0,0.0033,0.0,2e-05,2e-05
9430,0,1e-05,0.0,0.00813,0.0,2e-05,2e-05
9431,0,2e-05,0.0,0.0037,0.0,2e-05,2e-05
9432,0,0.00045,0.0,0.26915,0.01,0.00011,0.00011
9433,0,3e-05,0.0,0.01056,0.0,2e-05,2e-05
9434,0,0.00037,0.0,0.10689,0.0,4e-05,4e-05
9435,0,4e-05,0.0,0.00732,0.0,4e-05,4e-05
9436,0,9e-05,0.0,0.09037,0.0,4e-05,4e-05
9437,0,6e-05,0.0,0.03132,0.0,2e-05,2e-05
9438,0,2e-05,0.0,0.01789,0.0,1e-05,1e-05
9439,0,0.00013,0.0,0.47453,0.0025,8e-05,8e-05
9440,0,6e-05,0.0,0.06766,0.0025,1e-05,1e-05
9441,0,0.00019,0.0,0.25095,0.0025,2e-05,2e-05
9442,0,5e-05,0.0,0.05068,0.0,1e-05,1e-05
9443,0,0.0001,0.0,0.09581,0.0025,3e-05,3e-05
9444,0,5e-05,0.0,0.18449,0.0025,1e-05,1e-05
9445,0,0.00217,0.0,0.09955,0.035,0.0002,0.0002
9446,0,6e-05,0.0,0.05455,0.0,2e-05,2e-05
9447,0,0.00012,0.0,0.26645,0.0,1e-05,1e-05
9448,0,6e-05,0.0,0.26234,0.0,5e-05,5e-05
9449,0,0.0001,0.0,0.01294,0.0,2e-05,2e-05
9450,0,9e-05,0.0,0.04585,0.0,3e-05,3e-05
9451,0,4e-05,0.0,0.04097,0.0,1e-05,1e-05
9452,0,9e-05,0.0,0.02692,0.0,2e-05,2e-05
9453,0,0.00018,0.0,0.30442,0.0025,3e-05,3e-05
9454,0,0.00125,0.0,0.51749,0.005,0.00045,0.00045
9455,0,6e-05,0.0,0.02545,0.0025,1e-05,1e-05
9456,0,0.00026,0.0,0.07548,0.0,5e-05,5e-05
9457,0,6e-05,0.0,0.02292,0.0,1e-05,1e-05
9458,0,0.00029,0.0,0.01321,0.0,7e-05,7e-05
9459,0,0.00042,0.0,0.08679,0.0,2e-05,2e-05
9460,0,5e-05,0.0,0.04034,0.0,2e-05,2e-05
9461,0,0.0011,0.0,0.13512,0.0,7e-05,7e-05
9462,0,0.00047,0.0,0.15175,0.0,2e-05,2e-05
9463,0,9e-05,0.0,0.05959,0.0,3e-05,3e-05
9464,0,0.0001,0.0,0.03611,0.0,1e-05,1e-05
9465,0,0.00026,0.0,0.23799,0.0,4e-05,4e-05
9466,0,8e-05,0.0,0.10333,0.0,5e-05,5e-05
9467,0,0.00015,0.0,0.19971,0.0,6e-05,6e-05
9468,0,0.00461,0.0,0.04689,0.0125,0.00014,0.00014
9469,0,0.00028,0.0,0.62926,0.0025,4e-05,4e-05
9470,0,0.0001,0.0,0.04977,0.0025,4e-05,4e-05
9471,0,0.00026,0.0,0.14521,0.0,7e-05,7e-05
9472,0,0.0003,0.0,0.0463,0.005,0.00058,0.00058
9473,0,0.00011,0.0,0.35119,0.0025,0.00011,0.00011
9474,0,0.0001,0.0,0.14788,0.0,5e-05,5e-05
9475,0,0.00016,0.0,0.16797,0.0,3e-05,3e-05
9476,0,7e-05,0.0,0.1273,0.0025,4e-05,4e-05
9477,0,0.0001,0.0,0.05721,0.0,2e-05,2e-05
9478,0,8e-05,0.0,0.05585,0.0075,4e-05,4e-05
9479,0,0.00102,0.0,0.12459,0.02,0.00145,0.00145
9480,0,4e-05,0.0,0.07235,0.0,3e-05,3e-05
9481,0,0.00028,0.0,0.2243,0.0,4e-05,4e-05
9482,0,0.00035,0.0,0.64033,0.0025,0.00016,0.00016
9483,0,0.00039,0.0,0.85494,0.0475,0.00045,0.00045
9484,0,4e-05,0.0,0.10781,0.0,5e-05,5e-05
9485,0,0.00016,0.0,0.11675,0.035,0.00011,0.00011
9486,0,0.00018,0.0,0.15592,0.0,3e-05,3e-05
9487,0,0.00023,0.0,0.30018,0.0,0.00022,0.00022
9488,0,0.00134,0.0,0.21769,0.015,4e-05,4e-05
9489,0,0.00121,0.0,0.15022,0.045,0.00066,0.00066
9490,0,0.03564,0.0,0.3431,0.2675,0.02392,0.02392
9491,0,0.04345,0.0,0.36384,0.2875,0.03929,0.03929
9492,0,0.00161,0.0,0.20692,0.02,0.00027,0.00027
9493,0,0.00439,0.0,0.22159,0.195,0.00191,0.00191
9494,1,0.92467,1.0,0.77739,0.955,0.99413,1.0
9495,0,0.00334,0.0,0.29194,0.055,0.00072,0.00072
9496,0,0.02949,0.0,0.48403,0.2525,0.00631,0.00631
9497,0,0.37715,0.0,0.67728,0.4625,0.0836,0.0836
9498,0,0.0009,0.0,0.00651,0.0075,2e-05,2e-05
9499,0,1e-05,0.0,0.00161,0.0,2e-05,2e-05
9500,0,3e-05,0.0,0.00409,0.0,2e-05,2e-05
9501,0,3e-05,0.0,0.00184,0.0,1e-05,1e-05
9502,0,0.00032,0.0,0.04904,0.0,0.0001,0.0001
9503,0,0.00013,0.0,0.03334,0.0,4e-05,4e-05
9504,0,0.00033,0.0,0.00857,0.0,6e-05,6e-05
9505,0,0.00071,0.0,0.03197,0.0225,0.00036,0.00036
9506,0,0.0001,0.0,0.00977,0.0025,0.00031,0.00031
9507,0,3e-05,0.0,0.00425,0.0,1e-05,1e-05
9508,0,8e-05,0.0,0.0069,0.0,4e-05,4e-05
9509,0,7e-05,0.0,0.00395,0.0,2e-05,2e-05
9510,0,6e-05,0.0,0.00618,0.0,1e-05,1e-05
9511,0,4e-05,0.0,0.01128,0.0,1e-05,1e-05
9512,0,0.0001,0.0,0.01348,0.005,5e-05,5e-05
9513,0,0.0001,0.0,0.00592,0.0,5e-05,5e-05
9514,0,2e-05,0.0,0.00301,0.0,1e-05,1e-05
9515,0,0.00123,0.0,0.05027,0.005,0.00019,0.00019
9516,0,0.0001,0.0,0.00265,0.0225,0.00014,0.00014
9517,0,0.00016,0.0,0.32515,0.0,6e-05,6e-05
9518,0,7e-05,0.0,0.01042,0.0,2e-05,2e-05
9519,0,5e-05,0.0,0.01382,0.0,8e-05,8e-05
9520,0,8e-05,0.0,0.00929,0.0,3e-05,3e-05
9521,0,0.00066,0.0,0.11722,0.0025,6e-05,6e-05
9522,0,6e-05,0.0,0.01076,0.0,2e-05,2e-05
9523,0,2e-05,0.0,0.00409,0.0,1e-05,1e-05
9524,0,0.00011,0.0,0.01841,0.0,2e-05,2e-05
9525,0,0.00016,0.0,0.00179,0.0,4e-05,4e-05
9526,0,0.00013,0.0,0.03855,0.0,2e-05,2e-05
9527,0,0.00047,0.0,0.2267,0.005,0.00093,0.00093
9528,0,0.00011,0.0,0.02386,0.0,1e-05,1e-05
9529,0,0.00049,0.0,0.81955,0.0075,6e-05,6e-05
9530,0,0.00029,0.0,0.07631,0.0,8e-05,8e-05
9531,0,0.00011,0.0,0.13858,0.0,3e-05,3e-05
9532,0,0.00016,0.0,0.05609,0.0,4e-05,4e-05
9533,0,0.00016,0.0,0.14671,0.0025,4e-05,4e-05
9534,0,9e-05,0.0,0.00886,0.0,2e-05,2e-05
9535,0,0.00012,0.0,0.07056,0.0,3e-05,3e-05
9536,0,7e-05,0.0,0.00705,0.0,4e-05,4e-05
9537,0,0.00156,0.0,0.01826,0.0025,5e-05,5e-05
9538,0,5e-05,0.0,0.03478,0.0,2e-05,2e-05
9539,0,5e-05,0.0,0.06179,0.0,1e-05,1e-05
9540,0,0.00012,0.0,0.11498,0.0,2e-05,2e-05
9541,0,3e-05,0.0,0.01828,0.0,4e-05,4e-05
9542,0,4e-05,0.0,0.0126,0.0,3e-05,3e-05
9543,0,0.00048,0.0,0.01959,0.0,8e-05,8e-05
9544,0,0.00022,0.0,0.14119,0.0,6e-05,6e-05
9545,0,9e-05,0.0,0.01817,0.0125,4e-05,4e-05
9546,0,0.00011,0.0,0.04626,0.0,2e-05,2e-05
9547,0,7e-05,0.0,0.03836,0.0,3e-05,3e-05
9548,0,3e-05,0.0,0.01987,0.0,2e-05,2e-05
9549,0,5e-05,0.0,0.02978,0.0,2e-05,2e-05
9550,0,4e-05,0.0,0.01699,0.0,2e-05,2e-05
9551,0,0.00013,0.0,0.06665,0.0,2e-05,2e-05
9552,0,0.00016,0.0,0.23408,0.0025,4e-05,4e-05
9553,0,4e-05,0.0,0.0408,0.0,2e-05,2e-05
9554,0,0.00012,0.0,0.06395,0.0,4e-05,4e-05
9555,0,8e-05,0.0,0.11105,0.0025,3e-05,3e-05
9556,0,4e-05,0.0,0.01505,0.0,4e-05,4e-05
9557,0,0.00041,0.0,0.3319,0.0025,0.00014,0.00014
9558,0,7e-05,0.0,0.05565,0.0,4e-05,4e-05
9559,0,6e-05,0.0,0.03108,0.0,1e-05,1e-05
9560,0,0.00013,0.0,0.08531,0.0,5e-05,5e-05
9561,0,0.00029,0.0,0.13652,0.0,5e-05,5e-05
9562,0,0.00062,0.0,0.08107,0.01,0.00156,0.00156
9563,0,0.00013,0.0,0.25478,0.0,3e-05,3e-05
9564,0,7e-05,0.0,0.04275,0.01,0.00017,0.00017
9565,0,0.00015,0.0,0.09327,0.0,9e-05,9e-05
9566,0,0.00028,0.0,0.07464,0.0,6e-05,6e-05
9567,0,0.00018,0.0,0.0865,0.0,0.00018,0.00018
9568,0,0.0001,0.0,0.23159,0.0,0.00018,0.00018
9569,0,0.00015,0.0,0.10516,0.0,7e-05,7e-05
9570,0,0.00134,0.0,0.23108,0.01,0.00096,0.00096
9571,0,0.00132,0.0,0.46033,0.0225,0.00182,0.00182
9572,0,0.00017,0.0,0.12543,0.0,0.0001,0.0001
9573,0,0.00045,0.0,0.30925,0.0025,9e-05,9e-05
9574,0,0.00024,0.0,0.19905,0.005,0.00014,0.00014
9575,0,7e-05,0.0,0.32264,0.0025,6e-05,6e-05
9576,0,0.00112,0.0,0.1032,0.005,4e-05,4e-05
9577,1,0.00419,0.0,0.23539,0.0875,0.00117,0.00117
9578,0,0.00026,0.0,0.04164,0.0075,6e-05,6e-05
9579,0,4e-05,0.0,0.0044,0.0,1e-05,1e-05
9580,0,1e-05,0.0,0.00141,0.0,2e-05,2e-05
9581,0,0.00015,0.0,0.1275,0.0125,0.0007,0.0007
9582,0,4e-05,0.0,0.09278,0.0,4e-05,4e-05
9583,0,6e-05,0.0,0.02381,0.005,6e-05,6e-05
9584,0,0.00057,0.0,0.64814,0.0025,0.00025,0.00025
9585,0,0.00011,0.0,0.00712,0.0,2e-05,2e-05
9586,0,8e-05,0.0,0.0054,0.0,4e-05,4e-05
9587,0,0.0001,0.0,0.24896,0.0,0.00013,0.00013
9588,0,8e-05,0.0,0.00605,0.0,7e-05,7e-05
9589,0,8e-05,0.0,0.00963,0.025,0.0003,0.0003
9590,0,7e-05,0.0,0.01606,0.0,1e-05,1e-05
9591,0,9e-05,0.0,0.14807,0.0025,0.00015,0.00015
9592,0,7e-05,0.0,0.00496,0.0,3e-05,3e-05
9593,0,0.00046,0.0,0.06014,0.0075,0.00011,0.00011
9594,0,0.00069,0.0,0.21866,0.0,4e-05,4e-05
9595,0,6e-05,0.0,0.00295,0.0,4e-05,4e-05
9596,0,0.00054,0.0,0.0647,0.0475,0.0001,0.0001
9597,0,6e-05,0.0,0.0228,0.0,2e-05,2e-05
9598,0,5e-05,0.0,0.00917,0.0,1e-05,1e-05
9599,0,4e-05,0.0,0.01555,0.0,1e-05,1e-05
9600,0,5e-05,0.0,0.00893,0.0,0.00011,0.00011
9601,0,0.00044,0.0,0.01631,0.015,5e-05,5e-05
9602,0,0.00021,0.0,0.03127,0.01,0.00017,0.00017
9603,0,8e-05,0.0,0.00471,0.0,2e-05,2e-05
9604,0,7e-05,0.0,0.00982,0.0,2e-05,2e-05
9605,0,4e-05,0.0,0.00823,0.0,3e-05,3e-05
9606,0,0.0001,0.0,0.01022,0.0,3e-05,3e-05
9607,0,0.00112,0.0,0.05869,0.0025,3e-05,3e-05
9608,0,2e-05,0.0,0.01134,0.0,1e-05,1e-05
9609,0,7e-05,0.0,0.01668,0.0,2e-05,2e-05
9610,0,8e-05,0.0,0.02876,0.0,2e-05,2e-05
9611,0,0.00021,0.0,0.0293,0.0,2e-05,2e-05
9612,0,0.00015,0.0,0.04439,0.0,3e-05,3e-05
9613,0,7e-05,0.0,0.00622,0.0,2e-05,2e-05
9614,1,0.34306,1.0,0.71351,0.78,0.10627,1.0
9615,0,0.00038,0.0,0.04005,0.0025,2e-05,2e-05
9616,0,4e-05,0.0,0.0166,0.0,1e-05,1e-05
9617,0,0.00024,0.0,0.01841,0.0,3e-05,3e-05
9618,0,8e-05,0.0,0.0193,0.0,5e-05,5e-05
9619,0,0.00018,0.0,0.06435,0.0075,4e-05,4e-05
9620,0,0.00025,0.0,0.39583,0.0,5e-05,5e-05
9621,0,0.00019,0.0,0.09063,0.0,5e-05,5e-05
9622,0,4e-05,0.0,0.05891,0.0,9e-05,9e-05
9623,0,0.0002,0.0,0.01984,0.0,0.0001,0.0001
9624,0,0.00042,0.0,0.19285,0.0025,0.0002,0.0002
9625,0,5e-05,0.0,0.01839,0.0,5e-05,5e-05
9626,0,6e-05,0.0,0.08647,0.0,2e-05,2e-05
9627,0,0.00031,0.0,0.68254,0.0025,4e-05,4e-05
9628,0,3e-05,0.0,0.02916,0.0,1e-05,1e-05
9629,0,3e-05,0.0,0.01888,0.0,2e-05,2e-05
9630,0,7e-05,0.0,0.12818,0.0,4e-05,4e-05
9631,0,5e-05,0.0,0.03828,0.0,1e-05,1e-05
9632,0,0.00016,0.0,0.04514,0.0,6e-05,6e-05
9633,0,0.00028,0.0,0.6928,0.005,4e-05,4e-05
9634,0,0.00012,0.0,0.095,0.0,6e-05,6e-05
9635,0,0.00038,0.0,0.41805,0.0,5e-05,5e-05
9636,0,0.00016,0.0,0.05769,0.0,7e-05,7e-05
9637,0,9e-05,0.0,0.11484,0.0,3e-05,3e-05
9638,0,7e-05,0.0,0.10804,0.0,9e-05,9e-05
9639,0,0.00015,0.0,0.15688,0.0025,5e-05,5e-05
9640,0,0.00097,0.0,0.07119,0.055,0.00037,0.00037
9641,0,0.00017,0.0,0.09569,0.0,6e-05,6e-05
9642,0,0.00069,0.0,0.63727,0.02,0.0002,0.0002
9643,0,0.0006,0.0,0.37568,0.0025,5e-05,5e-05
9644,0,0.0001,0.0,0.15198,0.0,4e-05,4e-05
9645,0,0.00014,0.0,0.08534,0.0,3e-05,3e-05
9646,0,0.00045,0.0,0.09524,0.0175,0.00023,0.00023
9647,0,6e-05,0.0,0.0921,0.0,9e-05,9e-05
9648,0,0.00017,0.0,0.31773,0.0025,6e-05,6e-05
9649,0,0.00037,0.0,0.24588,0.005,0.0004,0.0004
9650,0,4e-05,0.0,0.06891,0.0,1e-05,1e-05
9651,0,0.00098,0.0,0.18394,0.005,0.00033,0.00033
9652,0,7e-05,0.0,0.09343,0.0,3e-05,3e-05
9653,0,0.00027,0.0,0.21488,0.0,4e-05,4e-05
9654,1,0.46801,1.0,0.765,0.87,0.98728,1.0
9655,1,0.98653,1.0,0.79677,0.9925,0.99765,1.0
9656,0,0.0008,0.0,0.3491,0.0825,0.00032,0.00032
9657,0,0.00051,0.0,0.12005,0.055,0.00076,0.00076
9658,0,0.00059,0.0,0.22174,0.0175,0.00023,0.00023
9659,0,0.0038,0.0,0.19271,0.0825,0.00161,0.00161
9660,1,0.99453,1.0,0.95748,0.99,0.99992,1.0
9661,0,0.00492,0.0,0.35244,0.3,0.0831,0.0831
9662,0,0.00468,0.0,0.32592,0.065,0.00211,0.00211
9663,0,0.14305,0.0,0.12919,0.4,0.06233,0.06233
9664,1,0.54251,1.0,0.57326,0.6825,0.90125,1.0
9665,1,0.98405,1.0,0.87671,0.955,0.9999,1.0
9666,0,0.06264,0.0,0.23863,0.275,0.04646,0.04646
9667,0,0.04172,0.0,0.26157,0.2675,0.03203,0.03203
9668,1,0.87466,1.0,0.68815,0.8625,0.99583,1.0
9669,0,0.07807,0.0,0.25302,0.18,0.02042,0.02042
9670,0,0.06149,0.0,0.26709,0.195,0.0782,0.0782
9671,0,0.04469,0.0,0.27213,0.105,0.0077,0.0077
9672,0,0.10905,0.0,0.54037,0.21,0.07247,0.07247
9673,0,1e-05,0.0,0.00059,0.0,1e-05,1e-05
9674,0,4e-05,0.0,0.00166,0.0,2e-05,2e-05
9675,0,2e-05,0.0,0.00114,0.0,4e-05,4e-05
9676,0,0.0001,0.0,0.3466,0.0025,5e-05,5e-05
9677,0,1e-05,0.0,0.00229,0.0,2e-05,2e-05
9678,0,0.0001,0.0,0.00563,0.0,3e-05,3e-05
9679,0,0.00029,0.0,0.00109,0.005,2e-05,2e-05
9680,0,6e-05,0.0,0.00305,0.0,3e-05,3e-05
9681,0,0.00023,0.0,0.00371,0.0025,0.0002,0.0002
9682,0,0.0003,0.0,0.01781,0.005,5e-05,5e-05
9683,0,0.0002,0.0,0.05046,0.0,0.00013,0.00013
9684,0,0.00017,0.0,0.28086,0.0,0.00013,0.00013
9685,0,0.00105,0.0,0.09826,0.0275,0.00014,0.00014
9686,0,0.00013,0.0,0.0758,0.005,0.00051,0.00051
9687,0,9e-05,0.0,0.01521,0.0,5e-05,5e-05
9688,0,2e-05,0.0,0.00253,0.0,1e-05,1e-05
9689,0,0.00024,0.0,0.04861,0.0,8e-05,8e-05
9690,0,0.0025,0.0,0.50565,0.025,0.00011,0.00011
9691,0,4e-05,0.0,0.00392,0.0,9e-05,9e-05
9692,0,2e-05,0.0,0.00464,0.0,1e-05,1e-05
9693,0,5e-05,0.0,0.00324,0.0,2e-05,2e-05
9694,0,0.00031,0.0,0.00374,0.0,0.00013,0.00013
9695,0,6e-05,0.0,0.00671,0.0,5e-05,5e-05
9696,0,6e-05,0.0,0.0065,0.0,5e-05,5e-05
9697,0,0.00018,0.0,0.02345,0.0,6e-05,6e-05
9698,0,0.00044,0.0,0.04261,0.005,0.00024,0.00024
9699,0,0.0007,0.0,0.00497,0.0225,0.00016,0.00016
9700,0,0.00014,0.0,0.01016,0.0,5e-05,5e-05
9701,0,0.0001,0.0,0.29654,0.0,8e-05,8e-05
9702,0,0.0001,0.0,0.03172,0.0,3e-05,3e-05
9703,0,8e-05,0.0,0.00729,0.0,3e-05,3e-05
9704,0,0.00037,0.0,0.05377,0.01,5e-05,5e-05
9705,0,4e-05,0.0,0.01772,0.0,1e-05,1e-05
9706,0,0.00011,0.0,0.02952,0.0,2e-05,2e-05
9707,0,5e-05,0.0,0.00619,0.0,1e-05,1e-05
9708,0,0.00012,0.0,0.00992,0.0,3e-05,3e-05
9709,0,0.00022,0.0,0.00816,0.0,0.00011,0.00011
9710,0,0.00012,0.0,0.01138,0.0025,2e-05,2e-05
9711,0,0.00208,0.0,0.78479,0.03,7e-05,7e-05
9712,0,7e-05,0.0,0.03586,0.0,2e-05,2e-05
9713,0,0.00033,0.0,0.08377,0.0,4e-05,4e-05
9714,0,0.00014,0.0,0.06378,0.0,4e-05,4e-05
9715,0,0.00034,0.0,0.03401,0.0,8e-05,8e-05
9716,0,0.00038,0.0,0.49718,0.005,0.0002,0.0002
9717,0,0.0004,0.0,0.06504,0.04,0.0001,0.0001
9718,0,0.0001,0.0,0.07267,0.0,3e-05,3e-05
9719,0,0.00013,0.0,0.0348,0.0,0.00012,0.00012
9720,0,0.00076,0.0,0.70214,0.0175,0.00033,0.00033
9721,0,0.00028,0.0,0.44889,0.01,5e-05,5e-05
9722,0,0.00019,0.0,0.05738,0.0,5e-05,5e-05
9723,0,0.00059,0.0,0.03651,0.0,0.00022,0.00022
9724,0,9e-05,0.0,0.03195,0.0,4e-05,4e-05
9725,0,0.00043,0.0,0.14532,0.005,0.00019,0.00019
9726,0,0.00012,0.0,0.0202,0.0,5e-05,5e-05
9727,0,0.00015,0.0,0.04828,0.005,9e-05,9e-05
9728,0,0.00018,0.0,0.08675,0.0,3e-05,3e-05
9729,0,0.00012,0.0,0.04549,0.0,4e-05,4e-05
9730,0,0.52141,0.0,0.03771,0.185,0.00542,0.00542
9731,0,0.00012,0.0,0.0481,0.0,3e-05,3e-05
9732,0,0.00026,0.0,0.33751,0.0,4e-05,4e-05
9733,0,0.00426,0.0,0.57995,0.0125,0.00032,0.00032
9734,0,0.00028,0.0,0.09455,0.0025,2e-05,2e-05
9735,0,4e-05,0.0,0.08697,0.0,3e-05,3e-05
9736,0,0.00019,0.0,0.25006,0.0025,0.00013,0.00013
9737,0,0.00013,0.0,0.72375,0.0025,2e-05,2e-05
9738,0,0.00032,0.0,0.06994,0.025,0.00024,0.00024
9739,0,0.00017,0.0,0.11327,0.0,2e-05,2e-05
9740,0,0.0001,0.0,0.13906,0.0,2e-05,2e-05
9741,0,4e-05,0.0,0.04605,0.0,5e-05,5e-05
9742,0,0.0001,0.0,0.16294,0.0,4e-05,4e-05
9743,0,3e-05,0.0,0.063,0.0,3e-05,3e-05
9744,0,0.00012,0.0,0.12372,0.0075,0.0001,0.0001
9745,0,0.0001,0.0,0.08691,0.0,0.00014,0.00014
9746,0,9e-05,0.0,0.082,0.0025,4e-05,4e-05
9747,0,0.00039,0.0,0.29765,0.0025,0.00045,0.00045
9748,0,0.00042,0.0,0.26657,0.0,5e-05,5e-05
9749,0,0.00026,0.0,0.14365,0.005,4e-05,4e-05
9750,0,8e-05,0.0,0.16899,0.01,4e-05,4e-05
9751,0,8e-05,0.0,0.08219,0.0,7e-05,7e-05
9752,0,0.03038,0.0,0.10277,0.0625,0.00666,0.00666
9753,0,0.00074,0.0,0.10903,0.0175,5e-05,5e-05
9754,0,0.00169,0.0,0.121,0.0125,9e-05,9e-05
9755,0,0.00539,0.0,0.08517,0.0425,0.01055,0.01055
9756,0,0.00088,0.0,0.09629,0.145,0.00051,0.00051
9757,0,0.00259,0.0,0.16212,0.1675,0.00083,0.00083
9758,0,0.0063,0.0,0.13308,0.0975,0.00333,0.00333
9759,1,0.01334,0.0,0.94515,0.1225,0.00066,0.00066
9760,0,4e-05,0.0,0.0022,0.0,2e-05,2e-05
9761,0,3e-05,0.0,0.01034,0.0,3e-05,3e-05
9762,0,4e-05,0.0,0.00071,0.0,0.00015,0.00015
9763,0,4e-05,0.0,0.00226,0.0025,0.00014,0.00014
9764,0,3e-05,0.0,0.00097,0.0,2e-05,2e-05
9765,1,0.21265,1.0,0.91054,0.89,0.7818,1.0
9766,0,3e-05,0.0,0.00611,0.0,3e-05,3e-05
9767,0,4e-05,0.0,0.01038,0.0025,3e-05,3e-05
9768,0,8e-05,0.0,0.00306,0.0,5e-05,5e-05
9769,0,4e-05,0.0,0.00321,0.0,8e-05,8e-05
9770,0,0.00035,0.0,0.06782,0.005,0.00087,0.00087
9771,0,2e-05,0.0,0.00143,0.0,3e-05,3e-05
9772,0,0.00028,0.0,0.06254,0.005,0.00026,0.00026
9773,0,4e-05,0.0,0.00456,0.0,2e-05,2e-05
9774,0,9e-05,0.0,0.00696,0.0,3e-05,3e-05
9775,0,0.0001,0.0,0.01433,0.005,5e-05,5e-05
9776,0,0.00027,0.0,0.00191,0.0025,6e-05,6e-05
9777,0,0.00035,0.0,0.15543,0.0,0.00012,0.00012
9778,0,0.00052,0.0,0.38572,0.0075,0.00023,0.00023
9779,0,9e-05,0.0,0.28238,0.0,2e-05,2e-05
9780,0,4e-05,0.0,0.00926,0.0,4e-05,4e-05
9781,0,0.00016,0.0,0.03436,0.0,0.0001,0.0001
9782,0,0.00017,0.0,0.02755,0.005,0.00014,0.00014
9783,0,0.00019,0.0,0.07373,0.0,2e-05,2e-05
9784,0,9e-05,0.0,0.02012,0.0,5e-05,5e-05
9785,0,0.0003,0.0,0.06617,0.005,1e-05,1e-05
9786,0,6e-05,0.0,0.0053,0.0,6e-05,6e-05
9787,0,0.00012,0.0,0.00574,0.0025,0.00021,0.00021
9788,0,0.00016,0.0,0.11417,0.0025,5e-05,5e-05
9789,0,8e-05,0.0,0.0169,0.0,5e-05,5e-05
9790,0,0.00043,0.0,0.00913,0.0025,0.00019,0.00019
9791,0,0.00013,0.0,0.05618,0.0,8e-05,8e-05
9792,0,5e-05,0.0,0.01751,0.0,2e-05,2e-05
9793,0,4e-05,0.0,0.01455,0.0,1e-05,1e-05
9794,0,0.00022,0.0,0.07609,0.0,4e-05,4e-05
9795,0,5e-05,0.0,0.02352,0.0,3e-05,3e-05
9796,0,9e-05,0.0,0.01986,0.0,2e-05,2e-05
9797,0,2e-05,0.0,0.01218,0.0025,1e-05,1e-05
9798,0,7e-05,0.0,0.01614,0.0,4e-05,4e-05
9799,0,0.00034,0.0,0.10491,0.0,3e-05,3e-05
9800,0,0.0001,0.0,0.02359,0.0,2e-05,2e-05
9801,0,0.00032,0.0,0.16512,0.0,3e-05,3e-05
9802,0,0.00012,0.0,0.08224,0.0,2e-05,2e-05
9803,0,6e-05,0.0,0.07849,0.0,6e-05,6e-05
9804,0,9e-05,0.0,0.03768,0.005,4e-05,4e-05
9805,0,9e-05,0.0,0.13276,0.0,1e-05,1e-05
9806,0,0.00052,0.0,0.0327,0.0125,0.00011,0.00011
9807,0,0.01243,0.0,0.65885,0.425,0.27158,0.27158
9808,0,0.00033,0.0,0.52151,0.0025,1e-05,1e-05
9809,0,4e-05,0.0,0.13394,0.0,4e-05,4e-05
9810,0,4e-05,0.0,0.41541,0.0075,3e-05,3e-05
9811,0,6e-05,0.0,0.11185,0.0,1e-05,1e-05
9812,0,8e-05,0.0,0.05922,0.0,2e-05,2e-05
9813,0,0.00019,0.0,0.20044,0.0,1e-05,1e-05
9814,0,9e-05,0.0,0.51878,0.0,1e-05,1e-05
9815,0,8e-05,0.0,0.12312,0.0,3e-05,3e-05
9816,0,8e-05,0.0,0.07716,0.0,3e-05,3e-05
9817,0,0.00019,0.0,0.05432,0.0025,5e-05,5e-05
9818,0,0.00018,0.0,0.12819,0.0,3e-05,3e-05
9819,0,0.00157,0.0,0.26461,0.0025,0.00018,0.00018
9820,0,0.0003,0.0,0.11143,0.0025,0.00059,0.00059
9821,0,7e-05,0.0,0.07294,0.0,5e-05,5e-05
9822,0,0.00011,0.0,0.11784,0.0,4e-05,4e-05
9823,1,0.96518,1.0,0.86184,0.8975,0.99568,1.0
9824,0,0.00019,0.0,0.19446,0.0,6e-05,6e-05
9825,0,0.00012,0.0,0.15959,0.0,0.0002,0.0002
9826,0,0.00032,0.0,0.14502,0.0075,5e-05,5e-05
9827,0,0.02798,0.0,0.74889,0.0475,0.00041,0.00041
9828,0,0.01681,0.0,0.71618,0.1675,0.0193,0.0193
9829,0,0.03139,0.0,0.58325,0.0775,0.00203,0.00203
9830,0,0.00631,0.0,0.24414,0.1225,0.00403,0.00403
9831,1,0.94654,1.0,0.81577,0.9,0.9852,1.0
9832,0,0.00705,0.0,0.17496,0.0775,0.00123,0.00123
9833,0,0.01823,0.0,0.81103,0.1775,0.00128,0.00128
9834,0,0.04494,0.0,0.48309,0.32,0.01275,0.01275
9835,0,6e-05,0.0,0.00123,0.0,2e-05,2e-05
9836,0,9e-05,0.0,0.00381,0.0,2e-05,2e-05
9837,0,9e-05,0.0,0.10257,0.0,0.0001,0.0001
9838,0,7e-05,0.0,0.06931,0.0,0.0001,0.0001
9839,0,8e-05,0.0,0.0264,0.0,0.0001,0.0001
9840,0,0.00023,0.0,0.03383,0.0025,4e-05,4e-05
9841,0,4e-05,0.0,0.00934,0.0,1e-05,1e-05
9842,0,6e-05,0.0,0.10493,0.0,2e-05,2e-05
9843,0,0.0002,0.0,0.05664,0.0025,6e-05,6e-05
9844,0,6e-05,0.0,0.14186,0.0,4e-05,4e-05
9845,0,1e-05,0.0,0.00352,0.0,1e-05,1e-05
9846,0,0.00016,0.0,0.05915,0.0,7e-05,7e-05
9847,0,0.00032,0.0,0.5785,0.0,1e-05,1e-05
9848,0,0.00018,0.0,0.07111,0.0,8e-05,8e-05
9849,0,4e-05,0.0,0.00972,0.01,4e-05,4e-05
9850,0,0.00663,0.0,0.11614,0.0375,0.00083,0.00083
9851,0,7e-05,0.0,0.00446,0.0,1e-05,1e-05
9852,0,5e-05,0.0,0.00306,0.0025,1e-05,1e-05
9853,0,0.00029,0.0,0.28774,0.0,0.00014,0.00014
9854,0,8e-05,0.0,0.01147,0.0,2e-05,2e-05
9855,0,0.00013,0.0,0.06161,0.015,7e-05,7e-05
9856,0,9e-05,0.0,0.01397,0.0,4e-05,4e-05
9857,0,0.00022,0.0,0.04233,0.0,5e-05,5e-05
9858,0,0.00018,0.0,0.29133,0.0,8e-05,8e-05
9859,0,0.00048,0.0,0.00773,0.0,0.00018,0.00018
9860,0,3e-05,0.0,0.00608,0.0,1e-05,1e-05
9861,0,2e-05,0.0,0.00613,0.0025,5e-05,5e-05
9862,0,0.00011,0.0,0.00643,0.0,0.00014,0.00014
9863,0,0.00463,0.0,0.05442,0.1275,0.01725,0.01725
9864,0,0.0009,0.0,0.37182,0.01,6e-05,6e-05
9865,0,8e-05,0.0,0.0067,0.0,2e-05,2e-05
9866,0,0.42686,0.0,0.5567,0.05,0.06568,0.06568
9867,0,8e-05,0.0,0.01436,0.0,2e-05,2e-05
9868,0,0.00114,0.0,0.09774,0.0,9e-05,9e-05
9869,0,9e-05,0.0,0.01918,0.0,2e-05,2e-05
9870,0,7e-05,0.0,0.01402,0.0,3e-05,3e-05
9871,0,0.0001,0.0,0.01823,0.015,5e-05,5e-05
9872,0,8e-05,0.0,0.02816,0.0,3e-05,3e-05
9873,0,0.00046,0.0,0.3537,0.0,0.00016,0.00016
9874,0,7e-05,0.0,0.02342,0.0,6e-05,6e-05
9875,0,0.00012,0.0,0.06564,0.0,2e-05,2e-05
9876,0,0.00036,0.0,0.23995,0.005,0.00014,0.00014
9877,0,0.00153,0.0,0.24843,0.005,0.00047,0.00047
9878,0,0.00078,0.0,0.67548,0.005,3e-05,3e-05
9879,0,0.00028,0.0,0.84697,0.0,0.0001,0.0001
9880,0,5e-05,0.0,0.03923,0.0,5e-05,5e-05
9881,0,0.00019,0.0,0.02787,0.005,0.00052,0.00052
9882,0,0.0002,0.0,0.06043,0.0,4e-05,4e-05
9883,0,0.00049,0.0,0.06269,0.0,6e-05,6e-05
9884,0,2e-05,0.0,0.02948,0.0,6e-05,6e-05
9885,0,0.00014,0.0,0.04311,0.0025,4e-05,4e-05
9886,0,0.00108,0.0,0.03025,0.0,8e-05,8e-05
9887,0,0.00153,0.0,0.0785,0.0125,0.00078,0.00078
9888,0,0.00058,0.0,0.28808,0.0,3e-05,3e-05
9889,0,0.00012,0.0,0.0384,0.0,2e-05,2e-05
9890,0,5e-05,0.0,0.07743,0.0,3e-05,3e-05
9891,0,5e-05,0.0,0.06927,0.0,1e-05,1e-05
9892,0,0.00025,0.0,0.43585,0.0,7e-05,7e-05
9893,0,0.00016,0.0,0.30585,0.0025,2e-05,2e-05
9894,0,5e-05,0.0,0.78005,0.0,1e-05,1e-05
9895,0,5e-05,0.0,0.09447,0.0,3e-05,3e-05
9896,0,0.00122,0.0,0.66401,0.005,6e-05,6e-05
9897,0,8e-05,0.0,0.08544,0.0,2e-05,2e-05
9898,0,0.00017,0.0,0.5357,0.0,5e-05,5e-05
9899,0,0.00044,0.0,0.36616,0.005,4e-05,4e-05
9900,0,0.00022,0.0,0.10729,0.0025,3e-05,3e-05
9901,0,0.00016,0.0,0.16112,0.0,3e-05,3e-05
9902,0,0.00029,0.0,0.42271,0.0075,7e-05,7e-05
9903,0,0.00033,0.0,0.33405,0.01,0.00027,0.00027
9904,0,0.0004,0.0,0.35268,0.0025,0.00013,0.00013
9905,0,0.00099,0.0,0.19183,0.01,4e-05,4e-05
9906,0,0.00072,0.0,0.45466,0.0075,0.0003,0.0003
9907,0,0.00673,0.0,0.17195,0.1525,0.00089,0.00089
9908,0,0.00032,0.0,0.27112,0.0175,0.0001,0.0001
9909,0,4e-05,0.0,0.03881,0.005,2e-05,2e-05
9910,0,2e-05,0.0,0.00206,0.0,1e-05,1e-05
9911,0,4e-05,0.0,0.02651,0.0,3e-05,3e-05
9912,0,2e-05,0.0,0.00707,0.0,1e-05,1e-05
9913,0,0.00033,0.0,0.6147,0.0025,0.00015,0.00015
9914,0,3e-05,0.0,0.00284,0.0,3e-05,3e-05
9915,0,6e-05,0.0,0.00302,0.0,3e-05,3e-05
9916,0,8e-05,0.0,0.00218,0.0025,4e-05,4e-05
9917,0,0.00012,0.0,0.00357,0.0,1e-05,1e-05
9918,0,8e-05,0.0,0.00396,0.0,2e-05,2e-05
9919,0,0.00038,0.0,0.45688,0.0,0.00016,0.00016
9920,0,0.00078,0.0,0.69998,0.0,0.0003,0.0003
9921,0,0.00011,0.0,0.02947,0.0075,3e-05,3e-05
9922,0,0.00016,0.0,0.0976,0.0,5e-05,5e-05
9923,0,0.0001,0.0,0.00666,0.0,3e-05,3e-05
9924,0,2e-05,0.0,0.0058,0.0,1e-05,1e-05
9925,0,0.0002,0.0,0.30404,0.0,4e-05,4e-05
9926,0,0.00031,0.0,0.09183,0.0,4e-05,4e-05
9927,0,6e-05,0.0,0.00708,0.0,3e-05,3e-05
9928,0,3e-05,0.0,0.01669,0.0,2e-05,2e-05
9929,0,8e-05,0.0,0.00469,0.005,2e-05,2e-05
9930,0,4e-05,0.0,0.01596,0.0,2e-05,2e-05
9931,0,0.00013,0.0,0.09541,0.0,7e-05,7e-05
9932,0,0.00021,0.0,0.12483,0.0,3e-05,3e-05
9933,0,0.00011,0.0,0.01075,0.02,3e-05,3e-05
9934,0,3e-05,0.0,0.01481,0.0,1e-05,1e-05
9935,0,4e-05,0.0,0.08224,0.0,2e-05,2e-05
9936,0,0.0003,0.0,0.17312,0.0025,2e-05,2e-05
9937,0,0.00022,0.0,0.00856,0.0,1e-05,1e-05
9938,0,6e-05,0.0,0.10271,0.0,4e-05,4e-05
9939,0,0.00011,0.0,0.02654,0.0,2e-05,2e-05
9940,0,0.35655,0.0,0.94079,0.2275,0.96813,0.96813
9941,0,6e-05,0.0,0.01608,0.0,3e-05,3e-05
9942,0,0.00017,0.0,0.17451,0.0,4e-05,4e-05
9943,0,0.00024,0.0,0.45049,0.0,8e-05,8e-05
9944,0,0.0003,0.0,0.01943,0.0,3e-05,3e-05
9945,0,0.00035,0.0,0.32871,0.0025,5e-05,5e-05
9946,0,0.00023,0.0,0.05716,0.0,4e-05,4e-05
9947,0,0.00013,0.0,0.11723,0.0,1e-05,1e-05
9948,0,8e-05,0.0,0.04317,0.0,6e-05,6e-05
9949,0,0.0004,0.0,0.04903,0.0,3e-05,3e-05
9950,0,0.00022,0.0,0.46661,0.0,2e-05,2e-05
9951,0,0.00023,0.0,0.58117,0.0,4e-05,4e-05
9952,0,0.00223,0.0,0.8633,0.015,0.00018,0.00018
9953,0,0.00021,0.0,0.31221,0.0,9e-05,9e-05
9954,0,8e-05,0.0,0.06451,0.0,2e-05,2e-05
9955,0,9e-05,0.0,0.13308,0.0025,1e-05,1e-05
9956,0,0.00021,0.0,0.097,0.0,4e-05,4e-05
9957,0,9e-05,0.0,0.05731,0.0,2e-05,2e-05
9958,0,5e-05,0.0,0.07349,0.0,2e-05,2e-05
9959,0,0.00022,0.0,0.07204,0.0,0.00014,0.00014
9960,0,0.00013,0.0,0.51087,0.0,4e-05,4e-05
9961,0,7e-05,0.0,0.1053,0.0,3e-05,3e-05
9962,0,0.0002,0.0,0.71918,0.0075,4e-05,4e-05
9963,0,0.00024,0.0,0.47496,0.0,3e-05,3e-05
9964,0,0.00015,0.0,0.22475,0.0025,5e-05,5e-05
9965,0,0.00289,0.0,0.10837,0.01,0.0003,0.0003
9966,0,0.00316,0.0,0.09994,0.035,0.0006,0.0006
9967,0,9e-05,0.0,0.22276,0.0,3e-05,3e-05
9968,0,7e-05,0.0,0.08127,0.0,6e-05,6e-05
9969,0,7e-05,0.0,0.11741,0.0,3e-05,3e-05
9970,0,0.00029,0.0,0.43251,0.0025,4e-05,4e-05
9971,0,7e-05,0.0,0.14355,0.0225,2e-05,2e-05
9972,0,7e-05,0.0,0.18463,0.0,4e-05,4e-05
9973,0,0.00047,0.0,0.72557,0.0025,3e-05,3e-05
9974,0,0.0001,0.0,0.29938,0.0,5e-05,5e-05
9975,1,0.99203,1.0,0.97396,0.95,0.99971,1.0
9976,0,0.00033,0.0,0.14192,0.0,3e-05,3e-05
9977,0,0.00223,0.0,0.21661,0.0375,0.00184,0.00184
9978,0,0.00015,0.0,0.34806,0.0,5e-05,5e-05
9979,0,0.00024,0.0,0.73646,0.0,5e-05,5e-05
9980,0,0.00192,0.0,0.79301,0.015,0.00023,0.00023
9981,0,0.00023,0.0,0.24765,0.0025,0.00035,0.00035
9982,0,0.00066,0.0,0.66602,0.0,5e-05,5e-05
9983,0,0.00032,0.0,0.40758,0.0025,5e-05,5e-05
9984,0,0.00066,0.0,0.26468,0.0275,0.00164,0.00164
9985,0,0.00044,0.0,0.34241,0.0025,0.00015,0.00015
9986,0,0.00238,0.0,0.23529,0.025,0.00104,0.00104
9987,0,0.00063,0.0,0.31556,0.0025,8e-05,8e-05
9988,0,0.00376,0.0,0.28599,0.105,0.00435,0.00435
9989,0,0.00116,0.0,0.41205,0.04,0.00017,0.00017
9990,0,8e-05,0.0,0.0028,0.0,6e-05,6e-05
9991,0,6e-05,0.0,0.00655,0.0,3e-05,3e-05
9992,0,8e-05,0.0,0.00308,0.0,4e-05,4e-05
9993,0,6e-05,0.0,0.01349,0.0,3e-05,3e-05
9994,0,0.00011,0.0,0.09225,0.0,9e-05,9e-05
9995,0,7e-05,0.0,0.00357,0.0,0.00011,0.00011
9996,0,2e-05,0.0,0.00352,0.0,6e-05,6e-05
9997,0,3e-05,0.0,0.00526,0.0,2e-05,2e-05
9998,0,4e-05,0.0,0.00494,0.0,3e-05,3e-05
9999,0,0.00017,0.0,0.10395,0.005,5e-05,5e-05
10000,0,0.00011,0.0,0.01591,0.0,2e-05,2e-05
